ISO-10303-21;
HEADER;
FILE_DESCRIPTION(('FreeCAD Model'),'2;1');
FILE_NAME('Open CASCADE Shape Model','2026-02-24T11:58:49',(''),(''),
  'Open CASCADE STEP processor 7.9','FreeCAD','Unknown');
FILE_SCHEMA(('AUTOMOTIVE_DESIGN { 1 0 10303 214 1 1 1 1 }'));
ENDSEC;
DATA;
#1 = APPLICATION_PROTOCOL_DEFINITION('international standard',
  'automotive_design',2000,#2);
#2 = APPLICATION_CONTEXT(
  'core data for automotive mechanical design processes');
#3 = SHAPE_DEFINITION_REPRESENTATION(#4,#10);
#4 = PRODUCT_DEFINITION_SHAPE('','',#5);
#5 = PRODUCT_DEFINITION('design','',#6,#9);
#6 = PRODUCT_DEFINITION_FORMATION('','',#7);
#7 = PRODUCT('Jack_3.5mm_PJ320D_Horizontal',
  'Jack_3.5mm_PJ320D_Horizontal','',(#8));
#8 = PRODUCT_CONTEXT('',#2,'mechanical');
#9 = PRODUCT_DEFINITION_CONTEXT('part definition',#2,'design');
#10 = SHAPE_REPRESENTATION('',(#11,#15,#19),#23);
#11 = AXIS2_PLACEMENT_3D('',#12,#13,#14);
#12 = CARTESIAN_POINT('',(0.,0.,0.));
#13 = DIRECTION('',(0.,0.,1.));
#14 = DIRECTION('',(1.,0.,-0.));
#15 = AXIS2_PLACEMENT_3D('',#16,#17,#18);
#16 = CARTESIAN_POINT('',(0.,0.,0.));
#17 = DIRECTION('',(0.,0.,1.));
#18 = DIRECTION('',(1.,0.,0.));
#19 = AXIS2_PLACEMENT_3D('',#20,#21,#22);
#20 = CARTESIAN_POINT('',(0.,0.,0.));
#21 = DIRECTION('',(0.,0.,1.));
#22 = DIRECTION('',(1.,0.,0.));
#23 = ( GEOMETRIC_REPRESENTATION_CONTEXT(3) 
GLOBAL_UNCERTAINTY_ASSIGNED_CONTEXT((#27)) GLOBAL_UNIT_ASSIGNED_CONTEXT(
(#24,#25,#26)) REPRESENTATION_CONTEXT('Context #1',
  '3D Context with UNIT and UNCERTAINTY') );
#24 = ( LENGTH_UNIT() NAMED_UNIT(*) SI_UNIT(.MILLI.,.METRE.) );
#25 = ( NAMED_UNIT(*) PLANE_ANGLE_UNIT() SI_UNIT($,.RADIAN.) );
#26 = ( NAMED_UNIT(*) SI_UNIT($,.STERADIAN.) SOLID_ANGLE_UNIT() );
#27 = UNCERTAINTY_MEASURE_WITH_UNIT(LENGTH_MEASURE(5.E-06),#24,
  'distance_accuracy_value','confusion accuracy');
#28 = PRODUCT_RELATED_PRODUCT_CATEGORY('part',$,(#7));
#29 = SHAPE_DEFINITION_REPRESENTATION(#30,#36);
#30 = PRODUCT_DEFINITION_SHAPE('','',#31);
#31 = PRODUCT_DEFINITION('design','',#32,#35);
#32 = PRODUCT_DEFINITION_FORMATION('','',#33);
#33 = PRODUCT('Body','Body','',(#34));
#34 = PRODUCT_CONTEXT('',#2,'mechanical');
#35 = PRODUCT_DEFINITION_CONTEXT('part definition',#2,'design');
#36 = ADVANCED_BREP_SHAPE_REPRESENTATION('',(#11,#37),#3370);
#37 = MANIFOLD_SOLID_BREP('',#38);
#38 = CLOSED_SHELL('',(#39,#271,#302,#326,#350,#414,#438,#472,#496,#560,
    #591,#615,#654,#678,#702,#726,#758,#782,#806,#877,#901,#934,#974,
    #998,#1022,#1046,#1072,#1089,#1229,#1254,#1298,#1322,#1339,#1356,
    #1407,#1641,#1841,#1975,#1987,#2012,#2036,#2069,#2095,#2126,#2157,
    #2174,#2200,#2231,#2262,#2293,#2305,#2331,#2358,#2376,#2439,#2463,
    #2487,#2513,#2530,#2593,#2617,#2641,#2667,#2684,#2747,#2771,#2795,
    #2821,#2838,#2860,#2883,#2905,#2922,#2945,#2967,#2984,#3007,#3024,
    #3049,#3074,#3091,#3108,#3120,#3137,#3154,#3166,#3183,#3200,#3212,
    #3232,#3249,#3266,#3283,#3302,#3327,#3352,#3361));
#39 = ADVANCED_FACE('',(#40),#266,.T.);
#40 = FACE_BOUND('',#41,.T.);
#41 = EDGE_LOOP('',(#42,#52,#60,#68,#76,#84,#92,#100,#108,#116,#124,#132
    ,#140,#148,#156,#164,#172,#180,#188,#196,#204,#212,#220,#228,#236,
    #244,#252,#260));
#42 = ORIENTED_EDGE('',*,*,#43,.F.);
#43 = EDGE_CURVE('',#44,#46,#48,.T.);
#44 = VERTEX_POINT('',#45);
#45 = CARTESIAN_POINT('',(-5.875,-2.25,3.625000000001));
#46 = VERTEX_POINT('',#47);
#47 = CARTESIAN_POINT('',(-5.875,-2.25,3.6249));
#48 = LINE('',#49,#50);
#49 = CARTESIAN_POINT('',(-5.875,-2.25,3.625000000001));
#50 = VECTOR('',#51,1.);
#51 = DIRECTION('',(0.,0.,-1.));
#52 = ORIENTED_EDGE('',*,*,#53,.F.);
#53 = EDGE_CURVE('',#54,#44,#56,.T.);
#54 = VERTEX_POINT('',#55);
#55 = CARTESIAN_POINT('',(-1.174,-2.25,3.625000000001));
#56 = LINE('',#57,#58);
#57 = CARTESIAN_POINT('',(5.625,-2.25,3.625000000001));
#58 = VECTOR('',#59,1.);
#59 = DIRECTION('',(-1.,-0.,-0.));
#60 = ORIENTED_EDGE('',*,*,#61,.F.);
#61 = EDGE_CURVE('',#62,#54,#64,.T.);
#62 = VERTEX_POINT('',#63);
#63 = CARTESIAN_POINT('',(-0.875,-2.25,3.924000000001));
#64 = LINE('',#65,#66);
#65 = CARTESIAN_POINT('',(-1.272152777778,-2.25,3.526847222224));
#66 = VECTOR('',#67,1.);
#67 = DIRECTION('',(-0.707106781187,0.,-0.707106781187));
#68 = ORIENTED_EDGE('',*,*,#69,.F.);
#69 = EDGE_CURVE('',#70,#62,#72,.T.);
#70 = VERTEX_POINT('',#71);
#71 = CARTESIAN_POINT('',(-0.875,-2.25,3.925000000002));
#72 = LINE('',#73,#74);
#73 = CARTESIAN_POINT('',(-0.875,-2.25,3.925000000002));
#74 = VECTOR('',#75,1.);
#75 = DIRECTION('',(0.,0.,-1.));
#76 = ORIENTED_EDGE('',*,*,#77,.F.);
#77 = EDGE_CURVE('',#78,#70,#80,.T.);
#78 = VERTEX_POINT('',#79);
#79 = CARTESIAN_POINT('',(2.625,-2.25,3.925000000002));
#80 = LINE('',#81,#82);
#81 = CARTESIAN_POINT('',(5.625,-2.25,3.925000000002));
#82 = VECTOR('',#83,1.);
#83 = DIRECTION('',(-1.,-0.,-0.));
#84 = ORIENTED_EDGE('',*,*,#85,.T.);
#85 = EDGE_CURVE('',#78,#86,#88,.T.);
#86 = VERTEX_POINT('',#87);
#87 = CARTESIAN_POINT('',(2.625,-2.25,1.5));
#88 = LINE('',#89,#90);
#89 = CARTESIAN_POINT('',(2.625,-2.25,3.702250000001));
#90 = VECTOR('',#91,1.);
#91 = DIRECTION('',(0.,0.,-1.));
#92 = ORIENTED_EDGE('',*,*,#93,.T.);
#93 = EDGE_CURVE('',#86,#94,#96,.T.);
#94 = VERTEX_POINT('',#95);
#95 = CARTESIAN_POINT('',(3.625,-2.25,1.5));
#96 = LINE('',#97,#98);
#97 = CARTESIAN_POINT('',(0.989944444445,-2.25,1.5));
#98 = VECTOR('',#99,1.);
#99 = DIRECTION('',(1.,0.,0.));
#100 = ORIENTED_EDGE('',*,*,#101,.T.);
#101 = EDGE_CURVE('',#94,#102,#104,.T.);
#102 = VERTEX_POINT('',#103);
#103 = CARTESIAN_POINT('',(3.625,-2.25,3.925000000002));
#104 = LINE('',#105,#106);
#105 = CARTESIAN_POINT('',(3.625,-2.25,1.952250000001));
#106 = VECTOR('',#107,1.);
#107 = DIRECTION('',(0.,0.,1.));
#108 = ORIENTED_EDGE('',*,*,#109,.F.);
#109 = EDGE_CURVE('',#110,#102,#112,.T.);
#110 = VERTEX_POINT('',#111);
#111 = CARTESIAN_POINT('',(5.625,-2.25,3.925000000002));
#112 = LINE('',#113,#114);
#113 = CARTESIAN_POINT('',(5.625,-2.25,3.925000000002));
#114 = VECTOR('',#115,1.);
#115 = DIRECTION('',(-1.,-0.,-0.));
#116 = ORIENTED_EDGE('',*,*,#117,.F.);
#117 = EDGE_CURVE('',#118,#110,#120,.T.);
#118 = VERTEX_POINT('',#119);
#119 = CARTESIAN_POINT('',(5.625,-2.25,3.25));
#120 = LINE('',#121,#122);
#121 = CARTESIAN_POINT('',(5.625,-2.25,0.4));
#122 = VECTOR('',#123,1.);
#123 = DIRECTION('',(0.,0.,1.));
#124 = ORIENTED_EDGE('',*,*,#125,.T.);
#125 = EDGE_CURVE('',#118,#126,#128,.T.);
#126 = VERTEX_POINT('',#127);
#127 = CARTESIAN_POINT('',(5.525,-2.25,3.25));
#128 = LINE('',#129,#130);
#129 = CARTESIAN_POINT('',(2.489944444445,-2.25,3.25));
#130 = VECTOR('',#131,1.);
#131 = DIRECTION('',(-1.,0.,0.));
#132 = ORIENTED_EDGE('',*,*,#133,.T.);
#133 = EDGE_CURVE('',#126,#134,#136,.T.);
#134 = VERTEX_POINT('',#135);
#135 = CARTESIAN_POINT('',(5.125,-2.25,3.25));
#136 = LINE('',#137,#138);
#137 = CARTESIAN_POINT('',(2.489944444445,-2.25,3.25));
#138 = VECTOR('',#139,1.);
#139 = DIRECTION('',(-1.,-0.,-0.));
#140 = ORIENTED_EDGE('',*,*,#141,.T.);
#141 = EDGE_CURVE('',#134,#142,#144,.T.);
#142 = VERTEX_POINT('',#143);
#143 = CARTESIAN_POINT('',(5.125,-2.25,1.75));
#144 = LINE('',#145,#146);
#145 = CARTESIAN_POINT('',(5.125,-2.25,3.25));
#146 = VECTOR('',#147,1.);
#147 = DIRECTION('',(0.,0.,-1.));
#148 = ORIENTED_EDGE('',*,*,#149,.F.);
#149 = EDGE_CURVE('',#150,#142,#152,.T.);
#150 = VERTEX_POINT('',#151);
#151 = CARTESIAN_POINT('',(5.525,-2.25,1.75));
#152 = LINE('',#153,#154);
#153 = CARTESIAN_POINT('',(2.439944444445,-2.25,1.75));
#154 = VECTOR('',#155,1.);
#155 = DIRECTION('',(-1.,0.,0.));
#156 = ORIENTED_EDGE('',*,*,#157,.T.);
#157 = EDGE_CURVE('',#150,#158,#160,.T.);
#158 = VERTEX_POINT('',#159);
#159 = CARTESIAN_POINT('',(5.625,-2.25,1.75));
#160 = LINE('',#161,#162);
#161 = CARTESIAN_POINT('',(2.439944444445,-2.25,1.75));
#162 = VECTOR('',#163,1.);
#163 = DIRECTION('',(1.,0.,0.));
#164 = ORIENTED_EDGE('',*,*,#165,.F.);
#165 = EDGE_CURVE('',#166,#158,#168,.T.);
#166 = VERTEX_POINT('',#167);
#167 = CARTESIAN_POINT('',(5.625,-2.25,0.4));
#168 = LINE('',#169,#170);
#169 = CARTESIAN_POINT('',(5.625,-2.25,0.4));
#170 = VECTOR('',#171,1.);
#171 = DIRECTION('',(0.,0.,1.));
#172 = ORIENTED_EDGE('',*,*,#173,.T.);
#173 = EDGE_CURVE('',#166,#174,#176,.T.);
#174 = VERTEX_POINT('',#175);
#175 = CARTESIAN_POINT('',(4.375,-2.25,0.4));
#176 = LINE('',#177,#178);
#177 = CARTESIAN_POINT('',(5.625,-2.25,0.4));
#178 = VECTOR('',#179,1.);
#179 = DIRECTION('',(-1.,-0.,-0.));
#180 = ORIENTED_EDGE('',*,*,#181,.T.);
#181 = EDGE_CURVE('',#174,#182,#184,.T.);
#182 = VERTEX_POINT('',#183);
#183 = CARTESIAN_POINT('',(4.375,-2.25,1.075000000002));
#184 = LINE('',#185,#186);
#185 = CARTESIAN_POINT('',(4.375,-2.25,0.4));
#186 = VECTOR('',#187,1.);
#187 = DIRECTION('',(0.,0.,1.));
#188 = ORIENTED_EDGE('',*,*,#189,.T.);
#189 = EDGE_CURVE('',#182,#190,#192,.T.);
#190 = VERTEX_POINT('',#191);
#191 = CARTESIAN_POINT('',(-0.875,-2.25,1.075000000002));
#192 = LINE('',#193,#194);
#193 = CARTESIAN_POINT('',(5.625,-2.25,1.075000000002));
#194 = VECTOR('',#195,1.);
#195 = DIRECTION('',(-1.,-0.,-0.));
#196 = ORIENTED_EDGE('',*,*,#197,.F.);
#197 = EDGE_CURVE('',#198,#190,#200,.T.);
#198 = VERTEX_POINT('',#199);
#199 = CARTESIAN_POINT('',(-0.875,-2.25,1.076000000001));
#200 = LINE('',#201,#202);
#201 = CARTESIAN_POINT('',(-0.875,-2.25,3.925000000002));
#202 = VECTOR('',#203,1.);
#203 = DIRECTION('',(0.,0.,-1.));
#204 = ORIENTED_EDGE('',*,*,#205,.T.);
#205 = EDGE_CURVE('',#198,#206,#208,.T.);
#206 = VERTEX_POINT('',#207);
#207 = CARTESIAN_POINT('',(-1.174,-2.25,1.375000000001));
#208 = LINE('',#209,#210);
#209 = CARTESIAN_POINT('',(-1.224402777778,-2.25,1.425402777779));
#210 = VECTOR('',#211,1.);
#211 = DIRECTION('',(-0.707106781187,0.,0.707106781187));
#212 = ORIENTED_EDGE('',*,*,#213,.T.);
#213 = EDGE_CURVE('',#206,#214,#216,.T.);
#214 = VERTEX_POINT('',#215);
#215 = CARTESIAN_POINT('',(-5.875,-2.25,1.375000000001));
#216 = LINE('',#217,#218);
#217 = CARTESIAN_POINT('',(5.625,-2.25,1.375000000001));
#218 = VECTOR('',#219,1.);
#219 = DIRECTION('',(-1.,-0.,-0.));
#220 = ORIENTED_EDGE('',*,*,#221,.F.);
#221 = EDGE_CURVE('',#222,#214,#224,.T.);
#222 = VERTEX_POINT('',#223);
#223 = CARTESIAN_POINT('',(-5.875,-2.25,1.375100000002));
#224 = LINE('',#225,#226);
#225 = CARTESIAN_POINT('',(-5.875,-2.25,3.625000000001));
#226 = VECTOR('',#227,1.);
#227 = DIRECTION('',(0.,0.,-1.));
#228 = ORIENTED_EDGE('',*,*,#229,.F.);
#229 = EDGE_CURVE('',#230,#222,#232,.T.);
#230 = VERTEX_POINT('',#231);
#231 = CARTESIAN_POINT('',(-6.2499,-2.25,1.750000000002));
#232 = LINE('',#233,#234);
#233 = CARTESIAN_POINT('',(-4.918602777777,-2.25,0.418702777779));
#234 = VECTOR('',#235,1.);
#235 = DIRECTION('',(0.707106781187,0.,-0.707106781187));
#236 = ORIENTED_EDGE('',*,*,#237,.T.);
#237 = EDGE_CURVE('',#230,#238,#240,.T.);
#238 = VERTEX_POINT('',#239);
#239 = CARTESIAN_POINT('',(-7.725,-2.25,1.750000000002));
#240 = LINE('',#241,#242);
#241 = CARTESIAN_POINT('',(3.675,-2.25,1.750000000002));
#242 = VECTOR('',#243,1.);
#243 = DIRECTION('',(-1.,-0.,-0.));
#244 = ORIENTED_EDGE('',*,*,#245,.T.);
#245 = EDGE_CURVE('',#238,#246,#248,.T.);
#246 = VERTEX_POINT('',#247);
#247 = CARTESIAN_POINT('',(-7.725,-2.25,3.25));
#248 = LINE('',#249,#250);
#249 = CARTESIAN_POINT('',(-7.725,-2.25,2.875));
#250 = VECTOR('',#251,1.);
#251 = DIRECTION('',(0.,0.,1.));
#252 = ORIENTED_EDGE('',*,*,#253,.T.);
#253 = EDGE_CURVE('',#246,#254,#256,.T.);
#254 = VERTEX_POINT('',#255);
#255 = CARTESIAN_POINT('',(-6.2499,-2.25,3.25));
#256 = LINE('',#257,#258);
#257 = CARTESIAN_POINT('',(3.675,-2.25,3.25));
#258 = VECTOR('',#259,1.);
#259 = DIRECTION('',(1.,0.,0.));
#260 = ORIENTED_EDGE('',*,*,#261,.F.);
#261 = EDGE_CURVE('',#46,#254,#262,.T.);
#262 = LINE('',#263,#264);
#263 = CARTESIAN_POINT('',(-4.966352777777,-2.25,4.533547222223));
#264 = VECTOR('',#265,1.);
#265 = DIRECTION('',(-0.707106781187,0.,-0.707106781187));
#266 = PLANE('',#267);
#267 = AXIS2_PLACEMENT_3D('',#268,#269,#270);
#268 = CARTESIAN_POINT('',(-0.64511111111,-2.25,2.404500000001));
#269 = DIRECTION('',(0.,1.,0.));
#270 = DIRECTION('',(0.,0.,1.));
#271 = ADVANCED_FACE('',(#272),#297,.T.);
#272 = FACE_BOUND('',#273,.T.);
#273 = EDGE_LOOP('',(#274,#284,#290,#291));
#274 = ORIENTED_EDGE('',*,*,#275,.T.);
#275 = EDGE_CURVE('',#276,#278,#280,.T.);
#276 = VERTEX_POINT('',#277);
#277 = CARTESIAN_POINT('',(-5.875,-2.,3.6249));
#278 = VERTEX_POINT('',#279);
#279 = CARTESIAN_POINT('',(-5.875,-2.,3.625000000001));
#280 = LINE('',#281,#282);
#281 = CARTESIAN_POINT('',(-5.875,-2.,1.375000000001));
#282 = VECTOR('',#283,1.);
#283 = DIRECTION('',(0.,0.,1.));
#284 = ORIENTED_EDGE('',*,*,#285,.T.);
#285 = EDGE_CURVE('',#278,#44,#286,.T.);
#286 = LINE('',#287,#288);
#287 = CARTESIAN_POINT('',(-5.875,-2.,3.625000000001));
#288 = VECTOR('',#289,1.);
#289 = DIRECTION('',(0.,-1.,0.));
#290 = ORIENTED_EDGE('',*,*,#43,.T.);
#291 = ORIENTED_EDGE('',*,*,#292,.F.);
#292 = EDGE_CURVE('',#276,#46,#293,.T.);
#293 = LINE('',#294,#295);
#294 = CARTESIAN_POINT('',(-5.875,-2.,3.6249));
#295 = VECTOR('',#296,1.);
#296 = DIRECTION('',(0.,-1.,2.8185E-13));
#297 = PLANE('',#298);
#298 = AXIS2_PLACEMENT_3D('',#299,#300,#301);
#299 = CARTESIAN_POINT('',(-5.875,-2.125,2.500000000001));
#300 = DIRECTION('',(1.,0.,0.));
#301 = DIRECTION('',(0.,0.,1.));
#302 = ADVANCED_FACE('',(#303),#321,.T.);
#303 = FACE_BOUND('',#304,.T.);
#304 = EDGE_LOOP('',(#305,#313,#314,#315));
#305 = ORIENTED_EDGE('',*,*,#306,.F.);
#306 = EDGE_CURVE('',#276,#307,#309,.T.);
#307 = VERTEX_POINT('',#308);
#308 = CARTESIAN_POINT('',(-6.2499,-2.,3.25));
#309 = LINE('',#310,#311);
#310 = CARTESIAN_POINT('',(-4.540575,-2.,4.959325));
#311 = VECTOR('',#312,1.);
#312 = DIRECTION('',(-0.707106781187,2.E-16,-0.707106781187));
#313 = ORIENTED_EDGE('',*,*,#292,.T.);
#314 = ORIENTED_EDGE('',*,*,#261,.T.);
#315 = ORIENTED_EDGE('',*,*,#316,.F.);
#316 = EDGE_CURVE('',#307,#254,#317,.T.);
#317 = LINE('',#318,#319);
#318 = CARTESIAN_POINT('',(-6.2499,-2.,3.25));
#319 = VECTOR('',#320,1.);
#320 = DIRECTION('',(0.,-1.,2.8185E-13));
#321 = PLANE('',#322);
#322 = AXIS2_PLACEMENT_3D('',#323,#324,#325);
#323 = CARTESIAN_POINT('',(-6.06245,-2.,3.43745));
#324 = DIRECTION('',(0.707106781187,-1.9927E-13,-0.707106781187));
#325 = DIRECTION('',(1.983171295736E-17,-1.,2.81830168287E-13));
#326 = ADVANCED_FACE('',(#327),#345,.F.);
#327 = FACE_BOUND('',#328,.F.);
#328 = EDGE_LOOP('',(#329,#330,#338,#344));
#329 = ORIENTED_EDGE('',*,*,#53,.F.);
#330 = ORIENTED_EDGE('',*,*,#331,.T.);
#331 = EDGE_CURVE('',#54,#332,#334,.T.);
#332 = VERTEX_POINT('',#333);
#333 = CARTESIAN_POINT('',(-1.174,-2.,3.625000000001));
#334 = LINE('',#335,#336);
#335 = CARTESIAN_POINT('',(-1.174,-2.25,3.625000000001));
#336 = VECTOR('',#337,1.);
#337 = DIRECTION('',(0.,1.,0.));
#338 = ORIENTED_EDGE('',*,*,#339,.T.);
#339 = EDGE_CURVE('',#332,#278,#340,.T.);
#340 = LINE('',#341,#342);
#341 = CARTESIAN_POINT('',(5.625,-2.,3.625000000001));
#342 = VECTOR('',#343,1.);
#343 = DIRECTION('',(-1.,-0.,-0.));
#344 = ORIENTED_EDGE('',*,*,#285,.T.);
#345 = PLANE('',#346);
#346 = AXIS2_PLACEMENT_3D('',#347,#348,#349);
#347 = CARTESIAN_POINT('',(5.625,-2.,3.625000000001));
#348 = DIRECTION('',(0.,0.,1.));
#349 = DIRECTION('',(0.,-1.,0.));
#350 = ADVANCED_FACE('',(#351),#409,.T.);
#351 = FACE_BOUND('',#352,.T.);
#352 = EDGE_LOOP('',(#353,#354,#362,#370,#378,#386,#394,#402,#408));
#353 = ORIENTED_EDGE('',*,*,#253,.F.);
#354 = ORIENTED_EDGE('',*,*,#355,.T.);
#355 = EDGE_CURVE('',#246,#356,#358,.T.);
#356 = VERTEX_POINT('',#357);
#357 = CARTESIAN_POINT('',(-7.725,-1.636306817195,3.25));
#358 = LINE('',#359,#360);
#359 = CARTESIAN_POINT('',(-7.725,-0.678232998315,3.25));
#360 = VECTOR('',#361,1.);
#361 = DIRECTION('',(0.,1.,0.));
#362 = ORIENTED_EDGE('',*,*,#363,.T.);
#363 = EDGE_CURVE('',#356,#364,#366,.T.);
#364 = VERTEX_POINT('',#365);
#365 = CARTESIAN_POINT('',(3.675,-1.636306817195,3.25));
#366 = LINE('',#367,#368);
#367 = CARTESIAN_POINT('',(-6.475,-1.636306817195,3.25));
#368 = VECTOR('',#369,1.);
#369 = DIRECTION('',(1.,0.,0.));
#370 = ORIENTED_EDGE('',*,*,#371,.F.);
#371 = EDGE_CURVE('',#372,#364,#374,.T.);
#372 = VERTEX_POINT('',#373);
#373 = CARTESIAN_POINT('',(3.675,-1.356465996628,3.249999999999));
#374 = LINE('',#375,#376);
#375 = CARTESIAN_POINT('',(3.675,-1.356465996629,3.25));
#376 = VECTOR('',#377,1.);
#377 = DIRECTION('',(0.,-1.,0.));
#378 = ORIENTED_EDGE('',*,*,#379,.T.);
#379 = EDGE_CURVE('',#372,#380,#382,.T.);
#380 = VERTEX_POINT('',#381);
#381 = CARTESIAN_POINT('',(5.625,-1.356465996628,3.249999999999));
#382 = LINE('',#383,#384);
#383 = CARTESIAN_POINT('',(3.675,-1.356465996628,3.249999999999));
#384 = VECTOR('',#385,1.);
#385 = DIRECTION('',(1.,0.,0.));
#386 = ORIENTED_EDGE('',*,*,#387,.T.);
#387 = EDGE_CURVE('',#380,#388,#390,.T.);
#388 = VERTEX_POINT('',#389);
#389 = CARTESIAN_POINT('',(5.625,-2.,3.25));
#390 = LINE('',#391,#392);
#391 = CARTESIAN_POINT('',(5.625,-2.203232998315,3.25));
#392 = VECTOR('',#393,1.);
#393 = DIRECTION('',(-1.5E-16,-1.,-0.));
#394 = ORIENTED_EDGE('',*,*,#395,.F.);
#395 = EDGE_CURVE('',#396,#388,#398,.T.);
#396 = VERTEX_POINT('',#397);
#397 = CARTESIAN_POINT('',(-5.875,-2.,3.25));
#398 = LINE('',#399,#400);
#399 = CARTESIAN_POINT('',(2.343493571429,-2.,3.25));
#400 = VECTOR('',#401,1.);
#401 = DIRECTION('',(1.,0.,-8.72E-15));
#402 = ORIENTED_EDGE('',*,*,#403,.T.);
#403 = EDGE_CURVE('',#396,#307,#404,.T.);
#404 = LINE('',#405,#406);
#405 = CARTESIAN_POINT('',(-0.500705607216,-2.,3.25));
#406 = VECTOR('',#407,1.);
#407 = DIRECTION('',(-1.,-0.,8.72E-15));
#408 = ORIENTED_EDGE('',*,*,#316,.T.);
#409 = PLANE('',#410);
#410 = AXIS2_PLACEMENT_3D('',#411,#412,#413);
#411 = CARTESIAN_POINT('',(-0.938012857142,-1.915220141172,3.25));
#412 = DIRECTION('',(-8.72E-15,-2.8185E-13,-1.));
#413 = DIRECTION('',(0.,-1.,2.8185E-13));
#414 = ADVANCED_FACE('',(#415),#433,.F.);
#415 = FACE_BOUND('',#416,.F.);
#416 = EDGE_LOOP('',(#417,#418,#426,#432));
#417 = ORIENTED_EDGE('',*,*,#61,.F.);
#418 = ORIENTED_EDGE('',*,*,#419,.T.);
#419 = EDGE_CURVE('',#62,#420,#422,.T.);
#420 = VERTEX_POINT('',#421);
#421 = CARTESIAN_POINT('',(-0.875,-2.,3.924000000001));
#422 = LINE('',#423,#424);
#423 = CARTESIAN_POINT('',(-0.875,-2.25,3.924000000001));
#424 = VECTOR('',#425,1.);
#425 = DIRECTION('',(0.,1.,0.));
#426 = ORIENTED_EDGE('',*,*,#427,.T.);
#427 = EDGE_CURVE('',#420,#332,#428,.T.);
#428 = LINE('',#429,#430);
#429 = CARTESIAN_POINT('',(-0.846375,-2.,3.952625000001));
#430 = VECTOR('',#431,1.);
#431 = DIRECTION('',(-0.707106781187,2.E-16,-0.707106781187));
#432 = ORIENTED_EDGE('',*,*,#331,.F.);
#433 = PLANE('',#434);
#434 = AXIS2_PLACEMENT_3D('',#435,#436,#437);
#435 = CARTESIAN_POINT('',(-1.0245,-2.25,3.774500000001));
#436 = DIRECTION('',(-0.707106781187,0.,0.707106781187));
#437 = DIRECTION('',(0.,1.,0.));
#438 = ADVANCED_FACE('',(#439),#467,.T.);
#439 = FACE_BOUND('',#440,.T.);
#440 = EDGE_LOOP('',(#441,#449,#458,#465,#466));
#441 = ORIENTED_EDGE('',*,*,#442,.F.);
#442 = EDGE_CURVE('',#443,#238,#445,.T.);
#443 = VERTEX_POINT('',#444);
#444 = CARTESIAN_POINT('',(-7.725,-1.636306817196,1.750000000002));
#445 = LINE('',#446,#447);
#446 = CARTESIAN_POINT('',(-7.725,-1.125,1.750000000002));
#447 = VECTOR('',#448,1.);
#448 = DIRECTION('',(0.,-1.,0.));
#449 = ORIENTED_EDGE('',*,*,#450,.F.);
#450 = EDGE_CURVE('',#451,#443,#453,.T.);
#451 = VERTEX_POINT('',#452);
#452 = CARTESIAN_POINT('',(-7.725,-1.8,2.5));
#453 = CIRCLE('',#454,1.8);
#454 = AXIS2_PLACEMENT_3D('',#455,#456,#457);
#455 = CARTESIAN_POINT('',(-7.725,0.,2.5));
#456 = DIRECTION('',(1.,0.,0.));
#457 = DIRECTION('',(0.,-1.,0.));
#458 = ORIENTED_EDGE('',*,*,#459,.F.);
#459 = EDGE_CURVE('',#356,#451,#460,.T.);
#460 = CIRCLE('',#461,1.8);
#461 = AXIS2_PLACEMENT_3D('',#462,#463,#464);
#462 = CARTESIAN_POINT('',(-7.725,0.,2.5));
#463 = DIRECTION('',(1.,0.,0.));
#464 = DIRECTION('',(0.,-1.,0.));
#465 = ORIENTED_EDGE('',*,*,#355,.F.);
#466 = ORIENTED_EDGE('',*,*,#245,.F.);
#467 = PLANE('',#468);
#468 = AXIS2_PLACEMENT_3D('',#469,#470,#471);
#469 = CARTESIAN_POINT('',(-7.725,0.,2.5));
#470 = DIRECTION('',(1.,0.,0.));
#471 = DIRECTION('',(0.,0.,1.));
#472 = ADVANCED_FACE('',(#473),#491,.T.);
#473 = FACE_BOUND('',#474,.T.);
#474 = EDGE_LOOP('',(#475,#483,#489,#490));
#475 = ORIENTED_EDGE('',*,*,#476,.T.);
#476 = EDGE_CURVE('',#420,#477,#479,.T.);
#477 = VERTEX_POINT('',#478);
#478 = CARTESIAN_POINT('',(-0.875,-2.,3.925000000002));
#479 = LINE('',#480,#481);
#480 = CARTESIAN_POINT('',(-0.875,-2.,1.075000000002));
#481 = VECTOR('',#482,1.);
#482 = DIRECTION('',(0.,0.,1.));
#483 = ORIENTED_EDGE('',*,*,#484,.T.);
#484 = EDGE_CURVE('',#477,#70,#485,.T.);
#485 = LINE('',#486,#487);
#486 = CARTESIAN_POINT('',(-0.875,-2.,3.925000000002));
#487 = VECTOR('',#488,1.);
#488 = DIRECTION('',(0.,-1.,0.));
#489 = ORIENTED_EDGE('',*,*,#69,.T.);
#490 = ORIENTED_EDGE('',*,*,#419,.T.);
#491 = PLANE('',#492);
#492 = AXIS2_PLACEMENT_3D('',#493,#494,#495);
#493 = CARTESIAN_POINT('',(-0.875,-2.125,2.500000000002));
#494 = DIRECTION('',(1.,0.,0.));
#495 = DIRECTION('',(0.,0.,1.));
#496 = ADVANCED_FACE('',(#497),#555,.T.);
#497 = FACE_BOUND('',#498,.T.);
#498 = EDGE_LOOP('',(#499,#500,#508,#516,#524,#532,#540,#548,#554));
#499 = ORIENTED_EDGE('',*,*,#237,.F.);
#500 = ORIENTED_EDGE('',*,*,#501,.T.);
#501 = EDGE_CURVE('',#230,#502,#504,.T.);
#502 = VERTEX_POINT('',#503);
#503 = CARTESIAN_POINT('',(-6.2499,-2.,1.750000000002));
#504 = LINE('',#505,#506);
#505 = CARTESIAN_POINT('',(-6.2499,-2.25,1.750000000002));
#506 = VECTOR('',#507,1.);
#507 = DIRECTION('',(0.,1.,0.));
#508 = ORIENTED_EDGE('',*,*,#509,.F.);
#509 = EDGE_CURVE('',#510,#502,#512,.T.);
#510 = VERTEX_POINT('',#511);
#511 = CARTESIAN_POINT('',(-5.875,-2.,1.750000000002));
#512 = LINE('',#513,#514);
#513 = CARTESIAN_POINT('',(-0.295303598382,-2.,1.750000000002));
#514 = VECTOR('',#515,1.);
#515 = DIRECTION('',(-1.,-0.,-0.));
#516 = ORIENTED_EDGE('',*,*,#517,.F.);
#517 = EDGE_CURVE('',#518,#510,#520,.T.);
#518 = VERTEX_POINT('',#519);
#519 = CARTESIAN_POINT('',(5.625,-2.,1.750000000002));
#520 = LINE('',#521,#522);
#521 = CARTESIAN_POINT('',(2.343493571429,-2.,1.750000000002));
#522 = VECTOR('',#523,1.);
#523 = DIRECTION('',(-1.,0.,0.));
#524 = ORIENTED_EDGE('',*,*,#525,.T.);
#525 = EDGE_CURVE('',#518,#526,#528,.T.);
#526 = VERTEX_POINT('',#527);
#527 = CARTESIAN_POINT('',(5.625,-1.356465996626,1.750000000002));
#528 = LINE('',#529,#530);
#529 = CARTESIAN_POINT('',(5.625,-2.65,1.750000000002));
#530 = VECTOR('',#531,1.);
#531 = DIRECTION('',(1.5E-16,1.,0.));
#532 = ORIENTED_EDGE('',*,*,#533,.F.);
#533 = EDGE_CURVE('',#534,#526,#536,.T.);
#534 = VERTEX_POINT('',#535);
#535 = CARTESIAN_POINT('',(3.675,-1.356465996626,1.750000000002));
#536 = LINE('',#537,#538);
#537 = CARTESIAN_POINT('',(3.675,-1.356465996626,1.750000000002));
#538 = VECTOR('',#539,1.);
#539 = DIRECTION('',(1.,0.,0.));
#540 = ORIENTED_EDGE('',*,*,#541,.F.);
#541 = EDGE_CURVE('',#542,#534,#544,.T.);
#542 = VERTEX_POINT('',#543);
#543 = CARTESIAN_POINT('',(3.675,-1.636306817196,1.750000000002));
#544 = LINE('',#545,#546);
#545 = CARTESIAN_POINT('',(3.675,-2.25,1.750000000002));
#546 = VECTOR('',#547,1.);
#547 = DIRECTION('',(0.,1.,0.));
#548 = ORIENTED_EDGE('',*,*,#549,.F.);
#549 = EDGE_CURVE('',#443,#542,#550,.T.);
#550 = LINE('',#551,#552);
#551 = CARTESIAN_POINT('',(-6.475,-1.636306817196,1.750000000002));
#552 = VECTOR('',#553,1.);
#553 = DIRECTION('',(1.,0.,0.));
#554 = ORIENTED_EDGE('',*,*,#442,.T.);
#555 = PLANE('',#556);
#556 = AXIS2_PLACEMENT_3D('',#557,#558,#559);
#557 = CARTESIAN_POINT('',(-0.938012857141,-1.915220141172,
    1.750000000002));
#558 = DIRECTION('',(0.,0.,1.));
#559 = DIRECTION('',(1.,0.,0.));
#560 = ADVANCED_FACE('',(#561),#586,.F.);
#561 = FACE_BOUND('',#562,.F.);
#562 = EDGE_LOOP('',(#563,#571,#572,#573,#579,#580));
#563 = ORIENTED_EDGE('',*,*,#564,.T.);
#564 = EDGE_CURVE('',#565,#477,#567,.T.);
#565 = VERTEX_POINT('',#566);
#566 = CARTESIAN_POINT('',(5.625,-2.,3.925000000002));
#567 = LINE('',#568,#569);
#568 = CARTESIAN_POINT('',(5.625,-2.,3.925000000002));
#569 = VECTOR('',#570,1.);
#570 = DIRECTION('',(-1.,-0.,-0.));
#571 = ORIENTED_EDGE('',*,*,#484,.T.);
#572 = ORIENTED_EDGE('',*,*,#77,.F.);
#573 = ORIENTED_EDGE('',*,*,#574,.F.);
#574 = EDGE_CURVE('',#102,#78,#575,.T.);
#575 = LINE('',#576,#577);
#576 = CARTESIAN_POINT('',(5.625,-2.25,3.925000000002));
#577 = VECTOR('',#578,1.);
#578 = DIRECTION('',(-1.,-0.,-0.));
#579 = ORIENTED_EDGE('',*,*,#109,.F.);
#580 = ORIENTED_EDGE('',*,*,#581,.F.);
#581 = EDGE_CURVE('',#565,#110,#582,.T.);
#582 = LINE('',#583,#584);
#583 = CARTESIAN_POINT('',(5.625,-2.,3.925000000002));
#584 = VECTOR('',#585,1.);
#585 = DIRECTION('',(0.,-1.,0.));
#586 = PLANE('',#587);
#587 = AXIS2_PLACEMENT_3D('',#588,#589,#590);
#588 = CARTESIAN_POINT('',(5.625,-2.,3.925000000002));
#589 = DIRECTION('',(0.,0.,1.));
#590 = DIRECTION('',(0.,-1.,0.));
#591 = ADVANCED_FACE('',(#592),#610,.T.);
#592 = FACE_BOUND('',#593,.F.);
#593 = EDGE_LOOP('',(#594,#595,#596,#604));
#594 = ORIENTED_EDGE('',*,*,#229,.F.);
#595 = ORIENTED_EDGE('',*,*,#501,.T.);
#596 = ORIENTED_EDGE('',*,*,#597,.T.);
#597 = EDGE_CURVE('',#502,#598,#600,.T.);
#598 = VERTEX_POINT('',#599);
#599 = CARTESIAN_POINT('',(-5.875,-2.,1.375100000002));
#600 = LINE('',#601,#602);
#601 = CARTESIAN_POINT('',(-4.4062,-2.,-9.369999999845E-02));
#602 = VECTOR('',#603,1.);
#603 = DIRECTION('',(0.707106781187,0.,-0.707106781187));
#604 = ORIENTED_EDGE('',*,*,#605,.F.);
#605 = EDGE_CURVE('',#222,#598,#606,.T.);
#606 = LINE('',#607,#608);
#607 = CARTESIAN_POINT('',(-5.875,-2.25,1.375100000002));
#608 = VECTOR('',#609,1.);
#609 = DIRECTION('',(0.,1.,0.));
#610 = PLANE('',#611);
#611 = AXIS2_PLACEMENT_3D('',#612,#613,#614);
#612 = CARTESIAN_POINT('',(-6.06245,-2.25,1.562550000002));
#613 = DIRECTION('',(0.707106781187,0.,0.707106781187));
#614 = DIRECTION('',(0.,-1.,-0.));
#615 = ADVANCED_FACE('',(#616),#649,.F.);
#616 = FACE_BOUND('',#617,.F.);
#617 = EDGE_LOOP('',(#618,#628,#636,#642,#643));
#618 = ORIENTED_EDGE('',*,*,#619,.F.);
#619 = EDGE_CURVE('',#620,#622,#624,.T.);
#620 = VERTEX_POINT('',#621);
#621 = CARTESIAN_POINT('',(2.625,-3.05,5.));
#622 = VERTEX_POINT('',#623);
#623 = CARTESIAN_POINT('',(2.625,-3.05,1.5));
#624 = LINE('',#625,#626);
#625 = CARTESIAN_POINT('',(2.625,-3.05,5.));
#626 = VECTOR('',#627,1.);
#627 = DIRECTION('',(0.,0.,-1.));
#628 = ORIENTED_EDGE('',*,*,#629,.T.);
#629 = EDGE_CURVE('',#620,#630,#632,.T.);
#630 = VERTEX_POINT('',#631);
#631 = CARTESIAN_POINT('',(2.625,-2.25,5.));
#632 = LINE('',#633,#634);
#633 = CARTESIAN_POINT('',(2.625,-3.05,5.));
#634 = VECTOR('',#635,1.);
#635 = DIRECTION('',(0.,1.,-2.2E-16));
#636 = ORIENTED_EDGE('',*,*,#637,.T.);
#637 = EDGE_CURVE('',#630,#78,#638,.T.);
#638 = LINE('',#639,#640);
#639 = CARTESIAN_POINT('',(2.625,-2.25,3.702250000001));
#640 = VECTOR('',#641,1.);
#641 = DIRECTION('',(0.,0.,-1.));
#642 = ORIENTED_EDGE('',*,*,#85,.T.);
#643 = ORIENTED_EDGE('',*,*,#644,.F.);
#644 = EDGE_CURVE('',#622,#86,#645,.T.);
#645 = LINE('',#646,#647);
#646 = CARTESIAN_POINT('',(2.625,-3.05,1.5));
#647 = VECTOR('',#648,1.);
#648 = DIRECTION('',(0.,1.,-2.2E-16));
#649 = PLANE('',#650);
#650 = AXIS2_PLACEMENT_3D('',#651,#652,#653);
#651 = CARTESIAN_POINT('',(2.625,-3.05,5.));
#652 = DIRECTION('',(-1.,0.,0.));
#653 = DIRECTION('',(-0.,-2.2E-16,-1.));
#654 = ADVANCED_FACE('',(#655),#673,.T.);
#655 = FACE_BOUND('',#656,.T.);
#656 = EDGE_LOOP('',(#657,#665,#666,#667));
#657 = ORIENTED_EDGE('',*,*,#658,.T.);
#658 = EDGE_CURVE('',#659,#598,#661,.T.);
#659 = VERTEX_POINT('',#660);
#660 = CARTESIAN_POINT('',(-5.875,-2.,1.375000000001));
#661 = LINE('',#662,#663);
#662 = CARTESIAN_POINT('',(-5.875,-2.,1.375000000001));
#663 = VECTOR('',#664,1.);
#664 = DIRECTION('',(0.,0.,1.));
#665 = ORIENTED_EDGE('',*,*,#605,.F.);
#666 = ORIENTED_EDGE('',*,*,#221,.T.);
#667 = ORIENTED_EDGE('',*,*,#668,.T.);
#668 = EDGE_CURVE('',#214,#659,#669,.T.);
#669 = LINE('',#670,#671);
#670 = CARTESIAN_POINT('',(-5.875,-2.25,1.375000000001));
#671 = VECTOR('',#672,1.);
#672 = DIRECTION('',(0.,1.,0.));
#673 = PLANE('',#674);
#674 = AXIS2_PLACEMENT_3D('',#675,#676,#677);
#675 = CARTESIAN_POINT('',(-5.875,-2.125,2.500000000001));
#676 = DIRECTION('',(1.,0.,0.));
#677 = DIRECTION('',(0.,0.,1.));
#678 = ADVANCED_FACE('',(#679),#697,.F.);
#679 = FACE_BOUND('',#680,.F.);
#680 = EDGE_LOOP('',(#681,#689,#690,#691));
#681 = ORIENTED_EDGE('',*,*,#682,.F.);
#682 = EDGE_CURVE('',#622,#683,#685,.T.);
#683 = VERTEX_POINT('',#684);
#684 = CARTESIAN_POINT('',(3.625,-3.05,1.5));
#685 = LINE('',#686,#687);
#686 = CARTESIAN_POINT('',(2.625,-3.05,1.5));
#687 = VECTOR('',#688,1.);
#688 = DIRECTION('',(1.,0.,0.));
#689 = ORIENTED_EDGE('',*,*,#644,.T.);
#690 = ORIENTED_EDGE('',*,*,#93,.T.);
#691 = ORIENTED_EDGE('',*,*,#692,.F.);
#692 = EDGE_CURVE('',#683,#94,#693,.T.);
#693 = LINE('',#694,#695);
#694 = CARTESIAN_POINT('',(3.625,-3.05,1.5));
#695 = VECTOR('',#696,1.);
#696 = DIRECTION('',(0.,1.,-2.2E-16));
#697 = PLANE('',#698);
#698 = AXIS2_PLACEMENT_3D('',#699,#700,#701);
#699 = CARTESIAN_POINT('',(2.625,-3.05,1.5));
#700 = DIRECTION('',(0.,-2.2E-16,-1.));
#701 = DIRECTION('',(1.,0.,0.));
#702 = ADVANCED_FACE('',(#703),#721,.F.);
#703 = FACE_BOUND('',#704,.F.);
#704 = EDGE_LOOP('',(#705,#713,#719,#720));
#705 = ORIENTED_EDGE('',*,*,#706,.F.);
#706 = EDGE_CURVE('',#707,#659,#709,.T.);
#707 = VERTEX_POINT('',#708);
#708 = CARTESIAN_POINT('',(-1.174,-2.,1.375000000001));
#709 = LINE('',#710,#711);
#710 = CARTESIAN_POINT('',(5.625,-2.,1.375000000001));
#711 = VECTOR('',#712,1.);
#712 = DIRECTION('',(-1.,-0.,-0.));
#713 = ORIENTED_EDGE('',*,*,#714,.T.);
#714 = EDGE_CURVE('',#707,#206,#715,.T.);
#715 = LINE('',#716,#717);
#716 = CARTESIAN_POINT('',(-1.174,-2.,1.375000000001));
#717 = VECTOR('',#718,1.);
#718 = DIRECTION('',(0.,-1.,0.));
#719 = ORIENTED_EDGE('',*,*,#213,.T.);
#720 = ORIENTED_EDGE('',*,*,#668,.T.);
#721 = PLANE('',#722);
#722 = AXIS2_PLACEMENT_3D('',#723,#724,#725);
#723 = CARTESIAN_POINT('',(5.625,-2.25,1.375000000001));
#724 = DIRECTION('',(0.,0.,-1.));
#725 = DIRECTION('',(0.,1.,0.));
#726 = ADVANCED_FACE('',(#727),#753,.F.);
#727 = FACE_BOUND('',#728,.F.);
#728 = EDGE_LOOP('',(#729,#737,#738,#739,#747));
#729 = ORIENTED_EDGE('',*,*,#730,.F.);
#730 = EDGE_CURVE('',#683,#731,#733,.T.);
#731 = VERTEX_POINT('',#732);
#732 = CARTESIAN_POINT('',(3.625,-3.05,5.));
#733 = LINE('',#734,#735);
#734 = CARTESIAN_POINT('',(3.625,-3.05,1.5));
#735 = VECTOR('',#736,1.);
#736 = DIRECTION('',(0.,0.,1.));
#737 = ORIENTED_EDGE('',*,*,#692,.T.);
#738 = ORIENTED_EDGE('',*,*,#101,.T.);
#739 = ORIENTED_EDGE('',*,*,#740,.T.);
#740 = EDGE_CURVE('',#102,#741,#743,.T.);
#741 = VERTEX_POINT('',#742);
#742 = CARTESIAN_POINT('',(3.625,-2.25,5.));
#743 = LINE('',#744,#745);
#744 = CARTESIAN_POINT('',(3.625,-2.25,1.952250000001));
#745 = VECTOR('',#746,1.);
#746 = DIRECTION('',(0.,0.,1.));
#747 = ORIENTED_EDGE('',*,*,#748,.F.);
#748 = EDGE_CURVE('',#731,#741,#749,.T.);
#749 = LINE('',#750,#751);
#750 = CARTESIAN_POINT('',(3.625,-3.05,5.));
#751 = VECTOR('',#752,1.);
#752 = DIRECTION('',(0.,1.,-2.2E-16));
#753 = PLANE('',#754);
#754 = AXIS2_PLACEMENT_3D('',#755,#756,#757);
#755 = CARTESIAN_POINT('',(3.625,-3.05,1.5));
#756 = DIRECTION('',(1.,0.,0.));
#757 = DIRECTION('',(0.,2.2E-16,1.));
#758 = ADVANCED_FACE('',(#759),#777,.F.);
#759 = FACE_BOUND('',#760,.F.);
#760 = EDGE_LOOP('',(#761,#769,#775,#776));
#761 = ORIENTED_EDGE('',*,*,#762,.F.);
#762 = EDGE_CURVE('',#763,#707,#765,.T.);
#763 = VERTEX_POINT('',#764);
#764 = CARTESIAN_POINT('',(-0.875,-2.,1.076000000001));
#765 = LINE('',#766,#767);
#766 = CARTESIAN_POINT('',(-0.712,-2.,0.913000000001));
#767 = VECTOR('',#768,1.);
#768 = DIRECTION('',(-0.707106781187,0.,0.707106781187));
#769 = ORIENTED_EDGE('',*,*,#770,.T.);
#770 = EDGE_CURVE('',#763,#198,#771,.T.);
#771 = LINE('',#772,#773);
#772 = CARTESIAN_POINT('',(-0.875,-2.,1.076000000001));
#773 = VECTOR('',#774,1.);
#774 = DIRECTION('',(0.,-1.,0.));
#775 = ORIENTED_EDGE('',*,*,#205,.T.);
#776 = ORIENTED_EDGE('',*,*,#714,.F.);
#777 = PLANE('',#778);
#778 = AXIS2_PLACEMENT_3D('',#779,#780,#781);
#779 = CARTESIAN_POINT('',(-1.0245,-2.,1.225500000001));
#780 = DIRECTION('',(-0.707106781187,0.,-0.707106781187));
#781 = DIRECTION('',(0.,-1.,0.));
#782 = ADVANCED_FACE('',(#783),#801,.T.);
#783 = FACE_BOUND('',#784,.T.);
#784 = EDGE_LOOP('',(#785,#793,#794,#795));
#785 = ORIENTED_EDGE('',*,*,#786,.T.);
#786 = EDGE_CURVE('',#787,#763,#789,.T.);
#787 = VERTEX_POINT('',#788);
#788 = CARTESIAN_POINT('',(-0.875,-2.,1.075000000002));
#789 = LINE('',#790,#791);
#790 = CARTESIAN_POINT('',(-0.875,-2.,1.075000000002));
#791 = VECTOR('',#792,1.);
#792 = DIRECTION('',(0.,0.,1.));
#793 = ORIENTED_EDGE('',*,*,#770,.T.);
#794 = ORIENTED_EDGE('',*,*,#197,.T.);
#795 = ORIENTED_EDGE('',*,*,#796,.T.);
#796 = EDGE_CURVE('',#190,#787,#797,.T.);
#797 = LINE('',#798,#799);
#798 = CARTESIAN_POINT('',(-0.875,-2.25,1.075000000002));
#799 = VECTOR('',#800,1.);
#800 = DIRECTION('',(0.,1.,0.));
#801 = PLANE('',#802);
#802 = AXIS2_PLACEMENT_3D('',#803,#804,#805);
#803 = CARTESIAN_POINT('',(-0.875,-2.125,2.500000000002));
#804 = DIRECTION('',(1.,0.,0.));
#805 = DIRECTION('',(0.,0.,1.));
#806 = ADVANCED_FACE('',(#807),#872,.F.);
#807 = FACE_BOUND('',#808,.F.);
#808 = EDGE_LOOP('',(#809,#817,#825,#833,#841,#849,#855,#856,#863,#864,
    #870,#871));
#809 = ORIENTED_EDGE('',*,*,#810,.F.);
#810 = EDGE_CURVE('',#811,#118,#813,.T.);
#811 = VERTEX_POINT('',#812);
#812 = CARTESIAN_POINT('',(5.625,-3.05,3.25));
#813 = LINE('',#814,#815);
#814 = CARTESIAN_POINT('',(5.625,-3.05,3.25));
#815 = VECTOR('',#816,1.);
#816 = DIRECTION('',(0.,1.,-2.2E-16));
#817 = ORIENTED_EDGE('',*,*,#818,.T.);
#818 = EDGE_CURVE('',#811,#819,#821,.T.);
#819 = VERTEX_POINT('',#820);
#820 = CARTESIAN_POINT('',(5.625,-3.05,5.));
#821 = LINE('',#822,#823);
#822 = CARTESIAN_POINT('',(5.625,-3.05,0.));
#823 = VECTOR('',#824,1.);
#824 = DIRECTION('',(0.,0.,1.));
#825 = ORIENTED_EDGE('',*,*,#826,.T.);
#826 = EDGE_CURVE('',#819,#827,#829,.T.);
#827 = VERTEX_POINT('',#828);
#828 = CARTESIAN_POINT('',(5.625,3.05,5.));
#829 = LINE('',#830,#831);
#830 = CARTESIAN_POINT('',(5.625,-3.05,5.));
#831 = VECTOR('',#832,1.);
#832 = DIRECTION('',(1.5E-16,1.,0.));
#833 = ORIENTED_EDGE('',*,*,#834,.F.);
#834 = EDGE_CURVE('',#835,#827,#837,.T.);
#835 = VERTEX_POINT('',#836);
#836 = CARTESIAN_POINT('',(5.625,3.05,0.));
#837 = LINE('',#838,#839);
#838 = CARTESIAN_POINT('',(5.625,3.05,0.));
#839 = VECTOR('',#840,1.);
#840 = DIRECTION('',(0.,0.,1.));
#841 = ORIENTED_EDGE('',*,*,#842,.F.);
#842 = EDGE_CURVE('',#843,#835,#845,.T.);
#843 = VERTEX_POINT('',#844);
#844 = CARTESIAN_POINT('',(5.625,-2.,0.));
#845 = LINE('',#846,#847);
#846 = CARTESIAN_POINT('',(5.625,-3.05,0.));
#847 = VECTOR('',#848,1.);
#848 = DIRECTION('',(1.5E-16,1.,0.));
#849 = ORIENTED_EDGE('',*,*,#850,.T.);
#850 = EDGE_CURVE('',#843,#518,#851,.T.);
#851 = LINE('',#852,#853);
#852 = CARTESIAN_POINT('',(5.625,-2.,1.375000000001));
#853 = VECTOR('',#854,1.);
#854 = DIRECTION('',(0.,0.,1.));
#855 = ORIENTED_EDGE('',*,*,#525,.T.);
#856 = ORIENTED_EDGE('',*,*,#857,.F.);
#857 = EDGE_CURVE('',#380,#526,#858,.T.);
#858 = CIRCLE('',#859,1.55);
#859 = AXIS2_PLACEMENT_3D('',#860,#861,#862);
#860 = CARTESIAN_POINT('',(5.625,0.,2.5));
#861 = DIRECTION('',(-1.,0.,0.));
#862 = DIRECTION('',(0.,-1.,0.));
#863 = ORIENTED_EDGE('',*,*,#387,.T.);
#864 = ORIENTED_EDGE('',*,*,#865,.T.);
#865 = EDGE_CURVE('',#388,#565,#866,.T.);
#866 = LINE('',#867,#868);
#867 = CARTESIAN_POINT('',(5.625,-2.,1.075000000002));
#868 = VECTOR('',#869,1.);
#869 = DIRECTION('',(0.,0.,1.));
#870 = ORIENTED_EDGE('',*,*,#581,.T.);
#871 = ORIENTED_EDGE('',*,*,#117,.F.);
#872 = PLANE('',#873);
#873 = AXIS2_PLACEMENT_3D('',#874,#875,#876);
#874 = CARTESIAN_POINT('',(5.625,-3.05,0.));
#875 = DIRECTION('',(-1.,1.5E-16,0.));
#876 = DIRECTION('',(1.5E-16,1.,0.));
#877 = ADVANCED_FACE('',(#878),#896,.F.);
#878 = FACE_BOUND('',#879,.F.);
#879 = EDGE_LOOP('',(#880,#888,#889,#890));
#880 = ORIENTED_EDGE('',*,*,#881,.F.);
#881 = EDGE_CURVE('',#182,#882,#884,.T.);
#882 = VERTEX_POINT('',#883);
#883 = CARTESIAN_POINT('',(4.375,-2.,1.075000000002));
#884 = LINE('',#885,#886);
#885 = CARTESIAN_POINT('',(4.375,-2.25,1.075000000002));
#886 = VECTOR('',#887,1.);
#887 = DIRECTION('',(0.,1.,0.));
#888 = ORIENTED_EDGE('',*,*,#189,.T.);
#889 = ORIENTED_EDGE('',*,*,#796,.T.);
#890 = ORIENTED_EDGE('',*,*,#891,.F.);
#891 = EDGE_CURVE('',#882,#787,#892,.T.);
#892 = LINE('',#893,#894);
#893 = CARTESIAN_POINT('',(5.625,-2.,1.075000000002));
#894 = VECTOR('',#895,1.);
#895 = DIRECTION('',(-1.,-0.,-0.));
#896 = PLANE('',#897);
#897 = AXIS2_PLACEMENT_3D('',#898,#899,#900);
#898 = CARTESIAN_POINT('',(5.625,-2.25,1.075000000002));
#899 = DIRECTION('',(0.,0.,-1.));
#900 = DIRECTION('',(0.,1.,0.));
#901 = ADVANCED_FACE('',(#902),#929,.F.);
#902 = FACE_BOUND('',#903,.F.);
#903 = EDGE_LOOP('',(#904,#914,#920,#921,#922,#923));
#904 = ORIENTED_EDGE('',*,*,#905,.F.);
#905 = EDGE_CURVE('',#906,#908,#910,.T.);
#906 = VERTEX_POINT('',#907);
#907 = CARTESIAN_POINT('',(5.525,-3.05,3.25));
#908 = VERTEX_POINT('',#909);
#909 = CARTESIAN_POINT('',(5.525,-2.65,3.25));
#910 = LINE('',#911,#912);
#911 = CARTESIAN_POINT('',(5.525,-3.05,3.25));
#912 = VECTOR('',#913,1.);
#913 = DIRECTION('',(0.,1.,-2.2E-16));
#914 = ORIENTED_EDGE('',*,*,#915,.F.);
#915 = EDGE_CURVE('',#811,#906,#916,.T.);
#916 = LINE('',#917,#918);
#917 = CARTESIAN_POINT('',(5.625,-3.05,3.25));
#918 = VECTOR('',#919,1.);
#919 = DIRECTION('',(-1.,0.,0.));
#920 = ORIENTED_EDGE('',*,*,#810,.T.);
#921 = ORIENTED_EDGE('',*,*,#125,.T.);
#922 = ORIENTED_EDGE('',*,*,#133,.T.);
#923 = ORIENTED_EDGE('',*,*,#924,.T.);
#924 = EDGE_CURVE('',#134,#908,#925,.T.);
#925 = LINE('',#926,#927);
#926 = CARTESIAN_POINT('',(5.55,-2.675,3.25));
#927 = VECTOR('',#928,1.);
#928 = DIRECTION('',(0.707106781187,-0.707106781187,1.6E-16));
#929 = PLANE('',#930);
#930 = AXIS2_PLACEMENT_3D('',#931,#932,#933);
#931 = CARTESIAN_POINT('',(5.625,-3.05,3.25));
#932 = DIRECTION('',(0.,2.2E-16,1.));
#933 = DIRECTION('',(-1.,0.,0.));
#934 = ADVANCED_FACE('',(#935),#969,.T.);
#935 = FACE_BOUND('',#936,.F.);
#936 = EDGE_LOOP('',(#937,#945,#953,#961,#967,#968));
#937 = ORIENTED_EDGE('',*,*,#938,.T.);
#938 = EDGE_CURVE('',#882,#939,#941,.T.);
#939 = VERTEX_POINT('',#940);
#940 = CARTESIAN_POINT('',(4.375,-2.,0.));
#941 = LINE('',#942,#943);
#942 = CARTESIAN_POINT('',(4.375,-2.,1.075000000002));
#943 = VECTOR('',#944,1.);
#944 = DIRECTION('',(0.,0.,-1.));
#945 = ORIENTED_EDGE('',*,*,#946,.T.);
#946 = EDGE_CURVE('',#939,#947,#949,.T.);
#947 = VERTEX_POINT('',#948);
#948 = CARTESIAN_POINT('',(4.375,-3.05,0.));
#949 = LINE('',#950,#951);
#950 = CARTESIAN_POINT('',(4.375,-2.,0.));
#951 = VECTOR('',#952,1.);
#952 = DIRECTION('',(0.,-1.,0.));
#953 = ORIENTED_EDGE('',*,*,#954,.T.);
#954 = EDGE_CURVE('',#947,#955,#957,.T.);
#955 = VERTEX_POINT('',#956);
#956 = CARTESIAN_POINT('',(4.375,-3.05,0.4));
#957 = LINE('',#958,#959);
#958 = CARTESIAN_POINT('',(4.375,-3.05,0.));
#959 = VECTOR('',#960,1.);
#960 = DIRECTION('',(0.,0.,1.));
#961 = ORIENTED_EDGE('',*,*,#962,.T.);
#962 = EDGE_CURVE('',#955,#174,#963,.T.);
#963 = LINE('',#964,#965);
#964 = CARTESIAN_POINT('',(4.375,-3.05,0.4));
#965 = VECTOR('',#966,1.);
#966 = DIRECTION('',(0.,1.,0.));
#967 = ORIENTED_EDGE('',*,*,#181,.T.);
#968 = ORIENTED_EDGE('',*,*,#881,.T.);
#969 = PLANE('',#970);
#970 = AXIS2_PLACEMENT_3D('',#971,#972,#973);
#971 = CARTESIAN_POINT('',(4.375,-2.39794117647,0.410441176471));
#972 = DIRECTION('',(1.,0.,0.));
#973 = DIRECTION('',(0.,0.,1.));
#974 = ADVANCED_FACE('',(#975),#993,.T.);
#975 = FACE_BOUND('',#976,.T.);
#976 = EDGE_LOOP('',(#977,#985,#986,#987));
#977 = ORIENTED_EDGE('',*,*,#978,.T.);
#978 = EDGE_CURVE('',#979,#955,#981,.T.);
#979 = VERTEX_POINT('',#980);
#980 = CARTESIAN_POINT('',(5.625,-3.05,0.4));
#981 = LINE('',#982,#983);
#982 = CARTESIAN_POINT('',(5.625,-3.05,0.4));
#983 = VECTOR('',#984,1.);
#984 = DIRECTION('',(-1.,-0.,-0.));
#985 = ORIENTED_EDGE('',*,*,#962,.T.);
#986 = ORIENTED_EDGE('',*,*,#173,.F.);
#987 = ORIENTED_EDGE('',*,*,#988,.F.);
#988 = EDGE_CURVE('',#979,#166,#989,.T.);
#989 = LINE('',#990,#991);
#990 = CARTESIAN_POINT('',(5.625,-3.05,0.4));
#991 = VECTOR('',#992,1.);
#992 = DIRECTION('',(0.,1.,0.));
#993 = PLANE('',#994);
#994 = AXIS2_PLACEMENT_3D('',#995,#996,#997);
#995 = CARTESIAN_POINT('',(5.625,-3.05,0.4));
#996 = DIRECTION('',(0.,0.,-1.));
#997 = DIRECTION('',(0.,1.,0.));
#998 = ADVANCED_FACE('',(#999),#1017,.F.);
#999 = FACE_BOUND('',#1000,.F.);
#1000 = EDGE_LOOP('',(#1001,#1002,#1003,#1011));
#1001 = ORIENTED_EDGE('',*,*,#924,.F.);
#1002 = ORIENTED_EDGE('',*,*,#141,.T.);
#1003 = ORIENTED_EDGE('',*,*,#1004,.T.);
#1004 = EDGE_CURVE('',#142,#1005,#1007,.T.);
#1005 = VERTEX_POINT('',#1006);
#1006 = CARTESIAN_POINT('',(5.525,-2.65,1.75));
#1007 = LINE('',#1008,#1009);
#1008 = CARTESIAN_POINT('',(5.525,-2.65,1.75));
#1009 = VECTOR('',#1010,1.);
#1010 = DIRECTION('',(0.707106781187,-0.707106781187,1.6E-16));
#1011 = ORIENTED_EDGE('',*,*,#1012,.F.);
#1012 = EDGE_CURVE('',#908,#1005,#1013,.T.);
#1013 = LINE('',#1014,#1015);
#1014 = CARTESIAN_POINT('',(5.525,-2.65,3.25));
#1015 = VECTOR('',#1016,1.);
#1016 = DIRECTION('',(0.,0.,-1.));
#1017 = PLANE('',#1018);
#1018 = AXIS2_PLACEMENT_3D('',#1019,#1020,#1021);
#1019 = CARTESIAN_POINT('',(5.325,-2.45,3.25));
#1020 = DIRECTION('',(-0.707106781187,-0.707106781187,0.));
#1021 = DIRECTION('',(0.,0.,-1.));
#1022 = ADVANCED_FACE('',(#1023),#1041,.F.);
#1023 = FACE_BOUND('',#1024,.F.);
#1024 = EDGE_LOOP('',(#1025,#1026,#1034,#1040));
#1025 = ORIENTED_EDGE('',*,*,#988,.F.);
#1026 = ORIENTED_EDGE('',*,*,#1027,.T.);
#1027 = EDGE_CURVE('',#979,#1028,#1030,.T.);
#1028 = VERTEX_POINT('',#1029);
#1029 = CARTESIAN_POINT('',(5.625,-3.05,1.75));
#1030 = LINE('',#1031,#1032);
#1031 = CARTESIAN_POINT('',(5.625,-3.05,0.));
#1032 = VECTOR('',#1033,1.);
#1033 = DIRECTION('',(0.,0.,1.));
#1034 = ORIENTED_EDGE('',*,*,#1035,.T.);
#1035 = EDGE_CURVE('',#1028,#158,#1036,.T.);
#1036 = LINE('',#1037,#1038);
#1037 = CARTESIAN_POINT('',(5.625,-3.05,1.75));
#1038 = VECTOR('',#1039,1.);
#1039 = DIRECTION('',(0.,1.,-2.2E-16));
#1040 = ORIENTED_EDGE('',*,*,#165,.F.);
#1041 = PLANE('',#1042);
#1042 = AXIS2_PLACEMENT_3D('',#1043,#1044,#1045);
#1043 = CARTESIAN_POINT('',(5.625,-3.05,0.));
#1044 = DIRECTION('',(-1.,1.5E-16,0.));
#1045 = DIRECTION('',(1.5E-16,1.,0.));
#1046 = ADVANCED_FACE('',(#1047),#1067,.F.);
#1047 = FACE_BOUND('',#1048,.F.);
#1048 = EDGE_LOOP('',(#1049,#1057,#1058,#1059,#1060,#1061));
#1049 = ORIENTED_EDGE('',*,*,#1050,.T.);
#1050 = EDGE_CURVE('',#1051,#1005,#1053,.T.);
#1051 = VERTEX_POINT('',#1052);
#1052 = CARTESIAN_POINT('',(5.525,-3.05,1.75));
#1053 = LINE('',#1054,#1055);
#1054 = CARTESIAN_POINT('',(5.525,-3.05,1.75));
#1055 = VECTOR('',#1056,1.);
#1056 = DIRECTION('',(0.,1.,-2.2E-16));
#1057 = ORIENTED_EDGE('',*,*,#1004,.F.);
#1058 = ORIENTED_EDGE('',*,*,#149,.F.);
#1059 = ORIENTED_EDGE('',*,*,#157,.T.);
#1060 = ORIENTED_EDGE('',*,*,#1035,.F.);
#1061 = ORIENTED_EDGE('',*,*,#1062,.F.);
#1062 = EDGE_CURVE('',#1051,#1028,#1063,.T.);
#1063 = LINE('',#1064,#1065);
#1064 = CARTESIAN_POINT('',(5.525,-3.05,1.75));
#1065 = VECTOR('',#1066,1.);
#1066 = DIRECTION('',(1.,0.,0.));
#1067 = PLANE('',#1068);
#1068 = AXIS2_PLACEMENT_3D('',#1069,#1070,#1071);
#1069 = CARTESIAN_POINT('',(5.525,-3.05,1.75));
#1070 = DIRECTION('',(0.,-2.2E-16,-1.));
#1071 = DIRECTION('',(1.,0.,0.));
#1072 = ADVANCED_FACE('',(#1073),#1084,.T.);
#1073 = FACE_BOUND('',#1074,.T.);
#1074 = EDGE_LOOP('',(#1075,#1076,#1077,#1078,#1079,#1080,#1081,#1082,
    #1083));
#1075 = ORIENTED_EDGE('',*,*,#275,.F.);
#1076 = ORIENTED_EDGE('',*,*,#306,.T.);
#1077 = ORIENTED_EDGE('',*,*,#403,.F.);
#1078 = ORIENTED_EDGE('',*,*,#395,.T.);
#1079 = ORIENTED_EDGE('',*,*,#865,.T.);
#1080 = ORIENTED_EDGE('',*,*,#564,.T.);
#1081 = ORIENTED_EDGE('',*,*,#476,.F.);
#1082 = ORIENTED_EDGE('',*,*,#427,.T.);
#1083 = ORIENTED_EDGE('',*,*,#339,.T.);
#1084 = PLANE('',#1085);
#1085 = AXIS2_PLACEMENT_3D('',#1086,#1087,#1088);
#1086 = CARTESIAN_POINT('',(-6.339835728937E-02,-2.,3.52589835729));
#1087 = DIRECTION('',(-0.,-1.,-2.8E-16));
#1088 = DIRECTION('',(0.,2.8E-16,-1.));
#1089 = ADVANCED_FACE('',(#1090,#1152,#1188),#1224,.F.);
#1090 = FACE_BOUND('',#1091,.T.);
#1091 = EDGE_LOOP('',(#1092,#1101,#1106,#1107,#1108,#1117,#1125,#1134,
    #1142,#1149,#1150,#1151));
#1092 = ORIENTED_EDGE('',*,*,#1093,.F.);
#1093 = EDGE_CURVE('',#1094,#1094,#1096,.T.);
#1094 = VERTEX_POINT('',#1095);
#1095 = CARTESIAN_POINT('',(-8.275,-1.8,2.5));
#1096 = CIRCLE('',#1097,1.8);
#1097 = AXIS2_PLACEMENT_3D('',#1098,#1099,#1100);
#1098 = CARTESIAN_POINT('',(-8.275,0.,2.5));
#1099 = DIRECTION('',(1.,0.,0.));
#1100 = DIRECTION('',(0.,-1.,0.));
#1101 = ORIENTED_EDGE('',*,*,#1102,.T.);
#1102 = EDGE_CURVE('',#1094,#451,#1103,.T.);
#1103 = B_SPLINE_CURVE_WITH_KNOTS('',1,(#1104,#1105),.UNSPECIFIED.,.F.,
  .F.,(2,2),(-2.,10.15),.PIECEWISE_BEZIER_KNOTS.);
#1104 = CARTESIAN_POINT('',(-8.475,-1.8,2.5));
#1105 = CARTESIAN_POINT('',(3.675,-1.8,2.5));
#1106 = ORIENTED_EDGE('',*,*,#450,.T.);
#1107 = ORIENTED_EDGE('',*,*,#549,.T.);
#1108 = ORIENTED_EDGE('',*,*,#1109,.F.);
#1109 = EDGE_CURVE('',#1110,#542,#1112,.T.);
#1110 = VERTEX_POINT('',#1111);
#1111 = CARTESIAN_POINT('',(3.675,0.15,0.706260888535));
#1112 = CIRCLE('',#1113,1.8);
#1113 = AXIS2_PLACEMENT_3D('',#1114,#1115,#1116);
#1114 = CARTESIAN_POINT('',(3.675,0.,2.5));
#1115 = DIRECTION('',(-1.,0.,0.));
#1116 = DIRECTION('',(0.,-1.,0.));
#1117 = ORIENTED_EDGE('',*,*,#1118,.F.);
#1118 = EDGE_CURVE('',#1119,#1110,#1121,.T.);
#1119 = VERTEX_POINT('',#1120);
#1120 = CARTESIAN_POINT('',(1.99,0.15,0.706260888535));
#1121 = LINE('',#1122,#1123);
#1122 = CARTESIAN_POINT('',(-6.475,0.15,0.706260888535));
#1123 = VECTOR('',#1124,1.);
#1124 = DIRECTION('',(1.,0.,0.));
#1125 = ORIENTED_EDGE('',*,*,#1126,.T.);
#1126 = EDGE_CURVE('',#1119,#1127,#1129,.T.);
#1127 = VERTEX_POINT('',#1128);
#1128 = CARTESIAN_POINT('',(1.99,0.15,4.293739111465));
#1129 = CIRCLE('',#1130,1.8);
#1130 = AXIS2_PLACEMENT_3D('',#1131,#1132,#1133);
#1131 = CARTESIAN_POINT('',(1.99,0.,2.5));
#1132 = DIRECTION('',(1.,0.,0.));
#1133 = DIRECTION('',(0.,-1.,0.));
#1134 = ORIENTED_EDGE('',*,*,#1135,.T.);
#1135 = EDGE_CURVE('',#1127,#1136,#1138,.T.);
#1136 = VERTEX_POINT('',#1137);
#1137 = CARTESIAN_POINT('',(3.675,0.15,4.293739111465));
#1138 = LINE('',#1139,#1140);
#1139 = CARTESIAN_POINT('',(-6.475,0.15,4.293739111465));
#1140 = VECTOR('',#1141,1.);
#1141 = DIRECTION('',(1.,0.,0.));
#1142 = ORIENTED_EDGE('',*,*,#1143,.F.);
#1143 = EDGE_CURVE('',#364,#1136,#1144,.T.);
#1144 = CIRCLE('',#1145,1.8);
#1145 = AXIS2_PLACEMENT_3D('',#1146,#1147,#1148);
#1146 = CARTESIAN_POINT('',(3.675,0.,2.5));
#1147 = DIRECTION('',(-1.,0.,0.));
#1148 = DIRECTION('',(0.,-1.,0.));
#1149 = ORIENTED_EDGE('',*,*,#363,.F.);
#1150 = ORIENTED_EDGE('',*,*,#459,.T.);
#1151 = ORIENTED_EDGE('',*,*,#1102,.F.);
#1152 = FACE_BOUND('',#1153,.T.);
#1153 = EDGE_LOOP('',(#1154,#1164,#1173,#1181));
#1154 = ORIENTED_EDGE('',*,*,#1155,.F.);
#1155 = EDGE_CURVE('',#1156,#1158,#1160,.T.);
#1156 = VERTEX_POINT('',#1157);
#1157 = CARTESIAN_POINT('',(-5.01,0.15,0.706260888535));
#1158 = VERTEX_POINT('',#1159);
#1159 = CARTESIAN_POINT('',(-2.96,0.15,0.706260888535));
#1160 = LINE('',#1161,#1162);
#1161 = CARTESIAN_POINT('',(-6.475,0.15,0.706260888535));
#1162 = VECTOR('',#1163,1.);
#1163 = DIRECTION('',(1.,0.,0.));
#1164 = ORIENTED_EDGE('',*,*,#1165,.T.);
#1165 = EDGE_CURVE('',#1156,#1166,#1168,.T.);
#1166 = VERTEX_POINT('',#1167);
#1167 = CARTESIAN_POINT('',(-5.01,0.15,4.293739111465));
#1168 = CIRCLE('',#1169,1.8);
#1169 = AXIS2_PLACEMENT_3D('',#1170,#1171,#1172);
#1170 = CARTESIAN_POINT('',(-5.01,0.,2.5));
#1171 = DIRECTION('',(1.,0.,0.));
#1172 = DIRECTION('',(0.,-1.,0.));
#1173 = ORIENTED_EDGE('',*,*,#1174,.T.);
#1174 = EDGE_CURVE('',#1166,#1175,#1177,.T.);
#1175 = VERTEX_POINT('',#1176);
#1176 = CARTESIAN_POINT('',(-2.96,0.15,4.293739111465));
#1177 = LINE('',#1178,#1179);
#1178 = CARTESIAN_POINT('',(-6.475,0.15,4.293739111465));
#1179 = VECTOR('',#1180,1.);
#1180 = DIRECTION('',(1.,0.,0.));
#1181 = ORIENTED_EDGE('',*,*,#1182,.F.);
#1182 = EDGE_CURVE('',#1158,#1175,#1183,.T.);
#1183 = CIRCLE('',#1184,1.8);
#1184 = AXIS2_PLACEMENT_3D('',#1185,#1186,#1187);
#1185 = CARTESIAN_POINT('',(-2.96,0.,2.5));
#1186 = DIRECTION('',(1.,0.,0.));
#1187 = DIRECTION('',(0.,-1.,0.));
#1188 = FACE_BOUND('',#1189,.T.);
#1189 = EDGE_LOOP('',(#1190,#1200,#1209,#1217));
#1190 = ORIENTED_EDGE('',*,*,#1191,.F.);
#1191 = EDGE_CURVE('',#1192,#1194,#1196,.T.);
#1192 = VERTEX_POINT('',#1193);
#1193 = CARTESIAN_POINT('',(-2.01,0.15,0.706260888535));
#1194 = VERTEX_POINT('',#1195);
#1195 = CARTESIAN_POINT('',(4.E-02,0.15,0.706260888535));
#1196 = LINE('',#1197,#1198);
#1197 = CARTESIAN_POINT('',(-6.475,0.15,0.706260888535));
#1198 = VECTOR('',#1199,1.);
#1199 = DIRECTION('',(1.,0.,0.));
#1200 = ORIENTED_EDGE('',*,*,#1201,.T.);
#1201 = EDGE_CURVE('',#1192,#1202,#1204,.T.);
#1202 = VERTEX_POINT('',#1203);
#1203 = CARTESIAN_POINT('',(-2.01,0.15,4.293739111465));
#1204 = CIRCLE('',#1205,1.8);
#1205 = AXIS2_PLACEMENT_3D('',#1206,#1207,#1208);
#1206 = CARTESIAN_POINT('',(-2.01,0.,2.5));
#1207 = DIRECTION('',(1.,0.,0.));
#1208 = DIRECTION('',(0.,-1.,0.));
#1209 = ORIENTED_EDGE('',*,*,#1210,.T.);
#1210 = EDGE_CURVE('',#1202,#1211,#1213,.T.);
#1211 = VERTEX_POINT('',#1212);
#1212 = CARTESIAN_POINT('',(4.E-02,0.15,4.293739111465));
#1213 = LINE('',#1214,#1215);
#1214 = CARTESIAN_POINT('',(-6.475,0.15,4.293739111465));
#1215 = VECTOR('',#1216,1.);
#1216 = DIRECTION('',(1.,0.,0.));
#1217 = ORIENTED_EDGE('',*,*,#1218,.F.);
#1218 = EDGE_CURVE('',#1194,#1211,#1219,.T.);
#1219 = CIRCLE('',#1220,1.8);
#1220 = AXIS2_PLACEMENT_3D('',#1221,#1222,#1223);
#1221 = CARTESIAN_POINT('',(4.E-02,0.,2.5));
#1222 = DIRECTION('',(1.,0.,0.));
#1223 = DIRECTION('',(0.,-1.,0.));
#1224 = CYLINDRICAL_SURFACE('',#1225,1.8);
#1225 = AXIS2_PLACEMENT_3D('',#1226,#1227,#1228);
#1226 = CARTESIAN_POINT('',(-6.475,0.,2.5));
#1227 = DIRECTION('',(1.,0.,0.));
#1228 = DIRECTION('',(0.,-1.,0.));
#1229 = ADVANCED_FACE('',(#1230),#1249,.F.);
#1230 = FACE_BOUND('',#1231,.F.);
#1231 = EDGE_LOOP('',(#1232,#1233,#1234,#1243));
#1232 = ORIENTED_EDGE('',*,*,#1143,.F.);
#1233 = ORIENTED_EDGE('',*,*,#371,.F.);
#1234 = ORIENTED_EDGE('',*,*,#1235,.T.);
#1235 = EDGE_CURVE('',#372,#1236,#1238,.T.);
#1236 = VERTEX_POINT('',#1237);
#1237 = CARTESIAN_POINT('',(3.675,0.15,4.042724862054));
#1238 = CIRCLE('',#1239,1.55);
#1239 = AXIS2_PLACEMENT_3D('',#1240,#1241,#1242);
#1240 = CARTESIAN_POINT('',(3.675,0.,2.5));
#1241 = DIRECTION('',(-1.,0.,0.));
#1242 = DIRECTION('',(0.,-1.,0.));
#1243 = ORIENTED_EDGE('',*,*,#1244,.F.);
#1244 = EDGE_CURVE('',#1136,#1236,#1245,.T.);
#1245 = LINE('',#1246,#1247);
#1246 = CARTESIAN_POINT('',(3.675,0.15,3.75));
#1247 = VECTOR('',#1248,1.);
#1248 = DIRECTION('',(0.,0.,-1.));
#1249 = PLANE('',#1250);
#1250 = AXIS2_PLACEMENT_3D('',#1251,#1252,#1253);
#1251 = CARTESIAN_POINT('',(3.675,5.E-17,2.5));
#1252 = DIRECTION('',(1.,0.,0.));
#1253 = DIRECTION('',(0.,0.,1.));
#1254 = ADVANCED_FACE('',(#1255),#1293,.F.);
#1255 = FACE_BOUND('',#1256,.F.);
#1256 = EDGE_LOOP('',(#1257,#1258,#1259,#1260,#1261,#1270,#1278,#1287));
#1257 = ORIENTED_EDGE('',*,*,#1235,.F.);
#1258 = ORIENTED_EDGE('',*,*,#379,.T.);
#1259 = ORIENTED_EDGE('',*,*,#857,.T.);
#1260 = ORIENTED_EDGE('',*,*,#533,.F.);
#1261 = ORIENTED_EDGE('',*,*,#1262,.F.);
#1262 = EDGE_CURVE('',#1263,#534,#1265,.T.);
#1263 = VERTEX_POINT('',#1264);
#1264 = CARTESIAN_POINT('',(3.675,0.15,0.957275137946));
#1265 = CIRCLE('',#1266,1.55);
#1266 = AXIS2_PLACEMENT_3D('',#1267,#1268,#1269);
#1267 = CARTESIAN_POINT('',(3.675,0.,2.5));
#1268 = DIRECTION('',(-1.,0.,0.));
#1269 = DIRECTION('',(0.,-1.,0.));
#1270 = ORIENTED_EDGE('',*,*,#1271,.F.);
#1271 = EDGE_CURVE('',#1272,#1263,#1274,.T.);
#1272 = VERTEX_POINT('',#1273);
#1273 = CARTESIAN_POINT('',(4.04,0.15,0.957275137946));
#1274 = LINE('',#1275,#1276);
#1275 = CARTESIAN_POINT('',(3.675,0.15,0.957275137946));
#1276 = VECTOR('',#1277,1.);
#1277 = DIRECTION('',(-1.,0.,0.));
#1278 = ORIENTED_EDGE('',*,*,#1279,.F.);
#1279 = EDGE_CURVE('',#1280,#1272,#1282,.T.);
#1280 = VERTEX_POINT('',#1281);
#1281 = CARTESIAN_POINT('',(4.04,0.15,4.042724862054));
#1282 = CIRCLE('',#1283,1.55);
#1283 = AXIS2_PLACEMENT_3D('',#1284,#1285,#1286);
#1284 = CARTESIAN_POINT('',(4.04,0.,2.5));
#1285 = DIRECTION('',(-1.,0.,0.));
#1286 = DIRECTION('',(0.,-1.,0.));
#1287 = ORIENTED_EDGE('',*,*,#1288,.T.);
#1288 = EDGE_CURVE('',#1280,#1236,#1289,.T.);
#1289 = LINE('',#1290,#1291);
#1290 = CARTESIAN_POINT('',(3.675,0.15,4.042724862054));
#1291 = VECTOR('',#1292,1.);
#1292 = DIRECTION('',(-1.,0.,0.));
#1293 = CYLINDRICAL_SURFACE('',#1294,1.55);
#1294 = AXIS2_PLACEMENT_3D('',#1295,#1296,#1297);
#1295 = CARTESIAN_POINT('',(3.675,0.,2.5));
#1296 = DIRECTION('',(-1.,0.,0.));
#1297 = DIRECTION('',(0.,-1.,0.));
#1298 = ADVANCED_FACE('',(#1299),#1317,.T.);
#1299 = FACE_BOUND('',#1300,.T.);
#1300 = EDGE_LOOP('',(#1301,#1302,#1303,#1304,#1305,#1306,#1307,#1313,
    #1314,#1315,#1316));
#1301 = ORIENTED_EDGE('',*,*,#658,.F.);
#1302 = ORIENTED_EDGE('',*,*,#706,.F.);
#1303 = ORIENTED_EDGE('',*,*,#762,.F.);
#1304 = ORIENTED_EDGE('',*,*,#786,.F.);
#1305 = ORIENTED_EDGE('',*,*,#891,.F.);
#1306 = ORIENTED_EDGE('',*,*,#938,.T.);
#1307 = ORIENTED_EDGE('',*,*,#1308,.F.);
#1308 = EDGE_CURVE('',#843,#939,#1309,.T.);
#1309 = LINE('',#1310,#1311);
#1310 = CARTESIAN_POINT('',(5.625,-2.,0.));
#1311 = VECTOR('',#1312,1.);
#1312 = DIRECTION('',(-1.,-0.,-0.));
#1313 = ORIENTED_EDGE('',*,*,#850,.T.);
#1314 = ORIENTED_EDGE('',*,*,#517,.T.);
#1315 = ORIENTED_EDGE('',*,*,#509,.T.);
#1316 = ORIENTED_EDGE('',*,*,#597,.T.);
#1317 = PLANE('',#1318);
#1318 = AXIS2_PLACEMENT_3D('',#1319,#1320,#1321);
#1319 = CARTESIAN_POINT('',(0.347405660378,-2.,1.347405660379));
#1320 = DIRECTION('',(-0.,-1.,-0.));
#1321 = DIRECTION('',(0.,0.,-1.));
#1322 = ADVANCED_FACE('',(#1323),#1334,.F.);
#1323 = FACE_BOUND('',#1324,.F.);
#1324 = EDGE_LOOP('',(#1325,#1326,#1332,#1333));
#1325 = ORIENTED_EDGE('',*,*,#1109,.F.);
#1326 = ORIENTED_EDGE('',*,*,#1327,.F.);
#1327 = EDGE_CURVE('',#1263,#1110,#1328,.T.);
#1328 = LINE('',#1329,#1330);
#1329 = CARTESIAN_POINT('',(3.675,0.15,3.75));
#1330 = VECTOR('',#1331,1.);
#1331 = DIRECTION('',(0.,0.,-1.));
#1332 = ORIENTED_EDGE('',*,*,#1262,.T.);
#1333 = ORIENTED_EDGE('',*,*,#541,.F.);
#1334 = PLANE('',#1335);
#1335 = AXIS2_PLACEMENT_3D('',#1336,#1337,#1338);
#1336 = CARTESIAN_POINT('',(3.675,5.E-17,2.5));
#1337 = DIRECTION('',(1.,0.,0.));
#1338 = DIRECTION('',(0.,0.,1.));
#1339 = ADVANCED_FACE('',(#1340),#1351,.F.);
#1340 = FACE_BOUND('',#1341,.F.);
#1341 = EDGE_LOOP('',(#1342,#1348,#1349,#1350));
#1342 = ORIENTED_EDGE('',*,*,#1343,.F.);
#1343 = EDGE_CURVE('',#741,#630,#1344,.T.);
#1344 = LINE('',#1345,#1346);
#1345 = CARTESIAN_POINT('',(1.489944444445,-2.25,5.));
#1346 = VECTOR('',#1347,1.);
#1347 = DIRECTION('',(-1.,0.,0.));
#1348 = ORIENTED_EDGE('',*,*,#740,.F.);
#1349 = ORIENTED_EDGE('',*,*,#574,.T.);
#1350 = ORIENTED_EDGE('',*,*,#637,.F.);
#1351 = PLANE('',#1352);
#1352 = AXIS2_PLACEMENT_3D('',#1353,#1354,#1355);
#1353 = CARTESIAN_POINT('',(-0.64511111111,-2.25,2.404500000001));
#1354 = DIRECTION('',(0.,1.,0.));
#1355 = DIRECTION('',(0.,0.,1.));
#1356 = ADVANCED_FACE('',(#1357),#1402,.F.);
#1357 = FACE_BOUND('',#1358,.F.);
#1358 = EDGE_LOOP('',(#1359,#1367,#1375,#1381,#1382,#1383,#1384,#1390,
    #1391,#1392,#1398,#1399,#1400,#1401));
#1359 = ORIENTED_EDGE('',*,*,#1360,.F.);
#1360 = EDGE_CURVE('',#1361,#947,#1363,.T.);
#1361 = VERTEX_POINT('',#1362);
#1362 = CARTESIAN_POINT('',(-6.475,-3.05,0.));
#1363 = LINE('',#1364,#1365);
#1364 = CARTESIAN_POINT('',(-6.475,-3.05,0.));
#1365 = VECTOR('',#1366,1.);
#1366 = DIRECTION('',(1.,0.,0.));
#1367 = ORIENTED_EDGE('',*,*,#1368,.T.);
#1368 = EDGE_CURVE('',#1361,#1369,#1371,.T.);
#1369 = VERTEX_POINT('',#1370);
#1370 = CARTESIAN_POINT('',(-6.475,-3.05,5.));
#1371 = LINE('',#1372,#1373);
#1372 = CARTESIAN_POINT('',(-6.475,-3.05,0.));
#1373 = VECTOR('',#1374,1.);
#1374 = DIRECTION('',(0.,0.,1.));
#1375 = ORIENTED_EDGE('',*,*,#1376,.T.);
#1376 = EDGE_CURVE('',#1369,#620,#1377,.T.);
#1377 = LINE('',#1378,#1379);
#1378 = CARTESIAN_POINT('',(-6.475,-3.05,5.));
#1379 = VECTOR('',#1380,1.);
#1380 = DIRECTION('',(1.,0.,0.));
#1381 = ORIENTED_EDGE('',*,*,#619,.T.);
#1382 = ORIENTED_EDGE('',*,*,#682,.T.);
#1383 = ORIENTED_EDGE('',*,*,#730,.T.);
#1384 = ORIENTED_EDGE('',*,*,#1385,.T.);
#1385 = EDGE_CURVE('',#731,#819,#1386,.T.);
#1386 = LINE('',#1387,#1388);
#1387 = CARTESIAN_POINT('',(-6.475,-3.05,5.));
#1388 = VECTOR('',#1389,1.);
#1389 = DIRECTION('',(1.,0.,0.));
#1390 = ORIENTED_EDGE('',*,*,#818,.F.);
#1391 = ORIENTED_EDGE('',*,*,#915,.T.);
#1392 = ORIENTED_EDGE('',*,*,#1393,.T.);
#1393 = EDGE_CURVE('',#906,#1051,#1394,.T.);
#1394 = LINE('',#1395,#1396);
#1395 = CARTESIAN_POINT('',(5.525,-3.05,3.25));
#1396 = VECTOR('',#1397,1.);
#1397 = DIRECTION('',(0.,0.,-1.));
#1398 = ORIENTED_EDGE('',*,*,#1062,.T.);
#1399 = ORIENTED_EDGE('',*,*,#1027,.F.);
#1400 = ORIENTED_EDGE('',*,*,#978,.T.);
#1401 = ORIENTED_EDGE('',*,*,#954,.F.);
#1402 = PLANE('',#1403);
#1403 = AXIS2_PLACEMENT_3D('',#1404,#1405,#1406);
#1404 = CARTESIAN_POINT('',(-6.475,-3.05,0.));
#1405 = DIRECTION('',(0.,1.,0.));
#1406 = DIRECTION('',(1.,0.,0.));
#1407 = ADVANCED_FACE('',(#1408,#1438,#1504,#1570),#1636,.T.);
#1408 = FACE_BOUND('',#1409,.T.);
#1409 = EDGE_LOOP('',(#1410,#1418,#1426,#1432,#1433,#1434,#1435,#1436,
    #1437));
#1410 = ORIENTED_EDGE('',*,*,#1411,.T.);
#1411 = EDGE_CURVE('',#827,#1412,#1414,.T.);
#1412 = VERTEX_POINT('',#1413);
#1413 = CARTESIAN_POINT('',(-6.475,3.05,5.));
#1414 = LINE('',#1415,#1416);
#1415 = CARTESIAN_POINT('',(5.625,3.05,5.));
#1416 = VECTOR('',#1417,1.);
#1417 = DIRECTION('',(-1.,0.,0.));
#1418 = ORIENTED_EDGE('',*,*,#1419,.T.);
#1419 = EDGE_CURVE('',#1412,#1420,#1422,.T.);
#1420 = VERTEX_POINT('',#1421);
#1421 = CARTESIAN_POINT('',(-6.475,-3.05E-13,5.));
#1422 = LINE('',#1423,#1424);
#1423 = CARTESIAN_POINT('',(-6.475,3.05,5.));
#1424 = VECTOR('',#1425,1.);
#1425 = DIRECTION('',(0.,-1.,0.));
#1426 = ORIENTED_EDGE('',*,*,#1427,.T.);
#1427 = EDGE_CURVE('',#1420,#1369,#1428,.T.);
#1428 = LINE('',#1429,#1430);
#1429 = CARTESIAN_POINT('',(-6.475,3.05,5.));
#1430 = VECTOR('',#1431,1.);
#1431 = DIRECTION('',(0.,-1.,0.));
#1432 = ORIENTED_EDGE('',*,*,#1376,.T.);
#1433 = ORIENTED_EDGE('',*,*,#629,.T.);
#1434 = ORIENTED_EDGE('',*,*,#1343,.F.);
#1435 = ORIENTED_EDGE('',*,*,#748,.F.);
#1436 = ORIENTED_EDGE('',*,*,#1385,.T.);
#1437 = ORIENTED_EDGE('',*,*,#826,.T.);
#1438 = FACE_BOUND('',#1439,.T.);
#1439 = EDGE_LOOP('',(#1440,#1450,#1458,#1466,#1474,#1482,#1490,#1498));
#1440 = ORIENTED_EDGE('',*,*,#1441,.F.);
#1441 = EDGE_CURVE('',#1442,#1444,#1446,.T.);
#1442 = VERTEX_POINT('',#1443);
#1443 = CARTESIAN_POINT('',(-2.58,2.5,5.));
#1444 = VERTEX_POINT('',#1445);
#1445 = CARTESIAN_POINT('',(-5.39,2.5,5.));
#1446 = LINE('',#1447,#1448);
#1447 = CARTESIAN_POINT('',(-2.58,2.5,5.));
#1448 = VECTOR('',#1449,1.);
#1449 = DIRECTION('',(-1.,0.,0.));
#1450 = ORIENTED_EDGE('',*,*,#1451,.F.);
#1451 = EDGE_CURVE('',#1452,#1442,#1454,.T.);
#1452 = VERTEX_POINT('',#1453);
#1453 = CARTESIAN_POINT('',(-2.58,2.1,5.));
#1454 = LINE('',#1455,#1456);
#1455 = CARTESIAN_POINT('',(-2.58,2.1,5.));
#1456 = VECTOR('',#1457,1.);
#1457 = DIRECTION('',(0.,1.,0.));
#1458 = ORIENTED_EDGE('',*,*,#1459,.F.);
#1459 = EDGE_CURVE('',#1460,#1452,#1462,.T.);
#1460 = VERTEX_POINT('',#1461);
#1461 = CARTESIAN_POINT('',(-2.96,2.1,5.));
#1462 = LINE('',#1463,#1464);
#1463 = CARTESIAN_POINT('',(-2.96,2.1,5.));
#1464 = VECTOR('',#1465,1.);
#1465 = DIRECTION('',(1.,0.,0.));
#1466 = ORIENTED_EDGE('',*,*,#1467,.F.);
#1467 = EDGE_CURVE('',#1468,#1460,#1470,.T.);
#1468 = VERTEX_POINT('',#1469);
#1469 = CARTESIAN_POINT('',(-2.96,0.15,5.));
#1470 = LINE('',#1471,#1472);
#1471 = CARTESIAN_POINT('',(-2.96,0.15,5.));
#1472 = VECTOR('',#1473,1.);
#1473 = DIRECTION('',(0.,1.,0.));
#1474 = ORIENTED_EDGE('',*,*,#1475,.F.);
#1475 = EDGE_CURVE('',#1476,#1468,#1478,.T.);
#1476 = VERTEX_POINT('',#1477);
#1477 = CARTESIAN_POINT('',(-5.01,0.15,5.));
#1478 = LINE('',#1479,#1480);
#1479 = CARTESIAN_POINT('',(-5.01,0.15,5.));
#1480 = VECTOR('',#1481,1.);
#1481 = DIRECTION('',(1.,0.,0.));
#1482 = ORIENTED_EDGE('',*,*,#1483,.F.);
#1483 = EDGE_CURVE('',#1484,#1476,#1486,.T.);
#1484 = VERTEX_POINT('',#1485);
#1485 = CARTESIAN_POINT('',(-5.01,2.1,5.));
#1486 = LINE('',#1487,#1488);
#1487 = CARTESIAN_POINT('',(-5.01,2.1,5.));
#1488 = VECTOR('',#1489,1.);
#1489 = DIRECTION('',(0.,-1.,0.));
#1490 = ORIENTED_EDGE('',*,*,#1491,.F.);
#1491 = EDGE_CURVE('',#1492,#1484,#1494,.T.);
#1492 = VERTEX_POINT('',#1493);
#1493 = CARTESIAN_POINT('',(-5.39,2.1,5.));
#1494 = LINE('',#1495,#1496);
#1495 = CARTESIAN_POINT('',(-5.39,2.1,5.));
#1496 = VECTOR('',#1497,1.);
#1497 = DIRECTION('',(1.,0.,0.));
#1498 = ORIENTED_EDGE('',*,*,#1499,.F.);
#1499 = EDGE_CURVE('',#1444,#1492,#1500,.T.);
#1500 = LINE('',#1501,#1502);
#1501 = CARTESIAN_POINT('',(-5.39,2.5,5.));
#1502 = VECTOR('',#1503,1.);
#1503 = DIRECTION('',(0.,-1.,0.));
#1504 = FACE_BOUND('',#1505,.T.);
#1505 = EDGE_LOOP('',(#1506,#1516,#1524,#1532,#1540,#1548,#1556,#1564));
#1506 = ORIENTED_EDGE('',*,*,#1507,.F.);
#1507 = EDGE_CURVE('',#1508,#1510,#1512,.T.);
#1508 = VERTEX_POINT('',#1509);
#1509 = CARTESIAN_POINT('',(0.42,2.5,5.));
#1510 = VERTEX_POINT('',#1511);
#1511 = CARTESIAN_POINT('',(-2.39,2.5,5.));
#1512 = LINE('',#1513,#1514);
#1513 = CARTESIAN_POINT('',(0.42,2.5,5.));
#1514 = VECTOR('',#1515,1.);
#1515 = DIRECTION('',(-1.,0.,0.));
#1516 = ORIENTED_EDGE('',*,*,#1517,.F.);
#1517 = EDGE_CURVE('',#1518,#1508,#1520,.T.);
#1518 = VERTEX_POINT('',#1519);
#1519 = CARTESIAN_POINT('',(0.42,2.1,5.));
#1520 = LINE('',#1521,#1522);
#1521 = CARTESIAN_POINT('',(0.42,2.1,5.));
#1522 = VECTOR('',#1523,1.);
#1523 = DIRECTION('',(0.,1.,0.));
#1524 = ORIENTED_EDGE('',*,*,#1525,.F.);
#1525 = EDGE_CURVE('',#1526,#1518,#1528,.T.);
#1526 = VERTEX_POINT('',#1527);
#1527 = CARTESIAN_POINT('',(4.E-02,2.1,5.));
#1528 = LINE('',#1529,#1530);
#1529 = CARTESIAN_POINT('',(4.E-02,2.1,5.));
#1530 = VECTOR('',#1531,1.);
#1531 = DIRECTION('',(1.,0.,0.));
#1532 = ORIENTED_EDGE('',*,*,#1533,.F.);
#1533 = EDGE_CURVE('',#1534,#1526,#1536,.T.);
#1534 = VERTEX_POINT('',#1535);
#1535 = CARTESIAN_POINT('',(4.E-02,0.15,5.));
#1536 = LINE('',#1537,#1538);
#1537 = CARTESIAN_POINT('',(4.E-02,0.15,5.));
#1538 = VECTOR('',#1539,1.);
#1539 = DIRECTION('',(0.,1.,0.));
#1540 = ORIENTED_EDGE('',*,*,#1541,.F.);
#1541 = EDGE_CURVE('',#1542,#1534,#1544,.T.);
#1542 = VERTEX_POINT('',#1543);
#1543 = CARTESIAN_POINT('',(-2.01,0.15,5.));
#1544 = LINE('',#1545,#1546);
#1545 = CARTESIAN_POINT('',(-2.01,0.15,5.));
#1546 = VECTOR('',#1547,1.);
#1547 = DIRECTION('',(1.,0.,0.));
#1548 = ORIENTED_EDGE('',*,*,#1549,.F.);
#1549 = EDGE_CURVE('',#1550,#1542,#1552,.T.);
#1550 = VERTEX_POINT('',#1551);
#1551 = CARTESIAN_POINT('',(-2.01,2.1,5.));
#1552 = LINE('',#1553,#1554);
#1553 = CARTESIAN_POINT('',(-2.01,2.1,5.));
#1554 = VECTOR('',#1555,1.);
#1555 = DIRECTION('',(0.,-1.,0.));
#1556 = ORIENTED_EDGE('',*,*,#1557,.F.);
#1557 = EDGE_CURVE('',#1558,#1550,#1560,.T.);
#1558 = VERTEX_POINT('',#1559);
#1559 = CARTESIAN_POINT('',(-2.39,2.1,5.));
#1560 = LINE('',#1561,#1562);
#1561 = CARTESIAN_POINT('',(-2.39,2.1,5.));
#1562 = VECTOR('',#1563,1.);
#1563 = DIRECTION('',(1.,0.,0.));
#1564 = ORIENTED_EDGE('',*,*,#1565,.F.);
#1565 = EDGE_CURVE('',#1510,#1558,#1566,.T.);
#1566 = LINE('',#1567,#1568);
#1567 = CARTESIAN_POINT('',(-2.39,2.5,5.));
#1568 = VECTOR('',#1569,1.);
#1569 = DIRECTION('',(0.,-1.,0.));
#1570 = FACE_BOUND('',#1571,.T.);
#1571 = EDGE_LOOP('',(#1572,#1582,#1590,#1598,#1606,#1614,#1622,#1630));
#1572 = ORIENTED_EDGE('',*,*,#1573,.F.);
#1573 = EDGE_CURVE('',#1574,#1576,#1578,.T.);
#1574 = VERTEX_POINT('',#1575);
#1575 = CARTESIAN_POINT('',(4.42,2.5,5.));
#1576 = VERTEX_POINT('',#1577);
#1577 = CARTESIAN_POINT('',(1.61,2.5,5.));
#1578 = LINE('',#1579,#1580);
#1579 = CARTESIAN_POINT('',(4.42,2.5,5.));
#1580 = VECTOR('',#1581,1.);
#1581 = DIRECTION('',(-1.,0.,0.));
#1582 = ORIENTED_EDGE('',*,*,#1583,.F.);
#1583 = EDGE_CURVE('',#1584,#1574,#1586,.T.);
#1584 = VERTEX_POINT('',#1585);
#1585 = CARTESIAN_POINT('',(4.42,2.1,5.));
#1586 = LINE('',#1587,#1588);
#1587 = CARTESIAN_POINT('',(4.42,2.1,5.));
#1588 = VECTOR('',#1589,1.);
#1589 = DIRECTION('',(0.,1.,0.));
#1590 = ORIENTED_EDGE('',*,*,#1591,.F.);
#1591 = EDGE_CURVE('',#1592,#1584,#1594,.T.);
#1592 = VERTEX_POINT('',#1593);
#1593 = CARTESIAN_POINT('',(4.04,2.1,5.));
#1594 = LINE('',#1595,#1596);
#1595 = CARTESIAN_POINT('',(4.04,2.1,5.));
#1596 = VECTOR('',#1597,1.);
#1597 = DIRECTION('',(1.,0.,0.));
#1598 = ORIENTED_EDGE('',*,*,#1599,.F.);
#1599 = EDGE_CURVE('',#1600,#1592,#1602,.T.);
#1600 = VERTEX_POINT('',#1601);
#1601 = CARTESIAN_POINT('',(4.04,0.15,5.));
#1602 = LINE('',#1603,#1604);
#1603 = CARTESIAN_POINT('',(4.04,0.15,5.));
#1604 = VECTOR('',#1605,1.);
#1605 = DIRECTION('',(0.,1.,0.));
#1606 = ORIENTED_EDGE('',*,*,#1607,.F.);
#1607 = EDGE_CURVE('',#1608,#1600,#1610,.T.);
#1608 = VERTEX_POINT('',#1609);
#1609 = CARTESIAN_POINT('',(1.99,0.15,5.));
#1610 = LINE('',#1611,#1612);
#1611 = CARTESIAN_POINT('',(1.99,0.15,5.));
#1612 = VECTOR('',#1613,1.);
#1613 = DIRECTION('',(1.,0.,0.));
#1614 = ORIENTED_EDGE('',*,*,#1615,.F.);
#1615 = EDGE_CURVE('',#1616,#1608,#1618,.T.);
#1616 = VERTEX_POINT('',#1617);
#1617 = CARTESIAN_POINT('',(1.99,2.1,5.));
#1618 = LINE('',#1619,#1620);
#1619 = CARTESIAN_POINT('',(1.99,2.1,5.));
#1620 = VECTOR('',#1621,1.);
#1621 = DIRECTION('',(0.,-1.,0.));
#1622 = ORIENTED_EDGE('',*,*,#1623,.F.);
#1623 = EDGE_CURVE('',#1624,#1616,#1626,.T.);
#1624 = VERTEX_POINT('',#1625);
#1625 = CARTESIAN_POINT('',(1.61,2.1,5.));
#1626 = LINE('',#1627,#1628);
#1627 = CARTESIAN_POINT('',(1.61,2.1,5.));
#1628 = VECTOR('',#1629,1.);
#1629 = DIRECTION('',(1.,0.,0.));
#1630 = ORIENTED_EDGE('',*,*,#1631,.F.);
#1631 = EDGE_CURVE('',#1576,#1624,#1632,.T.);
#1632 = LINE('',#1633,#1634);
#1633 = CARTESIAN_POINT('',(1.61,2.5,5.));
#1634 = VECTOR('',#1635,1.);
#1635 = DIRECTION('',(0.,-1.,0.));
#1636 = PLANE('',#1637);
#1637 = AXIS2_PLACEMENT_3D('',#1638,#1639,#1640);
#1638 = CARTESIAN_POINT('',(-0.425,-2.E-16,5.));
#1639 = DIRECTION('',(0.,0.,1.));
#1640 = DIRECTION('',(1.,0.,0.));
#1641 = ADVANCED_FACE('',(#1642,#1814,#1825),#1836,.F.);
#1642 = FACE_BOUND('',#1643,.F.);
#1643 = EDGE_LOOP('',(#1644,#1654,#1662,#1670,#1678,#1686,#1694,#1702,
    #1710,#1718,#1726,#1734,#1742,#1750,#1758,#1766,#1774,#1782,#1788,
    #1789,#1790,#1791,#1792,#1800,#1808));
#1644 = ORIENTED_EDGE('',*,*,#1645,.F.);
#1645 = EDGE_CURVE('',#1646,#1648,#1650,.T.);
#1646 = VERTEX_POINT('',#1647);
#1647 = CARTESIAN_POINT('',(3.22,2.5,0.));
#1648 = VERTEX_POINT('',#1649);
#1649 = CARTESIAN_POINT('',(3.22,2.1,0.));
#1650 = LINE('',#1651,#1652);
#1651 = CARTESIAN_POINT('',(3.22,3.05,0.));
#1652 = VECTOR('',#1653,1.);
#1653 = DIRECTION('',(0.,-1.,0.));
#1654 = ORIENTED_EDGE('',*,*,#1655,.T.);
#1655 = EDGE_CURVE('',#1646,#1656,#1658,.T.);
#1656 = VERTEX_POINT('',#1657);
#1657 = CARTESIAN_POINT('',(1.99,2.5,0.));
#1658 = LINE('',#1659,#1660);
#1659 = CARTESIAN_POINT('',(3.22,2.5,0.));
#1660 = VECTOR('',#1661,1.);
#1661 = DIRECTION('',(-1.,0.,0.));
#1662 = ORIENTED_EDGE('',*,*,#1663,.T.);
#1663 = EDGE_CURVE('',#1656,#1664,#1666,.T.);
#1664 = VERTEX_POINT('',#1665);
#1665 = CARTESIAN_POINT('',(1.99,3.05,0.));
#1666 = LINE('',#1667,#1668);
#1667 = CARTESIAN_POINT('',(1.99,2.5,0.));
#1668 = VECTOR('',#1669,1.);
#1669 = DIRECTION('',(0.,1.,0.));
#1670 = ORIENTED_EDGE('',*,*,#1671,.T.);
#1671 = EDGE_CURVE('',#1664,#1672,#1674,.T.);
#1672 = VERTEX_POINT('',#1673);
#1673 = CARTESIAN_POINT('',(0.42,3.05,0.));
#1674 = LINE('',#1675,#1676);
#1675 = CARTESIAN_POINT('',(5.625,3.05,0.));
#1676 = VECTOR('',#1677,1.);
#1677 = DIRECTION('',(-1.,0.,0.));
#1678 = ORIENTED_EDGE('',*,*,#1679,.F.);
#1679 = EDGE_CURVE('',#1680,#1672,#1682,.T.);
#1680 = VERTEX_POINT('',#1681);
#1681 = CARTESIAN_POINT('',(0.42,2.1,0.));
#1682 = LINE('',#1683,#1684);
#1683 = CARTESIAN_POINT('',(0.42,2.1,0.));
#1684 = VECTOR('',#1685,1.);
#1685 = DIRECTION('',(0.,1.,0.));
#1686 = ORIENTED_EDGE('',*,*,#1687,.F.);
#1687 = EDGE_CURVE('',#1688,#1680,#1690,.T.);
#1688 = VERTEX_POINT('',#1689);
#1689 = CARTESIAN_POINT('',(-0.78,2.1,0.));
#1690 = LINE('',#1691,#1692);
#1691 = CARTESIAN_POINT('',(-0.78,2.1,0.));
#1692 = VECTOR('',#1693,1.);
#1693 = DIRECTION('',(1.,0.,0.));
#1694 = ORIENTED_EDGE('',*,*,#1695,.F.);
#1695 = EDGE_CURVE('',#1696,#1688,#1698,.T.);
#1696 = VERTEX_POINT('',#1697);
#1697 = CARTESIAN_POINT('',(-0.78,2.5,0.));
#1698 = LINE('',#1699,#1700);
#1699 = CARTESIAN_POINT('',(-0.78,3.05,0.));
#1700 = VECTOR('',#1701,1.);
#1701 = DIRECTION('',(0.,-1.,0.));
#1702 = ORIENTED_EDGE('',*,*,#1703,.T.);
#1703 = EDGE_CURVE('',#1696,#1704,#1706,.T.);
#1704 = VERTEX_POINT('',#1705);
#1705 = CARTESIAN_POINT('',(-2.01,2.5,0.));
#1706 = LINE('',#1707,#1708);
#1707 = CARTESIAN_POINT('',(-0.78,2.5,0.));
#1708 = VECTOR('',#1709,1.);
#1709 = DIRECTION('',(-1.,0.,0.));
#1710 = ORIENTED_EDGE('',*,*,#1711,.T.);
#1711 = EDGE_CURVE('',#1704,#1712,#1714,.T.);
#1712 = VERTEX_POINT('',#1713);
#1713 = CARTESIAN_POINT('',(-2.01,3.05,0.));
#1714 = LINE('',#1715,#1716);
#1715 = CARTESIAN_POINT('',(-2.01,2.5,0.));
#1716 = VECTOR('',#1717,1.);
#1717 = DIRECTION('',(0.,1.,0.));
#1718 = ORIENTED_EDGE('',*,*,#1719,.T.);
#1719 = EDGE_CURVE('',#1712,#1720,#1722,.T.);
#1720 = VERTEX_POINT('',#1721);
#1721 = CARTESIAN_POINT('',(-2.58,3.05,0.));
#1722 = LINE('',#1723,#1724);
#1723 = CARTESIAN_POINT('',(5.625,3.05,0.));
#1724 = VECTOR('',#1725,1.);
#1725 = DIRECTION('',(-1.,0.,0.));
#1726 = ORIENTED_EDGE('',*,*,#1727,.F.);
#1727 = EDGE_CURVE('',#1728,#1720,#1730,.T.);
#1728 = VERTEX_POINT('',#1729);
#1729 = CARTESIAN_POINT('',(-2.58,2.1,0.));
#1730 = LINE('',#1731,#1732);
#1731 = CARTESIAN_POINT('',(-2.58,2.1,0.));
#1732 = VECTOR('',#1733,1.);
#1733 = DIRECTION('',(0.,1.,0.));
#1734 = ORIENTED_EDGE('',*,*,#1735,.F.);
#1735 = EDGE_CURVE('',#1736,#1728,#1738,.T.);
#1736 = VERTEX_POINT('',#1737);
#1737 = CARTESIAN_POINT('',(-3.78,2.1,0.));
#1738 = LINE('',#1739,#1740);
#1739 = CARTESIAN_POINT('',(-3.78,2.1,0.));
#1740 = VECTOR('',#1741,1.);
#1741 = DIRECTION('',(1.,0.,0.));
#1742 = ORIENTED_EDGE('',*,*,#1743,.F.);
#1743 = EDGE_CURVE('',#1744,#1736,#1746,.T.);
#1744 = VERTEX_POINT('',#1745);
#1745 = CARTESIAN_POINT('',(-3.78,2.5,0.));
#1746 = LINE('',#1747,#1748);
#1747 = CARTESIAN_POINT('',(-3.78,3.05,0.));
#1748 = VECTOR('',#1749,1.);
#1749 = DIRECTION('',(0.,-1.,0.));
#1750 = ORIENTED_EDGE('',*,*,#1751,.T.);
#1751 = EDGE_CURVE('',#1744,#1752,#1754,.T.);
#1752 = VERTEX_POINT('',#1753);
#1753 = CARTESIAN_POINT('',(-5.01,2.5,0.));
#1754 = LINE('',#1755,#1756);
#1755 = CARTESIAN_POINT('',(-3.78,2.5,0.));
#1756 = VECTOR('',#1757,1.);
#1757 = DIRECTION('',(-1.,0.,0.));
#1758 = ORIENTED_EDGE('',*,*,#1759,.T.);
#1759 = EDGE_CURVE('',#1752,#1760,#1762,.T.);
#1760 = VERTEX_POINT('',#1761);
#1761 = CARTESIAN_POINT('',(-5.01,3.05,0.));
#1762 = LINE('',#1763,#1764);
#1763 = CARTESIAN_POINT('',(-5.01,2.5,0.));
#1764 = VECTOR('',#1765,1.);
#1765 = DIRECTION('',(0.,1.,0.));
#1766 = ORIENTED_EDGE('',*,*,#1767,.T.);
#1767 = EDGE_CURVE('',#1760,#1768,#1770,.T.);
#1768 = VERTEX_POINT('',#1769);
#1769 = CARTESIAN_POINT('',(-6.475,3.05,0.));
#1770 = LINE('',#1771,#1772);
#1771 = CARTESIAN_POINT('',(5.625,3.05,0.));
#1772 = VECTOR('',#1773,1.);
#1773 = DIRECTION('',(-1.,0.,0.));
#1774 = ORIENTED_EDGE('',*,*,#1775,.T.);
#1775 = EDGE_CURVE('',#1768,#1776,#1778,.T.);
#1776 = VERTEX_POINT('',#1777);
#1777 = CARTESIAN_POINT('',(-6.475,-2.86E-13,0.));
#1778 = LINE('',#1779,#1780);
#1779 = CARTESIAN_POINT('',(-6.475,3.05,0.));
#1780 = VECTOR('',#1781,1.);
#1781 = DIRECTION('',(0.,-1.,0.));
#1782 = ORIENTED_EDGE('',*,*,#1783,.T.);
#1783 = EDGE_CURVE('',#1776,#1361,#1784,.T.);
#1784 = LINE('',#1785,#1786);
#1785 = CARTESIAN_POINT('',(-6.475,3.05,0.));
#1786 = VECTOR('',#1787,1.);
#1787 = DIRECTION('',(0.,-1.,0.));
#1788 = ORIENTED_EDGE('',*,*,#1360,.T.);
#1789 = ORIENTED_EDGE('',*,*,#946,.F.);
#1790 = ORIENTED_EDGE('',*,*,#1308,.F.);
#1791 = ORIENTED_EDGE('',*,*,#842,.T.);
#1792 = ORIENTED_EDGE('',*,*,#1793,.T.);
#1793 = EDGE_CURVE('',#835,#1794,#1796,.T.);
#1794 = VERTEX_POINT('',#1795);
#1795 = CARTESIAN_POINT('',(4.42,3.05,0.));
#1796 = LINE('',#1797,#1798);
#1797 = CARTESIAN_POINT('',(5.625,3.05,0.));
#1798 = VECTOR('',#1799,1.);
#1799 = DIRECTION('',(-1.,0.,0.));
#1800 = ORIENTED_EDGE('',*,*,#1801,.F.);
#1801 = EDGE_CURVE('',#1802,#1794,#1804,.T.);
#1802 = VERTEX_POINT('',#1803);
#1803 = CARTESIAN_POINT('',(4.42,2.1,0.));
#1804 = LINE('',#1805,#1806);
#1805 = CARTESIAN_POINT('',(4.42,2.1,0.));
#1806 = VECTOR('',#1807,1.);
#1807 = DIRECTION('',(0.,1.,0.));
#1808 = ORIENTED_EDGE('',*,*,#1809,.F.);
#1809 = EDGE_CURVE('',#1648,#1802,#1810,.T.);
#1810 = LINE('',#1811,#1812);
#1811 = CARTESIAN_POINT('',(3.22,2.1,0.));
#1812 = VECTOR('',#1813,1.);
#1813 = DIRECTION('',(1.,0.,0.));
#1814 = FACE_BOUND('',#1815,.F.);
#1815 = EDGE_LOOP('',(#1816));
#1816 = ORIENTED_EDGE('',*,*,#1817,.T.);
#1817 = EDGE_CURVE('',#1818,#1818,#1820,.T.);
#1818 = VERTEX_POINT('',#1819);
#1819 = CARTESIAN_POINT('',(-4.5,0.,0.));
#1820 = CIRCLE('',#1821,0.375);
#1821 = AXIS2_PLACEMENT_3D('',#1822,#1823,#1824);
#1822 = CARTESIAN_POINT('',(-4.875,0.,0.));
#1823 = DIRECTION('',(0.,0.,-1.));
#1824 = DIRECTION('',(1.,0.,0.));
#1825 = FACE_BOUND('',#1826,.F.);
#1826 = EDGE_LOOP('',(#1827));
#1827 = ORIENTED_EDGE('',*,*,#1828,.T.);
#1828 = EDGE_CURVE('',#1829,#1829,#1831,.T.);
#1829 = VERTEX_POINT('',#1830);
#1830 = CARTESIAN_POINT('',(2.5,0.,0.));
#1831 = CIRCLE('',#1832,0.375);
#1832 = AXIS2_PLACEMENT_3D('',#1833,#1834,#1835);
#1833 = CARTESIAN_POINT('',(2.125,0.,0.));
#1834 = DIRECTION('',(0.,0.,-1.));
#1835 = DIRECTION('',(1.,0.,0.));
#1836 = PLANE('',#1837);
#1837 = AXIS2_PLACEMENT_3D('',#1838,#1839,#1840);
#1838 = CARTESIAN_POINT('',(-0.425,-2.E-16,0.));
#1839 = DIRECTION('',(0.,0.,1.));
#1840 = DIRECTION('',(1.,0.,0.));
#1841 = ADVANCED_FACE('',(#1842),#1970,.F.);
#1842 = FACE_BOUND('',#1843,.F.);
#1843 = EDGE_LOOP('',(#1844,#1845,#1846,#1847,#1853,#1854,#1862,#1870,
    #1878,#1886,#1892,#1893,#1901,#1909,#1917,#1925,#1931,#1932,#1940,
    #1948,#1956,#1964));
#1844 = ORIENTED_EDGE('',*,*,#1793,.F.);
#1845 = ORIENTED_EDGE('',*,*,#834,.T.);
#1846 = ORIENTED_EDGE('',*,*,#1411,.T.);
#1847 = ORIENTED_EDGE('',*,*,#1848,.F.);
#1848 = EDGE_CURVE('',#1768,#1412,#1849,.T.);
#1849 = LINE('',#1850,#1851);
#1850 = CARTESIAN_POINT('',(-6.475,3.05,0.));
#1851 = VECTOR('',#1852,1.);
#1852 = DIRECTION('',(0.,0.,1.));
#1853 = ORIENTED_EDGE('',*,*,#1767,.F.);
#1854 = ORIENTED_EDGE('',*,*,#1855,.T.);
#1855 = EDGE_CURVE('',#1760,#1856,#1858,.T.);
#1856 = VERTEX_POINT('',#1857);
#1857 = CARTESIAN_POINT('',(-5.01,3.05,3.));
#1858 = LINE('',#1859,#1860);
#1859 = CARTESIAN_POINT('',(-5.01,3.05,0.));
#1860 = VECTOR('',#1861,1.);
#1861 = DIRECTION('',(0.,0.,1.));
#1862 = ORIENTED_EDGE('',*,*,#1863,.T.);
#1863 = EDGE_CURVE('',#1856,#1864,#1866,.T.);
#1864 = VERTEX_POINT('',#1865);
#1865 = CARTESIAN_POINT('',(-3.78,3.05,3.));
#1866 = LINE('',#1867,#1868);
#1867 = CARTESIAN_POINT('',(-5.01,3.05,3.));
#1868 = VECTOR('',#1869,1.);
#1869 = DIRECTION('',(1.,0.,0.));
#1870 = ORIENTED_EDGE('',*,*,#1871,.F.);
#1871 = EDGE_CURVE('',#1872,#1864,#1874,.T.);
#1872 = VERTEX_POINT('',#1873);
#1873 = CARTESIAN_POINT('',(-3.78,3.05,0.4));
#1874 = LINE('',#1875,#1876);
#1875 = CARTESIAN_POINT('',(-3.78,3.05,0.));
#1876 = VECTOR('',#1877,1.);
#1877 = DIRECTION('',(0.,0.,1.));
#1878 = ORIENTED_EDGE('',*,*,#1879,.F.);
#1879 = EDGE_CURVE('',#1880,#1872,#1882,.T.);
#1880 = VERTEX_POINT('',#1881);
#1881 = CARTESIAN_POINT('',(-2.58,3.05,0.4));
#1882 = LINE('',#1883,#1884);
#1883 = CARTESIAN_POINT('',(-2.58,3.05,0.4));
#1884 = VECTOR('',#1885,1.);
#1885 = DIRECTION('',(-1.,0.,0.));
#1886 = ORIENTED_EDGE('',*,*,#1887,.F.);
#1887 = EDGE_CURVE('',#1720,#1880,#1888,.T.);
#1888 = LINE('',#1889,#1890);
#1889 = CARTESIAN_POINT('',(-2.58,3.05,0.));
#1890 = VECTOR('',#1891,1.);
#1891 = DIRECTION('',(0.,0.,1.));
#1892 = ORIENTED_EDGE('',*,*,#1719,.F.);
#1893 = ORIENTED_EDGE('',*,*,#1894,.T.);
#1894 = EDGE_CURVE('',#1712,#1895,#1897,.T.);
#1895 = VERTEX_POINT('',#1896);
#1896 = CARTESIAN_POINT('',(-2.01,3.05,3.));
#1897 = LINE('',#1898,#1899);
#1898 = CARTESIAN_POINT('',(-2.01,3.05,0.));
#1899 = VECTOR('',#1900,1.);
#1900 = DIRECTION('',(0.,0.,1.));
#1901 = ORIENTED_EDGE('',*,*,#1902,.T.);
#1902 = EDGE_CURVE('',#1895,#1903,#1905,.T.);
#1903 = VERTEX_POINT('',#1904);
#1904 = CARTESIAN_POINT('',(-0.78,3.05,3.));
#1905 = LINE('',#1906,#1907);
#1906 = CARTESIAN_POINT('',(-2.01,3.05,3.));
#1907 = VECTOR('',#1908,1.);
#1908 = DIRECTION('',(1.,0.,0.));
#1909 = ORIENTED_EDGE('',*,*,#1910,.F.);
#1910 = EDGE_CURVE('',#1911,#1903,#1913,.T.);
#1911 = VERTEX_POINT('',#1912);
#1912 = CARTESIAN_POINT('',(-0.78,3.05,0.4));
#1913 = LINE('',#1914,#1915);
#1914 = CARTESIAN_POINT('',(-0.78,3.05,0.));
#1915 = VECTOR('',#1916,1.);
#1916 = DIRECTION('',(0.,0.,1.));
#1917 = ORIENTED_EDGE('',*,*,#1918,.F.);
#1918 = EDGE_CURVE('',#1919,#1911,#1921,.T.);
#1919 = VERTEX_POINT('',#1920);
#1920 = CARTESIAN_POINT('',(0.42,3.05,0.4));
#1921 = LINE('',#1922,#1923);
#1922 = CARTESIAN_POINT('',(0.42,3.05,0.4));
#1923 = VECTOR('',#1924,1.);
#1924 = DIRECTION('',(-1.,0.,0.));
#1925 = ORIENTED_EDGE('',*,*,#1926,.F.);
#1926 = EDGE_CURVE('',#1672,#1919,#1927,.T.);
#1927 = LINE('',#1928,#1929);
#1928 = CARTESIAN_POINT('',(0.42,3.05,0.));
#1929 = VECTOR('',#1930,1.);
#1930 = DIRECTION('',(0.,0.,1.));
#1931 = ORIENTED_EDGE('',*,*,#1671,.F.);
#1932 = ORIENTED_EDGE('',*,*,#1933,.T.);
#1933 = EDGE_CURVE('',#1664,#1934,#1936,.T.);
#1934 = VERTEX_POINT('',#1935);
#1935 = CARTESIAN_POINT('',(1.99,3.05,3.));
#1936 = LINE('',#1937,#1938);
#1937 = CARTESIAN_POINT('',(1.99,3.05,0.));
#1938 = VECTOR('',#1939,1.);
#1939 = DIRECTION('',(0.,0.,1.));
#1940 = ORIENTED_EDGE('',*,*,#1941,.T.);
#1941 = EDGE_CURVE('',#1934,#1942,#1944,.T.);
#1942 = VERTEX_POINT('',#1943);
#1943 = CARTESIAN_POINT('',(3.22,3.05,3.));
#1944 = LINE('',#1945,#1946);
#1945 = CARTESIAN_POINT('',(1.99,3.05,3.));
#1946 = VECTOR('',#1947,1.);
#1947 = DIRECTION('',(1.,0.,0.));
#1948 = ORIENTED_EDGE('',*,*,#1949,.F.);
#1949 = EDGE_CURVE('',#1950,#1942,#1952,.T.);
#1950 = VERTEX_POINT('',#1951);
#1951 = CARTESIAN_POINT('',(3.22,3.05,0.4));
#1952 = LINE('',#1953,#1954);
#1953 = CARTESIAN_POINT('',(3.22,3.05,0.));
#1954 = VECTOR('',#1955,1.);
#1955 = DIRECTION('',(0.,0.,1.));
#1956 = ORIENTED_EDGE('',*,*,#1957,.F.);
#1957 = EDGE_CURVE('',#1958,#1950,#1960,.T.);
#1958 = VERTEX_POINT('',#1959);
#1959 = CARTESIAN_POINT('',(4.42,3.05,0.4));
#1960 = LINE('',#1961,#1962);
#1961 = CARTESIAN_POINT('',(4.42,3.05,0.4));
#1962 = VECTOR('',#1963,1.);
#1963 = DIRECTION('',(-1.,0.,0.));
#1964 = ORIENTED_EDGE('',*,*,#1965,.F.);
#1965 = EDGE_CURVE('',#1794,#1958,#1966,.T.);
#1966 = LINE('',#1967,#1968);
#1967 = CARTESIAN_POINT('',(4.42,3.05,0.));
#1968 = VECTOR('',#1969,1.);
#1969 = DIRECTION('',(0.,0.,1.));
#1970 = PLANE('',#1971);
#1971 = AXIS2_PLACEMENT_3D('',#1972,#1973,#1974);
#1972 = CARTESIAN_POINT('',(5.625,3.05,0.));
#1973 = DIRECTION('',(0.,-1.,0.));
#1974 = DIRECTION('',(-1.,0.,0.));
#1975 = ADVANCED_FACE('',(#1976),#1982,.F.);
#1976 = FACE_BOUND('',#1977,.F.);
#1977 = EDGE_LOOP('',(#1978,#1979,#1980,#1981));
#1978 = ORIENTED_EDGE('',*,*,#1050,.F.);
#1979 = ORIENTED_EDGE('',*,*,#1393,.F.);
#1980 = ORIENTED_EDGE('',*,*,#905,.T.);
#1981 = ORIENTED_EDGE('',*,*,#1012,.T.);
#1982 = PLANE('',#1983);
#1983 = AXIS2_PLACEMENT_3D('',#1984,#1985,#1986);
#1984 = CARTESIAN_POINT('',(5.525,-3.05,3.25));
#1985 = DIRECTION('',(-1.,0.,0.));
#1986 = DIRECTION('',(-0.,-2.2E-16,-1.));
#1987 = ADVANCED_FACE('',(#1988),#2007,.F.);
#1988 = FACE_BOUND('',#1989,.F.);
#1989 = EDGE_LOOP('',(#1990,#1998,#2005,#2006));
#1990 = ORIENTED_EDGE('',*,*,#1991,.F.);
#1991 = EDGE_CURVE('',#1992,#1094,#1994,.T.);
#1992 = VERTEX_POINT('',#1993);
#1993 = CARTESIAN_POINT('',(-8.475,-2.,2.5));
#1994 = LINE('',#1995,#1996);
#1995 = CARTESIAN_POINT('',(-8.275,-1.8,2.5));
#1996 = VECTOR('',#1997,1.);
#1997 = DIRECTION('',(0.707106781187,0.707106781187,0.));
#1998 = ORIENTED_EDGE('',*,*,#1999,.T.);
#1999 = EDGE_CURVE('',#1992,#1992,#2000,.T.);
#2000 = CIRCLE('',#2001,2.);
#2001 = AXIS2_PLACEMENT_3D('',#2002,#2003,#2004);
#2002 = CARTESIAN_POINT('',(-8.475,0.,2.5));
#2003 = DIRECTION('',(1.,0.,0.));
#2004 = DIRECTION('',(0.,-1.,0.));
#2005 = ORIENTED_EDGE('',*,*,#1991,.T.);
#2006 = ORIENTED_EDGE('',*,*,#1093,.F.);
#2007 = CONICAL_SURFACE('',#2008,1.8,0.785398163397);
#2008 = AXIS2_PLACEMENT_3D('',#2009,#2010,#2011);
#2009 = CARTESIAN_POINT('',(-8.275,0.,2.5));
#2010 = DIRECTION('',(-1.,-0.,-0.));
#2011 = DIRECTION('',(0.,-1.,0.));
#2012 = ADVANCED_FACE('',(#2013),#2031,.F.);
#2013 = FACE_BOUND('',#2014,.F.);
#2014 = EDGE_LOOP('',(#2015,#2016,#2022,#2023,#2024,#2025));
#2015 = ORIENTED_EDGE('',*,*,#1607,.F.);
#2016 = ORIENTED_EDGE('',*,*,#2017,.T.);
#2017 = EDGE_CURVE('',#1608,#1127,#2018,.T.);
#2018 = LINE('',#2019,#2020);
#2019 = CARTESIAN_POINT('',(1.99,0.15,5.));
#2020 = VECTOR('',#2021,1.);
#2021 = DIRECTION('',(-0.,-0.,-1.));
#2022 = ORIENTED_EDGE('',*,*,#1135,.T.);
#2023 = ORIENTED_EDGE('',*,*,#1244,.T.);
#2024 = ORIENTED_EDGE('',*,*,#1288,.F.);
#2025 = ORIENTED_EDGE('',*,*,#2026,.F.);
#2026 = EDGE_CURVE('',#1600,#1280,#2027,.T.);
#2027 = LINE('',#2028,#2029);
#2028 = CARTESIAN_POINT('',(4.04,0.15,5.));
#2029 = VECTOR('',#2030,1.);
#2030 = DIRECTION('',(-0.,-0.,-1.));
#2031 = PLANE('',#2032);
#2032 = AXIS2_PLACEMENT_3D('',#2033,#2034,#2035);
#2033 = CARTESIAN_POINT('',(1.99,0.15,5.));
#2034 = DIRECTION('',(0.,-1.,0.));
#2035 = DIRECTION('',(1.,0.,0.));
#2036 = ADVANCED_FACE('',(#2037),#2064,.F.);
#2037 = FACE_BOUND('',#2038,.F.);
#2038 = EDGE_LOOP('',(#2039,#2040,#2048,#2056,#2062,#2063));
#2039 = ORIENTED_EDGE('',*,*,#1615,.F.);
#2040 = ORIENTED_EDGE('',*,*,#2041,.T.);
#2041 = EDGE_CURVE('',#1616,#2042,#2044,.T.);
#2042 = VERTEX_POINT('',#2043);
#2043 = CARTESIAN_POINT('',(1.99,2.1,0.4));
#2044 = LINE('',#2045,#2046);
#2045 = CARTESIAN_POINT('',(1.99,2.1,5.));
#2046 = VECTOR('',#2047,1.);
#2047 = DIRECTION('',(-0.,-0.,-1.));
#2048 = ORIENTED_EDGE('',*,*,#2049,.F.);
#2049 = EDGE_CURVE('',#2050,#2042,#2052,.T.);
#2050 = VERTEX_POINT('',#2051);
#2051 = CARTESIAN_POINT('',(1.99,0.15,0.4));
#2052 = LINE('',#2053,#2054);
#2053 = CARTESIAN_POINT('',(1.99,1.05,0.4));
#2054 = VECTOR('',#2055,1.);
#2055 = DIRECTION('',(0.,1.,0.));
#2056 = ORIENTED_EDGE('',*,*,#2057,.F.);
#2057 = EDGE_CURVE('',#1119,#2050,#2058,.T.);
#2058 = LINE('',#2059,#2060);
#2059 = CARTESIAN_POINT('',(1.99,0.15,5.));
#2060 = VECTOR('',#2061,1.);
#2061 = DIRECTION('',(-0.,-0.,-1.));
#2062 = ORIENTED_EDGE('',*,*,#1126,.T.);
#2063 = ORIENTED_EDGE('',*,*,#2017,.F.);
#2064 = PLANE('',#2065);
#2065 = AXIS2_PLACEMENT_3D('',#2066,#2067,#2068);
#2066 = CARTESIAN_POINT('',(1.99,2.1,5.));
#2067 = DIRECTION('',(-1.,0.,0.));
#2068 = DIRECTION('',(0.,-1.,0.));
#2069 = ADVANCED_FACE('',(#2070),#2090,.F.);
#2070 = FACE_BOUND('',#2071,.F.);
#2071 = EDGE_LOOP('',(#2072,#2073,#2074,#2082,#2088,#2089));
#2072 = ORIENTED_EDGE('',*,*,#1118,.F.);
#2073 = ORIENTED_EDGE('',*,*,#2057,.T.);
#2074 = ORIENTED_EDGE('',*,*,#2075,.F.);
#2075 = EDGE_CURVE('',#2076,#2050,#2078,.T.);
#2076 = VERTEX_POINT('',#2077);
#2077 = CARTESIAN_POINT('',(4.04,0.15,0.4));
#2078 = LINE('',#2079,#2080);
#2079 = CARTESIAN_POINT('',(0.7825,0.15,0.4));
#2080 = VECTOR('',#2081,1.);
#2081 = DIRECTION('',(-1.,0.,0.));
#2082 = ORIENTED_EDGE('',*,*,#2083,.F.);
#2083 = EDGE_CURVE('',#1272,#2076,#2084,.T.);
#2084 = LINE('',#2085,#2086);
#2085 = CARTESIAN_POINT('',(4.04,0.15,5.));
#2086 = VECTOR('',#2087,1.);
#2087 = DIRECTION('',(-0.,-0.,-1.));
#2088 = ORIENTED_EDGE('',*,*,#1271,.T.);
#2089 = ORIENTED_EDGE('',*,*,#1327,.T.);
#2090 = PLANE('',#2091);
#2091 = AXIS2_PLACEMENT_3D('',#2092,#2093,#2094);
#2092 = CARTESIAN_POINT('',(1.99,0.15,5.));
#2093 = DIRECTION('',(0.,-1.,0.));
#2094 = DIRECTION('',(1.,0.,0.));
#2095 = ADVANCED_FACE('',(#2096),#2121,.F.);
#2096 = FACE_BOUND('',#2097,.F.);
#2097 = EDGE_LOOP('',(#2098,#2099,#2107,#2115));
#2098 = ORIENTED_EDGE('',*,*,#1155,.F.);
#2099 = ORIENTED_EDGE('',*,*,#2100,.T.);
#2100 = EDGE_CURVE('',#1156,#2101,#2103,.T.);
#2101 = VERTEX_POINT('',#2102);
#2102 = CARTESIAN_POINT('',(-5.01,0.15,0.4));
#2103 = LINE('',#2104,#2105);
#2104 = CARTESIAN_POINT('',(-5.01,0.15,5.));
#2105 = VECTOR('',#2106,1.);
#2106 = DIRECTION('',(-0.,-0.,-1.));
#2107 = ORIENTED_EDGE('',*,*,#2108,.F.);
#2108 = EDGE_CURVE('',#2109,#2101,#2111,.T.);
#2109 = VERTEX_POINT('',#2110);
#2110 = CARTESIAN_POINT('',(-2.96,0.15,0.4));
#2111 = LINE('',#2112,#2113);
#2112 = CARTESIAN_POINT('',(-6.2175,0.15,0.4));
#2113 = VECTOR('',#2114,1.);
#2114 = DIRECTION('',(-1.,0.,0.));
#2115 = ORIENTED_EDGE('',*,*,#2116,.F.);
#2116 = EDGE_CURVE('',#1158,#2109,#2117,.T.);
#2117 = LINE('',#2118,#2119);
#2118 = CARTESIAN_POINT('',(-2.96,0.15,5.));
#2119 = VECTOR('',#2120,1.);
#2120 = DIRECTION('',(-0.,-0.,-1.));
#2121 = PLANE('',#2122);
#2122 = AXIS2_PLACEMENT_3D('',#2123,#2124,#2125);
#2123 = CARTESIAN_POINT('',(-5.01,0.15,5.));
#2124 = DIRECTION('',(0.,-1.,0.));
#2125 = DIRECTION('',(1.,0.,0.));
#2126 = ADVANCED_FACE('',(#2127),#2152,.F.);
#2127 = FACE_BOUND('',#2128,.F.);
#2128 = EDGE_LOOP('',(#2129,#2130,#2136,#2137,#2138,#2146));
#2129 = ORIENTED_EDGE('',*,*,#1467,.F.);
#2130 = ORIENTED_EDGE('',*,*,#2131,.T.);
#2131 = EDGE_CURVE('',#1468,#1175,#2132,.T.);
#2132 = LINE('',#2133,#2134);
#2133 = CARTESIAN_POINT('',(-2.96,0.15,5.));
#2134 = VECTOR('',#2135,1.);
#2135 = DIRECTION('',(-0.,-0.,-1.));
#2136 = ORIENTED_EDGE('',*,*,#1182,.F.);
#2137 = ORIENTED_EDGE('',*,*,#2116,.T.);
#2138 = ORIENTED_EDGE('',*,*,#2139,.F.);
#2139 = EDGE_CURVE('',#2140,#2109,#2142,.T.);
#2140 = VERTEX_POINT('',#2141);
#2141 = CARTESIAN_POINT('',(-2.96,2.1,0.4));
#2142 = LINE('',#2143,#2144);
#2143 = CARTESIAN_POINT('',(-2.96,7.5E-02,0.4));
#2144 = VECTOR('',#2145,1.);
#2145 = DIRECTION('',(0.,-1.,0.));
#2146 = ORIENTED_EDGE('',*,*,#2147,.F.);
#2147 = EDGE_CURVE('',#1460,#2140,#2148,.T.);
#2148 = LINE('',#2149,#2150);
#2149 = CARTESIAN_POINT('',(-2.96,2.1,5.));
#2150 = VECTOR('',#2151,1.);
#2151 = DIRECTION('',(-0.,-0.,-1.));
#2152 = PLANE('',#2153);
#2153 = AXIS2_PLACEMENT_3D('',#2154,#2155,#2156);
#2154 = CARTESIAN_POINT('',(-2.96,0.15,5.));
#2155 = DIRECTION('',(1.,0.,0.));
#2156 = DIRECTION('',(0.,1.,0.));
#2157 = ADVANCED_FACE('',(#2158),#2169,.F.);
#2158 = FACE_BOUND('',#2159,.F.);
#2159 = EDGE_LOOP('',(#2160,#2161,#2167,#2168));
#2160 = ORIENTED_EDGE('',*,*,#1475,.F.);
#2161 = ORIENTED_EDGE('',*,*,#2162,.T.);
#2162 = EDGE_CURVE('',#1476,#1166,#2163,.T.);
#2163 = LINE('',#2164,#2165);
#2164 = CARTESIAN_POINT('',(-5.01,0.15,5.));
#2165 = VECTOR('',#2166,1.);
#2166 = DIRECTION('',(-0.,-0.,-1.));
#2167 = ORIENTED_EDGE('',*,*,#1174,.T.);
#2168 = ORIENTED_EDGE('',*,*,#2131,.F.);
#2169 = PLANE('',#2170);
#2170 = AXIS2_PLACEMENT_3D('',#2171,#2172,#2173);
#2171 = CARTESIAN_POINT('',(-5.01,0.15,5.));
#2172 = DIRECTION('',(0.,-1.,0.));
#2173 = DIRECTION('',(1.,0.,0.));
#2174 = ADVANCED_FACE('',(#2175),#2195,.F.);
#2175 = FACE_BOUND('',#2176,.F.);
#2176 = EDGE_LOOP('',(#2177,#2178,#2186,#2192,#2193,#2194));
#2177 = ORIENTED_EDGE('',*,*,#1483,.F.);
#2178 = ORIENTED_EDGE('',*,*,#2179,.T.);
#2179 = EDGE_CURVE('',#1484,#2180,#2182,.T.);
#2180 = VERTEX_POINT('',#2181);
#2181 = CARTESIAN_POINT('',(-5.01,2.1,0.4));
#2182 = LINE('',#2183,#2184);
#2183 = CARTESIAN_POINT('',(-5.01,2.1,5.));
#2184 = VECTOR('',#2185,1.);
#2185 = DIRECTION('',(-0.,-0.,-1.));
#2186 = ORIENTED_EDGE('',*,*,#2187,.F.);
#2187 = EDGE_CURVE('',#2101,#2180,#2188,.T.);
#2188 = LINE('',#2189,#2190);
#2189 = CARTESIAN_POINT('',(-5.01,1.05,0.4));
#2190 = VECTOR('',#2191,1.);
#2191 = DIRECTION('',(0.,1.,0.));
#2192 = ORIENTED_EDGE('',*,*,#2100,.F.);
#2193 = ORIENTED_EDGE('',*,*,#1165,.T.);
#2194 = ORIENTED_EDGE('',*,*,#2162,.F.);
#2195 = PLANE('',#2196);
#2196 = AXIS2_PLACEMENT_3D('',#2197,#2198,#2199);
#2197 = CARTESIAN_POINT('',(-5.01,2.1,5.));
#2198 = DIRECTION('',(-1.,0.,0.));
#2199 = DIRECTION('',(0.,-1.,0.));
#2200 = ADVANCED_FACE('',(#2201),#2226,.F.);
#2201 = FACE_BOUND('',#2202,.F.);
#2202 = EDGE_LOOP('',(#2203,#2204,#2212,#2220));
#2203 = ORIENTED_EDGE('',*,*,#1191,.F.);
#2204 = ORIENTED_EDGE('',*,*,#2205,.T.);
#2205 = EDGE_CURVE('',#1192,#2206,#2208,.T.);
#2206 = VERTEX_POINT('',#2207);
#2207 = CARTESIAN_POINT('',(-2.01,0.15,0.4));
#2208 = LINE('',#2209,#2210);
#2209 = CARTESIAN_POINT('',(-2.01,0.15,5.));
#2210 = VECTOR('',#2211,1.);
#2211 = DIRECTION('',(-0.,-0.,-1.));
#2212 = ORIENTED_EDGE('',*,*,#2213,.F.);
#2213 = EDGE_CURVE('',#2214,#2206,#2216,.T.);
#2214 = VERTEX_POINT('',#2215);
#2215 = CARTESIAN_POINT('',(4.E-02,0.15,0.4));
#2216 = LINE('',#2217,#2218);
#2217 = CARTESIAN_POINT('',(-3.2175,0.15,0.4));
#2218 = VECTOR('',#2219,1.);
#2219 = DIRECTION('',(-1.,0.,0.));
#2220 = ORIENTED_EDGE('',*,*,#2221,.F.);
#2221 = EDGE_CURVE('',#1194,#2214,#2222,.T.);
#2222 = LINE('',#2223,#2224);
#2223 = CARTESIAN_POINT('',(4.E-02,0.15,5.));
#2224 = VECTOR('',#2225,1.);
#2225 = DIRECTION('',(-0.,-0.,-1.));
#2226 = PLANE('',#2227);
#2227 = AXIS2_PLACEMENT_3D('',#2228,#2229,#2230);
#2228 = CARTESIAN_POINT('',(-2.01,0.15,5.));
#2229 = DIRECTION('',(0.,-1.,0.));
#2230 = DIRECTION('',(1.,0.,0.));
#2231 = ADVANCED_FACE('',(#2232),#2257,.F.);
#2232 = FACE_BOUND('',#2233,.F.);
#2233 = EDGE_LOOP('',(#2234,#2235,#2243,#2249,#2250,#2251));
#2234 = ORIENTED_EDGE('',*,*,#1549,.F.);
#2235 = ORIENTED_EDGE('',*,*,#2236,.T.);
#2236 = EDGE_CURVE('',#1550,#2237,#2239,.T.);
#2237 = VERTEX_POINT('',#2238);
#2238 = CARTESIAN_POINT('',(-2.01,2.1,0.4));
#2239 = LINE('',#2240,#2241);
#2240 = CARTESIAN_POINT('',(-2.01,2.1,5.));
#2241 = VECTOR('',#2242,1.);
#2242 = DIRECTION('',(-0.,-0.,-1.));
#2243 = ORIENTED_EDGE('',*,*,#2244,.F.);
#2244 = EDGE_CURVE('',#2206,#2237,#2245,.T.);
#2245 = LINE('',#2246,#2247);
#2246 = CARTESIAN_POINT('',(-2.01,1.05,0.4));
#2247 = VECTOR('',#2248,1.);
#2248 = DIRECTION('',(0.,1.,0.));
#2249 = ORIENTED_EDGE('',*,*,#2205,.F.);
#2250 = ORIENTED_EDGE('',*,*,#1201,.T.);
#2251 = ORIENTED_EDGE('',*,*,#2252,.F.);
#2252 = EDGE_CURVE('',#1542,#1202,#2253,.T.);
#2253 = LINE('',#2254,#2255);
#2254 = CARTESIAN_POINT('',(-2.01,0.15,5.));
#2255 = VECTOR('',#2256,1.);
#2256 = DIRECTION('',(-0.,-0.,-1.));
#2257 = PLANE('',#2258);
#2258 = AXIS2_PLACEMENT_3D('',#2259,#2260,#2261);
#2259 = CARTESIAN_POINT('',(-2.01,2.1,5.));
#2260 = DIRECTION('',(-1.,0.,0.));
#2261 = DIRECTION('',(0.,-1.,0.));
#2262 = ADVANCED_FACE('',(#2263),#2288,.F.);
#2263 = FACE_BOUND('',#2264,.F.);
#2264 = EDGE_LOOP('',(#2265,#2266,#2272,#2273,#2274,#2282));
#2265 = ORIENTED_EDGE('',*,*,#1533,.F.);
#2266 = ORIENTED_EDGE('',*,*,#2267,.T.);
#2267 = EDGE_CURVE('',#1534,#1211,#2268,.T.);
#2268 = LINE('',#2269,#2270);
#2269 = CARTESIAN_POINT('',(4.E-02,0.15,5.));
#2270 = VECTOR('',#2271,1.);
#2271 = DIRECTION('',(-0.,-0.,-1.));
#2272 = ORIENTED_EDGE('',*,*,#1218,.F.);
#2273 = ORIENTED_EDGE('',*,*,#2221,.T.);
#2274 = ORIENTED_EDGE('',*,*,#2275,.F.);
#2275 = EDGE_CURVE('',#2276,#2214,#2278,.T.);
#2276 = VERTEX_POINT('',#2277);
#2277 = CARTESIAN_POINT('',(4.E-02,2.1,0.4));
#2278 = LINE('',#2279,#2280);
#2279 = CARTESIAN_POINT('',(4.E-02,7.5E-02,0.4));
#2280 = VECTOR('',#2281,1.);
#2281 = DIRECTION('',(0.,-1.,0.));
#2282 = ORIENTED_EDGE('',*,*,#2283,.F.);
#2283 = EDGE_CURVE('',#1526,#2276,#2284,.T.);
#2284 = LINE('',#2285,#2286);
#2285 = CARTESIAN_POINT('',(4.E-02,2.1,5.));
#2286 = VECTOR('',#2287,1.);
#2287 = DIRECTION('',(-0.,-0.,-1.));
#2288 = PLANE('',#2289);
#2289 = AXIS2_PLACEMENT_3D('',#2290,#2291,#2292);
#2290 = CARTESIAN_POINT('',(4.E-02,0.15,5.));
#2291 = DIRECTION('',(1.,0.,0.));
#2292 = DIRECTION('',(0.,1.,0.));
#2293 = ADVANCED_FACE('',(#2294),#2300,.F.);
#2294 = FACE_BOUND('',#2295,.F.);
#2295 = EDGE_LOOP('',(#2296,#2297,#2298,#2299));
#2296 = ORIENTED_EDGE('',*,*,#1541,.F.);
#2297 = ORIENTED_EDGE('',*,*,#2252,.T.);
#2298 = ORIENTED_EDGE('',*,*,#1210,.T.);
#2299 = ORIENTED_EDGE('',*,*,#2267,.F.);
#2300 = PLANE('',#2301);
#2301 = AXIS2_PLACEMENT_3D('',#2302,#2303,#2304);
#2302 = CARTESIAN_POINT('',(-2.01,0.15,5.));
#2303 = DIRECTION('',(0.,-1.,0.));
#2304 = DIRECTION('',(1.,0.,0.));
#2305 = ADVANCED_FACE('',(#2306),#2326,.F.);
#2306 = FACE_BOUND('',#2307,.F.);
#2307 = EDGE_LOOP('',(#2308,#2309,#2310,#2311,#2312,#2320));
#2308 = ORIENTED_EDGE('',*,*,#1599,.F.);
#2309 = ORIENTED_EDGE('',*,*,#2026,.T.);
#2310 = ORIENTED_EDGE('',*,*,#1279,.T.);
#2311 = ORIENTED_EDGE('',*,*,#2083,.T.);
#2312 = ORIENTED_EDGE('',*,*,#2313,.F.);
#2313 = EDGE_CURVE('',#2314,#2076,#2316,.T.);
#2314 = VERTEX_POINT('',#2315);
#2315 = CARTESIAN_POINT('',(4.04,2.1,0.4));
#2316 = LINE('',#2317,#2318);
#2317 = CARTESIAN_POINT('',(4.04,7.5E-02,0.4));
#2318 = VECTOR('',#2319,1.);
#2319 = DIRECTION('',(0.,-1.,0.));
#2320 = ORIENTED_EDGE('',*,*,#2321,.F.);
#2321 = EDGE_CURVE('',#1592,#2314,#2322,.T.);
#2322 = LINE('',#2323,#2324);
#2323 = CARTESIAN_POINT('',(4.04,2.1,5.));
#2324 = VECTOR('',#2325,1.);
#2325 = DIRECTION('',(-0.,-0.,-1.));
#2326 = PLANE('',#2327);
#2327 = AXIS2_PLACEMENT_3D('',#2328,#2329,#2330);
#2328 = CARTESIAN_POINT('',(4.04,0.15,5.));
#2329 = DIRECTION('',(1.,0.,0.));
#2330 = DIRECTION('',(0.,1.,0.));
#2331 = ADVANCED_FACE('',(#2332),#2353,.F.);
#2332 = FACE_BOUND('',#2333,.F.);
#2333 = EDGE_LOOP('',(#2334,#2335,#2344,#2351,#2352));
#2334 = ORIENTED_EDGE('',*,*,#1783,.F.);
#2335 = ORIENTED_EDGE('',*,*,#2336,.T.);
#2336 = EDGE_CURVE('',#1776,#2337,#2339,.T.);
#2337 = VERTEX_POINT('',#2338);
#2338 = CARTESIAN_POINT('',(-6.475,-2.5,2.5));
#2339 = CIRCLE('',#2340,2.5);
#2340 = AXIS2_PLACEMENT_3D('',#2341,#2342,#2343);
#2341 = CARTESIAN_POINT('',(-6.475,0.,2.5));
#2342 = DIRECTION('',(-1.,0.,0.));
#2343 = DIRECTION('',(0.,-1.,0.));
#2344 = ORIENTED_EDGE('',*,*,#2345,.T.);
#2345 = EDGE_CURVE('',#2337,#1420,#2346,.T.);
#2346 = CIRCLE('',#2347,2.5);
#2347 = AXIS2_PLACEMENT_3D('',#2348,#2349,#2350);
#2348 = CARTESIAN_POINT('',(-6.475,0.,2.5));
#2349 = DIRECTION('',(-1.,0.,0.));
#2350 = DIRECTION('',(0.,-1.,0.));
#2351 = ORIENTED_EDGE('',*,*,#1427,.T.);
#2352 = ORIENTED_EDGE('',*,*,#1368,.F.);
#2353 = PLANE('',#2354);
#2354 = AXIS2_PLACEMENT_3D('',#2355,#2356,#2357);
#2355 = CARTESIAN_POINT('',(-6.475,3.05,0.));
#2356 = DIRECTION('',(1.,0.,0.));
#2357 = DIRECTION('',(0.,-1.,0.));
#2358 = ADVANCED_FACE('',(#2359),#2371,.F.);
#2359 = FACE_BOUND('',#2360,.F.);
#2360 = EDGE_LOOP('',(#2361,#2362,#2363,#2364));
#2361 = ORIENTED_EDGE('',*,*,#1775,.F.);
#2362 = ORIENTED_EDGE('',*,*,#1848,.T.);
#2363 = ORIENTED_EDGE('',*,*,#1419,.T.);
#2364 = ORIENTED_EDGE('',*,*,#2365,.T.);
#2365 = EDGE_CURVE('',#1420,#1776,#2366,.T.);
#2366 = CIRCLE('',#2367,2.5);
#2367 = AXIS2_PLACEMENT_3D('',#2368,#2369,#2370);
#2368 = CARTESIAN_POINT('',(-6.475,0.,2.5));
#2369 = DIRECTION('',(-1.,0.,0.));
#2370 = DIRECTION('',(0.,-1.,0.));
#2371 = PLANE('',#2372);
#2372 = AXIS2_PLACEMENT_3D('',#2373,#2374,#2375);
#2373 = CARTESIAN_POINT('',(-6.475,3.05,0.));
#2374 = DIRECTION('',(1.,0.,0.));
#2375 = DIRECTION('',(0.,-1.,0.));
#2376 = ADVANCED_FACE('',(#2377),#2434,.F.);
#2377 = FACE_BOUND('',#2378,.F.);
#2378 = EDGE_LOOP('',(#2379,#2380,#2388,#2396,#2404,#2412,#2420,#2428));
#2379 = ORIENTED_EDGE('',*,*,#1441,.F.);
#2380 = ORIENTED_EDGE('',*,*,#2381,.T.);
#2381 = EDGE_CURVE('',#1442,#2382,#2384,.T.);
#2382 = VERTEX_POINT('',#2383);
#2383 = CARTESIAN_POINT('',(-2.58,2.5,0.4));
#2384 = LINE('',#2385,#2386);
#2385 = CARTESIAN_POINT('',(-2.58,2.5,5.));
#2386 = VECTOR('',#2387,1.);
#2387 = DIRECTION('',(-0.,-0.,-1.));
#2388 = ORIENTED_EDGE('',*,*,#2389,.F.);
#2389 = EDGE_CURVE('',#2390,#2382,#2392,.T.);
#2390 = VERTEX_POINT('',#2391);
#2391 = CARTESIAN_POINT('',(-3.78,2.5,0.4));
#2392 = LINE('',#2393,#2394);
#2393 = CARTESIAN_POINT('',(-5.0025,2.5,0.4));
#2394 = VECTOR('',#2395,1.);
#2395 = DIRECTION('',(1.,0.,0.));
#2396 = ORIENTED_EDGE('',*,*,#2397,.T.);
#2397 = EDGE_CURVE('',#2390,#2398,#2400,.T.);
#2398 = VERTEX_POINT('',#2399);
#2399 = CARTESIAN_POINT('',(-3.78,2.5,3.));
#2400 = LINE('',#2401,#2402);
#2401 = CARTESIAN_POINT('',(-3.78,2.5,0.));
#2402 = VECTOR('',#2403,1.);
#2403 = DIRECTION('',(0.,0.,1.));
#2404 = ORIENTED_EDGE('',*,*,#2405,.T.);
#2405 = EDGE_CURVE('',#2398,#2406,#2408,.T.);
#2406 = VERTEX_POINT('',#2407);
#2407 = CARTESIAN_POINT('',(-5.01,2.5,3.));
#2408 = LINE('',#2409,#2410);
#2409 = CARTESIAN_POINT('',(-3.78,2.5,3.));
#2410 = VECTOR('',#2411,1.);
#2411 = DIRECTION('',(-1.,0.,0.));
#2412 = ORIENTED_EDGE('',*,*,#2413,.F.);
#2413 = EDGE_CURVE('',#2414,#2406,#2416,.T.);
#2414 = VERTEX_POINT('',#2415);
#2415 = CARTESIAN_POINT('',(-5.01,2.5,0.4));
#2416 = LINE('',#2417,#2418);
#2417 = CARTESIAN_POINT('',(-5.01,2.5,0.));
#2418 = VECTOR('',#2419,1.);
#2419 = DIRECTION('',(0.,0.,1.));
#2420 = ORIENTED_EDGE('',*,*,#2421,.F.);
#2421 = EDGE_CURVE('',#2422,#2414,#2424,.T.);
#2422 = VERTEX_POINT('',#2423);
#2423 = CARTESIAN_POINT('',(-5.39,2.5,0.4));
#2424 = LINE('',#2425,#2426);
#2425 = CARTESIAN_POINT('',(-5.0025,2.5,0.4));
#2426 = VECTOR('',#2427,1.);
#2427 = DIRECTION('',(1.,0.,0.));
#2428 = ORIENTED_EDGE('',*,*,#2429,.F.);
#2429 = EDGE_CURVE('',#1444,#2422,#2430,.T.);
#2430 = LINE('',#2431,#2432);
#2431 = CARTESIAN_POINT('',(-5.39,2.5,5.));
#2432 = VECTOR('',#2433,1.);
#2433 = DIRECTION('',(-0.,-0.,-1.));
#2434 = PLANE('',#2435);
#2435 = AXIS2_PLACEMENT_3D('',#2436,#2437,#2438);
#2436 = CARTESIAN_POINT('',(-2.58,2.5,5.));
#2437 = DIRECTION('',(0.,1.,0.));
#2438 = DIRECTION('',(-1.,0.,0.));
#2439 = ADVANCED_FACE('',(#2440),#2458,.T.);
#2440 = FACE_BOUND('',#2441,.T.);
#2441 = EDGE_LOOP('',(#2442,#2448,#2449,#2450,#2456,#2457));
#2442 = ORIENTED_EDGE('',*,*,#2443,.F.);
#2443 = EDGE_CURVE('',#1452,#1728,#2444,.T.);
#2444 = LINE('',#2445,#2446);
#2445 = CARTESIAN_POINT('',(-2.58,2.1,5.));
#2446 = VECTOR('',#2447,1.);
#2447 = DIRECTION('',(-0.,-0.,-1.));
#2448 = ORIENTED_EDGE('',*,*,#1451,.T.);
#2449 = ORIENTED_EDGE('',*,*,#2381,.T.);
#2450 = ORIENTED_EDGE('',*,*,#2451,.T.);
#2451 = EDGE_CURVE('',#2382,#1880,#2452,.T.);
#2452 = LINE('',#2453,#2454);
#2453 = CARTESIAN_POINT('',(-2.58,2.1,0.4));
#2454 = VECTOR('',#2455,1.);
#2455 = DIRECTION('',(0.,1.,0.));
#2456 = ORIENTED_EDGE('',*,*,#1887,.F.);
#2457 = ORIENTED_EDGE('',*,*,#1727,.F.);
#2458 = PLANE('',#2459);
#2459 = AXIS2_PLACEMENT_3D('',#2460,#2461,#2462);
#2460 = CARTESIAN_POINT('',(-2.58,2.362394957983,2.287394957983));
#2461 = DIRECTION('',(-1.,4.3E-16,0.));
#2462 = DIRECTION('',(-4.3E-16,-1.,0.));
#2463 = ADVANCED_FACE('',(#2464),#2482,.F.);
#2464 = FACE_BOUND('',#2465,.F.);
#2465 = EDGE_LOOP('',(#2466,#2467,#2468,#2476));
#2466 = ORIENTED_EDGE('',*,*,#1499,.F.);
#2467 = ORIENTED_EDGE('',*,*,#2429,.T.);
#2468 = ORIENTED_EDGE('',*,*,#2469,.F.);
#2469 = EDGE_CURVE('',#2470,#2422,#2472,.T.);
#2470 = VERTEX_POINT('',#2471);
#2471 = CARTESIAN_POINT('',(-5.39,2.1,0.4));
#2472 = LINE('',#2473,#2474);
#2473 = CARTESIAN_POINT('',(-5.39,1.25,0.4));
#2474 = VECTOR('',#2475,1.);
#2475 = DIRECTION('',(0.,1.,0.));
#2476 = ORIENTED_EDGE('',*,*,#2477,.F.);
#2477 = EDGE_CURVE('',#1492,#2470,#2478,.T.);
#2478 = LINE('',#2479,#2480);
#2479 = CARTESIAN_POINT('',(-5.39,2.1,5.));
#2480 = VECTOR('',#2481,1.);
#2481 = DIRECTION('',(-0.,-0.,-1.));
#2482 = PLANE('',#2483);
#2483 = AXIS2_PLACEMENT_3D('',#2484,#2485,#2486);
#2484 = CARTESIAN_POINT('',(-5.39,2.5,5.));
#2485 = DIRECTION('',(-1.,0.,0.));
#2486 = DIRECTION('',(0.,-1.,0.));
#2487 = ADVANCED_FACE('',(#2488),#2508,.T.);
#2488 = FACE_BOUND('',#2489,.T.);
#2489 = EDGE_LOOP('',(#2490,#2491,#2492,#2493,#2501,#2507));
#2490 = ORIENTED_EDGE('',*,*,#1459,.T.);
#2491 = ORIENTED_EDGE('',*,*,#2443,.T.);
#2492 = ORIENTED_EDGE('',*,*,#1735,.F.);
#2493 = ORIENTED_EDGE('',*,*,#2494,.T.);
#2494 = EDGE_CURVE('',#1736,#2495,#2497,.T.);
#2495 = VERTEX_POINT('',#2496);
#2496 = CARTESIAN_POINT('',(-3.78,2.1,0.4));
#2497 = LINE('',#2498,#2499);
#2498 = CARTESIAN_POINT('',(-3.78,2.1,0.));
#2499 = VECTOR('',#2500,1.);
#2500 = DIRECTION('',(0.,0.,1.));
#2501 = ORIENTED_EDGE('',*,*,#2502,.T.);
#2502 = EDGE_CURVE('',#2495,#2140,#2503,.T.);
#2503 = LINE('',#2504,#2505);
#2504 = CARTESIAN_POINT('',(-3.78,2.1,0.4));
#2505 = VECTOR('',#2506,1.);
#2506 = DIRECTION('',(1.,0.,0.));
#2507 = ORIENTED_EDGE('',*,*,#2147,.F.);
#2508 = PLANE('',#2509);
#2509 = AXIS2_PLACEMENT_3D('',#2510,#2511,#2512);
#2510 = CARTESIAN_POINT('',(-2.875806451613,2.1,2.195806451613));
#2511 = DIRECTION('',(0.,1.,0.));
#2512 = DIRECTION('',(0.,0.,1.));
#2513 = ADVANCED_FACE('',(#2514),#2525,.F.);
#2514 = FACE_BOUND('',#2515,.F.);
#2515 = EDGE_LOOP('',(#2516,#2517,#2518,#2524));
#2516 = ORIENTED_EDGE('',*,*,#1491,.F.);
#2517 = ORIENTED_EDGE('',*,*,#2477,.T.);
#2518 = ORIENTED_EDGE('',*,*,#2519,.F.);
#2519 = EDGE_CURVE('',#2180,#2470,#2520,.T.);
#2520 = LINE('',#2521,#2522);
#2521 = CARTESIAN_POINT('',(-6.4075,2.1,0.4));
#2522 = VECTOR('',#2523,1.);
#2523 = DIRECTION('',(-1.,0.,0.));
#2524 = ORIENTED_EDGE('',*,*,#2179,.F.);
#2525 = PLANE('',#2526);
#2526 = AXIS2_PLACEMENT_3D('',#2527,#2528,#2529);
#2527 = CARTESIAN_POINT('',(-5.39,2.1,5.));
#2528 = DIRECTION('',(0.,-1.,0.));
#2529 = DIRECTION('',(1.,0.,0.));
#2530 = ADVANCED_FACE('',(#2531),#2588,.F.);
#2531 = FACE_BOUND('',#2532,.F.);
#2532 = EDGE_LOOP('',(#2533,#2534,#2542,#2550,#2558,#2566,#2574,#2582));
#2533 = ORIENTED_EDGE('',*,*,#1507,.F.);
#2534 = ORIENTED_EDGE('',*,*,#2535,.T.);
#2535 = EDGE_CURVE('',#1508,#2536,#2538,.T.);
#2536 = VERTEX_POINT('',#2537);
#2537 = CARTESIAN_POINT('',(0.42,2.5,0.4));
#2538 = LINE('',#2539,#2540);
#2539 = CARTESIAN_POINT('',(0.42,2.5,5.));
#2540 = VECTOR('',#2541,1.);
#2541 = DIRECTION('',(-0.,-0.,-1.));
#2542 = ORIENTED_EDGE('',*,*,#2543,.F.);
#2543 = EDGE_CURVE('',#2544,#2536,#2546,.T.);
#2544 = VERTEX_POINT('',#2545);
#2545 = CARTESIAN_POINT('',(-0.78,2.5,0.4));
#2546 = LINE('',#2547,#2548);
#2547 = CARTESIAN_POINT('',(-2.0025,2.5,0.4));
#2548 = VECTOR('',#2549,1.);
#2549 = DIRECTION('',(1.,0.,0.));
#2550 = ORIENTED_EDGE('',*,*,#2551,.T.);
#2551 = EDGE_CURVE('',#2544,#2552,#2554,.T.);
#2552 = VERTEX_POINT('',#2553);
#2553 = CARTESIAN_POINT('',(-0.78,2.5,3.));
#2554 = LINE('',#2555,#2556);
#2555 = CARTESIAN_POINT('',(-0.78,2.5,0.));
#2556 = VECTOR('',#2557,1.);
#2557 = DIRECTION('',(0.,0.,1.));
#2558 = ORIENTED_EDGE('',*,*,#2559,.T.);
#2559 = EDGE_CURVE('',#2552,#2560,#2562,.T.);
#2560 = VERTEX_POINT('',#2561);
#2561 = CARTESIAN_POINT('',(-2.01,2.5,3.));
#2562 = LINE('',#2563,#2564);
#2563 = CARTESIAN_POINT('',(-0.78,2.5,3.));
#2564 = VECTOR('',#2565,1.);
#2565 = DIRECTION('',(-1.,0.,0.));
#2566 = ORIENTED_EDGE('',*,*,#2567,.F.);
#2567 = EDGE_CURVE('',#2568,#2560,#2570,.T.);
#2568 = VERTEX_POINT('',#2569);
#2569 = CARTESIAN_POINT('',(-2.01,2.5,0.4));
#2570 = LINE('',#2571,#2572);
#2571 = CARTESIAN_POINT('',(-2.01,2.5,0.));
#2572 = VECTOR('',#2573,1.);
#2573 = DIRECTION('',(0.,0.,1.));
#2574 = ORIENTED_EDGE('',*,*,#2575,.F.);
#2575 = EDGE_CURVE('',#2576,#2568,#2578,.T.);
#2576 = VERTEX_POINT('',#2577);
#2577 = CARTESIAN_POINT('',(-2.39,2.5,0.4));
#2578 = LINE('',#2579,#2580);
#2579 = CARTESIAN_POINT('',(-2.0025,2.5,0.4));
#2580 = VECTOR('',#2581,1.);
#2581 = DIRECTION('',(1.,0.,0.));
#2582 = ORIENTED_EDGE('',*,*,#2583,.F.);
#2583 = EDGE_CURVE('',#1510,#2576,#2584,.T.);
#2584 = LINE('',#2585,#2586);
#2585 = CARTESIAN_POINT('',(-2.39,2.5,5.));
#2586 = VECTOR('',#2587,1.);
#2587 = DIRECTION('',(-0.,-0.,-1.));
#2588 = PLANE('',#2589);
#2589 = AXIS2_PLACEMENT_3D('',#2590,#2591,#2592);
#2590 = CARTESIAN_POINT('',(0.42,2.5,5.));
#2591 = DIRECTION('',(0.,1.,0.));
#2592 = DIRECTION('',(-1.,0.,0.));
#2593 = ADVANCED_FACE('',(#2594),#2612,.T.);
#2594 = FACE_BOUND('',#2595,.T.);
#2595 = EDGE_LOOP('',(#2596,#2602,#2603,#2604,#2610,#2611));
#2596 = ORIENTED_EDGE('',*,*,#2597,.F.);
#2597 = EDGE_CURVE('',#1518,#1680,#2598,.T.);
#2598 = LINE('',#2599,#2600);
#2599 = CARTESIAN_POINT('',(0.42,2.1,5.));
#2600 = VECTOR('',#2601,1.);
#2601 = DIRECTION('',(-0.,-0.,-1.));
#2602 = ORIENTED_EDGE('',*,*,#1517,.T.);
#2603 = ORIENTED_EDGE('',*,*,#2535,.T.);
#2604 = ORIENTED_EDGE('',*,*,#2605,.T.);
#2605 = EDGE_CURVE('',#2536,#1919,#2606,.T.);
#2606 = LINE('',#2607,#2608);
#2607 = CARTESIAN_POINT('',(0.42,2.1,0.4));
#2608 = VECTOR('',#2609,1.);
#2609 = DIRECTION('',(0.,1.,0.));
#2610 = ORIENTED_EDGE('',*,*,#1926,.F.);
#2611 = ORIENTED_EDGE('',*,*,#1679,.F.);
#2612 = PLANE('',#2613);
#2613 = AXIS2_PLACEMENT_3D('',#2614,#2615,#2616);
#2614 = CARTESIAN_POINT('',(0.42,2.362394957983,2.287394957983));
#2615 = DIRECTION('',(-1.,4.3E-16,0.));
#2616 = DIRECTION('',(-4.3E-16,-1.,0.));
#2617 = ADVANCED_FACE('',(#2618),#2636,.F.);
#2618 = FACE_BOUND('',#2619,.F.);
#2619 = EDGE_LOOP('',(#2620,#2621,#2622,#2630));
#2620 = ORIENTED_EDGE('',*,*,#1565,.F.);
#2621 = ORIENTED_EDGE('',*,*,#2583,.T.);
#2622 = ORIENTED_EDGE('',*,*,#2623,.F.);
#2623 = EDGE_CURVE('',#2624,#2576,#2626,.T.);
#2624 = VERTEX_POINT('',#2625);
#2625 = CARTESIAN_POINT('',(-2.39,2.1,0.4));
#2626 = LINE('',#2627,#2628);
#2627 = CARTESIAN_POINT('',(-2.39,1.25,0.4));
#2628 = VECTOR('',#2629,1.);
#2629 = DIRECTION('',(0.,1.,0.));
#2630 = ORIENTED_EDGE('',*,*,#2631,.F.);
#2631 = EDGE_CURVE('',#1558,#2624,#2632,.T.);
#2632 = LINE('',#2633,#2634);
#2633 = CARTESIAN_POINT('',(-2.39,2.1,5.));
#2634 = VECTOR('',#2635,1.);
#2635 = DIRECTION('',(-0.,-0.,-1.));
#2636 = PLANE('',#2637);
#2637 = AXIS2_PLACEMENT_3D('',#2638,#2639,#2640);
#2638 = CARTESIAN_POINT('',(-2.39,2.5,5.));
#2639 = DIRECTION('',(-1.,0.,0.));
#2640 = DIRECTION('',(0.,-1.,0.));
#2641 = ADVANCED_FACE('',(#2642),#2662,.T.);
#2642 = FACE_BOUND('',#2643,.T.);
#2643 = EDGE_LOOP('',(#2644,#2645,#2646,#2647,#2655,#2661));
#2644 = ORIENTED_EDGE('',*,*,#1525,.T.);
#2645 = ORIENTED_EDGE('',*,*,#2597,.T.);
#2646 = ORIENTED_EDGE('',*,*,#1687,.F.);
#2647 = ORIENTED_EDGE('',*,*,#2648,.T.);
#2648 = EDGE_CURVE('',#1688,#2649,#2651,.T.);
#2649 = VERTEX_POINT('',#2650);
#2650 = CARTESIAN_POINT('',(-0.78,2.1,0.4));
#2651 = LINE('',#2652,#2653);
#2652 = CARTESIAN_POINT('',(-0.78,2.1,0.));
#2653 = VECTOR('',#2654,1.);
#2654 = DIRECTION('',(0.,0.,1.));
#2655 = ORIENTED_EDGE('',*,*,#2656,.T.);
#2656 = EDGE_CURVE('',#2649,#2276,#2657,.T.);
#2657 = LINE('',#2658,#2659);
#2658 = CARTESIAN_POINT('',(-0.78,2.1,0.4));
#2659 = VECTOR('',#2660,1.);
#2660 = DIRECTION('',(1.,0.,0.));
#2661 = ORIENTED_EDGE('',*,*,#2283,.F.);
#2662 = PLANE('',#2663);
#2663 = AXIS2_PLACEMENT_3D('',#2664,#2665,#2666);
#2664 = CARTESIAN_POINT('',(0.124193548387,2.1,2.195806451613));
#2665 = DIRECTION('',(0.,1.,0.));
#2666 = DIRECTION('',(0.,0.,1.));
#2667 = ADVANCED_FACE('',(#2668),#2679,.F.);
#2668 = FACE_BOUND('',#2669,.F.);
#2669 = EDGE_LOOP('',(#2670,#2671,#2672,#2678));
#2670 = ORIENTED_EDGE('',*,*,#1557,.F.);
#2671 = ORIENTED_EDGE('',*,*,#2631,.T.);
#2672 = ORIENTED_EDGE('',*,*,#2673,.F.);
#2673 = EDGE_CURVE('',#2237,#2624,#2674,.T.);
#2674 = LINE('',#2675,#2676);
#2675 = CARTESIAN_POINT('',(-3.4075,2.1,0.4));
#2676 = VECTOR('',#2677,1.);
#2677 = DIRECTION('',(-1.,0.,0.));
#2678 = ORIENTED_EDGE('',*,*,#2236,.F.);
#2679 = PLANE('',#2680);
#2680 = AXIS2_PLACEMENT_3D('',#2681,#2682,#2683);
#2681 = CARTESIAN_POINT('',(-2.39,2.1,5.));
#2682 = DIRECTION('',(0.,-1.,0.));
#2683 = DIRECTION('',(1.,0.,0.));
#2684 = ADVANCED_FACE('',(#2685),#2742,.F.);
#2685 = FACE_BOUND('',#2686,.F.);
#2686 = EDGE_LOOP('',(#2687,#2688,#2696,#2704,#2712,#2720,#2728,#2736));
#2687 = ORIENTED_EDGE('',*,*,#1573,.F.);
#2688 = ORIENTED_EDGE('',*,*,#2689,.T.);
#2689 = EDGE_CURVE('',#1574,#2690,#2692,.T.);
#2690 = VERTEX_POINT('',#2691);
#2691 = CARTESIAN_POINT('',(4.42,2.5,0.4));
#2692 = LINE('',#2693,#2694);
#2693 = CARTESIAN_POINT('',(4.42,2.5,5.));
#2694 = VECTOR('',#2695,1.);
#2695 = DIRECTION('',(-0.,-0.,-1.));
#2696 = ORIENTED_EDGE('',*,*,#2697,.F.);
#2697 = EDGE_CURVE('',#2698,#2690,#2700,.T.);
#2698 = VERTEX_POINT('',#2699);
#2699 = CARTESIAN_POINT('',(3.22,2.5,0.4));
#2700 = LINE('',#2701,#2702);
#2701 = CARTESIAN_POINT('',(1.9975,2.5,0.4));
#2702 = VECTOR('',#2703,1.);
#2703 = DIRECTION('',(1.,0.,0.));
#2704 = ORIENTED_EDGE('',*,*,#2705,.T.);
#2705 = EDGE_CURVE('',#2698,#2706,#2708,.T.);
#2706 = VERTEX_POINT('',#2707);
#2707 = CARTESIAN_POINT('',(3.22,2.5,3.));
#2708 = LINE('',#2709,#2710);
#2709 = CARTESIAN_POINT('',(3.22,2.5,0.));
#2710 = VECTOR('',#2711,1.);
#2711 = DIRECTION('',(0.,0.,1.));
#2712 = ORIENTED_EDGE('',*,*,#2713,.T.);
#2713 = EDGE_CURVE('',#2706,#2714,#2716,.T.);
#2714 = VERTEX_POINT('',#2715);
#2715 = CARTESIAN_POINT('',(1.99,2.5,3.));
#2716 = LINE('',#2717,#2718);
#2717 = CARTESIAN_POINT('',(3.22,2.5,3.));
#2718 = VECTOR('',#2719,1.);
#2719 = DIRECTION('',(-1.,0.,0.));
#2720 = ORIENTED_EDGE('',*,*,#2721,.F.);
#2721 = EDGE_CURVE('',#2722,#2714,#2724,.T.);
#2722 = VERTEX_POINT('',#2723);
#2723 = CARTESIAN_POINT('',(1.99,2.5,0.4));
#2724 = LINE('',#2725,#2726);
#2725 = CARTESIAN_POINT('',(1.99,2.5,0.));
#2726 = VECTOR('',#2727,1.);
#2727 = DIRECTION('',(0.,0.,1.));
#2728 = ORIENTED_EDGE('',*,*,#2729,.F.);
#2729 = EDGE_CURVE('',#2730,#2722,#2732,.T.);
#2730 = VERTEX_POINT('',#2731);
#2731 = CARTESIAN_POINT('',(1.61,2.5,0.4));
#2732 = LINE('',#2733,#2734);
#2733 = CARTESIAN_POINT('',(1.9975,2.5,0.4));
#2734 = VECTOR('',#2735,1.);
#2735 = DIRECTION('',(1.,0.,0.));
#2736 = ORIENTED_EDGE('',*,*,#2737,.F.);
#2737 = EDGE_CURVE('',#1576,#2730,#2738,.T.);
#2738 = LINE('',#2739,#2740);
#2739 = CARTESIAN_POINT('',(1.61,2.5,5.));
#2740 = VECTOR('',#2741,1.);
#2741 = DIRECTION('',(-0.,-0.,-1.));
#2742 = PLANE('',#2743);
#2743 = AXIS2_PLACEMENT_3D('',#2744,#2745,#2746);
#2744 = CARTESIAN_POINT('',(4.42,2.5,5.));
#2745 = DIRECTION('',(0.,1.,0.));
#2746 = DIRECTION('',(-1.,0.,0.));
#2747 = ADVANCED_FACE('',(#2748),#2766,.T.);
#2748 = FACE_BOUND('',#2749,.T.);
#2749 = EDGE_LOOP('',(#2750,#2756,#2757,#2758,#2764,#2765));
#2750 = ORIENTED_EDGE('',*,*,#2751,.F.);
#2751 = EDGE_CURVE('',#1584,#1802,#2752,.T.);
#2752 = LINE('',#2753,#2754);
#2753 = CARTESIAN_POINT('',(4.42,2.1,5.));
#2754 = VECTOR('',#2755,1.);
#2755 = DIRECTION('',(-0.,-0.,-1.));
#2756 = ORIENTED_EDGE('',*,*,#1583,.T.);
#2757 = ORIENTED_EDGE('',*,*,#2689,.T.);
#2758 = ORIENTED_EDGE('',*,*,#2759,.T.);
#2759 = EDGE_CURVE('',#2690,#1958,#2760,.T.);
#2760 = LINE('',#2761,#2762);
#2761 = CARTESIAN_POINT('',(4.42,2.1,0.4));
#2762 = VECTOR('',#2763,1.);
#2763 = DIRECTION('',(0.,1.,0.));
#2764 = ORIENTED_EDGE('',*,*,#1965,.F.);
#2765 = ORIENTED_EDGE('',*,*,#1801,.F.);
#2766 = PLANE('',#2767);
#2767 = AXIS2_PLACEMENT_3D('',#2768,#2769,#2770);
#2768 = CARTESIAN_POINT('',(4.42,2.362394957983,2.287394957983));
#2769 = DIRECTION('',(-1.,4.3E-16,0.));
#2770 = DIRECTION('',(-4.3E-16,-1.,0.));
#2771 = ADVANCED_FACE('',(#2772),#2790,.F.);
#2772 = FACE_BOUND('',#2773,.F.);
#2773 = EDGE_LOOP('',(#2774,#2775,#2776,#2784));
#2774 = ORIENTED_EDGE('',*,*,#1631,.F.);
#2775 = ORIENTED_EDGE('',*,*,#2737,.T.);
#2776 = ORIENTED_EDGE('',*,*,#2777,.F.);
#2777 = EDGE_CURVE('',#2778,#2730,#2780,.T.);
#2778 = VERTEX_POINT('',#2779);
#2779 = CARTESIAN_POINT('',(1.61,2.1,0.4));
#2780 = LINE('',#2781,#2782);
#2781 = CARTESIAN_POINT('',(1.61,1.25,0.4));
#2782 = VECTOR('',#2783,1.);
#2783 = DIRECTION('',(0.,1.,0.));
#2784 = ORIENTED_EDGE('',*,*,#2785,.F.);
#2785 = EDGE_CURVE('',#1624,#2778,#2786,.T.);
#2786 = LINE('',#2787,#2788);
#2787 = CARTESIAN_POINT('',(1.61,2.1,5.));
#2788 = VECTOR('',#2789,1.);
#2789 = DIRECTION('',(-0.,-0.,-1.));
#2790 = PLANE('',#2791);
#2791 = AXIS2_PLACEMENT_3D('',#2792,#2793,#2794);
#2792 = CARTESIAN_POINT('',(1.61,2.5,5.));
#2793 = DIRECTION('',(-1.,0.,0.));
#2794 = DIRECTION('',(0.,-1.,0.));
#2795 = ADVANCED_FACE('',(#2796),#2816,.T.);
#2796 = FACE_BOUND('',#2797,.T.);
#2797 = EDGE_LOOP('',(#2798,#2806,#2812,#2813,#2814,#2815));
#2798 = ORIENTED_EDGE('',*,*,#2799,.T.);
#2799 = EDGE_CURVE('',#1648,#2800,#2802,.T.);
#2800 = VERTEX_POINT('',#2801);
#2801 = CARTESIAN_POINT('',(3.22,2.1,0.4));
#2802 = LINE('',#2803,#2804);
#2803 = CARTESIAN_POINT('',(3.22,2.1,0.));
#2804 = VECTOR('',#2805,1.);
#2805 = DIRECTION('',(0.,0.,1.));
#2806 = ORIENTED_EDGE('',*,*,#2807,.T.);
#2807 = EDGE_CURVE('',#2800,#2314,#2808,.T.);
#2808 = LINE('',#2809,#2810);
#2809 = CARTESIAN_POINT('',(3.22,2.1,0.4));
#2810 = VECTOR('',#2811,1.);
#2811 = DIRECTION('',(1.,0.,0.));
#2812 = ORIENTED_EDGE('',*,*,#2321,.F.);
#2813 = ORIENTED_EDGE('',*,*,#1591,.T.);
#2814 = ORIENTED_EDGE('',*,*,#2751,.T.);
#2815 = ORIENTED_EDGE('',*,*,#1809,.F.);
#2816 = PLANE('',#2817);
#2817 = AXIS2_PLACEMENT_3D('',#2818,#2819,#2820);
#2818 = CARTESIAN_POINT('',(4.124193548387,2.1,2.195806451613));
#2819 = DIRECTION('',(0.,1.,0.));
#2820 = DIRECTION('',(0.,0.,1.));
#2821 = ADVANCED_FACE('',(#2822),#2833,.F.);
#2822 = FACE_BOUND('',#2823,.F.);
#2823 = EDGE_LOOP('',(#2824,#2825,#2826,#2832));
#2824 = ORIENTED_EDGE('',*,*,#1623,.F.);
#2825 = ORIENTED_EDGE('',*,*,#2785,.T.);
#2826 = ORIENTED_EDGE('',*,*,#2827,.F.);
#2827 = EDGE_CURVE('',#2042,#2778,#2828,.T.);
#2828 = LINE('',#2829,#2830);
#2829 = CARTESIAN_POINT('',(0.5925,2.1,0.4));
#2830 = VECTOR('',#2831,1.);
#2831 = DIRECTION('',(-1.,0.,0.));
#2832 = ORIENTED_EDGE('',*,*,#2041,.F.);
#2833 = PLANE('',#2834);
#2834 = AXIS2_PLACEMENT_3D('',#2835,#2836,#2837);
#2835 = CARTESIAN_POINT('',(1.61,2.1,5.));
#2836 = DIRECTION('',(0.,-1.,0.));
#2837 = DIRECTION('',(1.,0.,0.));
#2838 = ADVANCED_FACE('',(#2839),#2855,.T.);
#2839 = FACE_BOUND('',#2840,.T.);
#2840 = EDGE_LOOP('',(#2841,#2842,#2848,#2854));
#2841 = ORIENTED_EDGE('',*,*,#1645,.F.);
#2842 = ORIENTED_EDGE('',*,*,#2843,.T.);
#2843 = EDGE_CURVE('',#1646,#2698,#2844,.T.);
#2844 = LINE('',#2845,#2846);
#2845 = CARTESIAN_POINT('',(3.22,2.5,0.));
#2846 = VECTOR('',#2847,1.);
#2847 = DIRECTION('',(0.,0.,1.));
#2848 = ORIENTED_EDGE('',*,*,#2849,.T.);
#2849 = EDGE_CURVE('',#2698,#2800,#2850,.T.);
#2850 = LINE('',#2851,#2852);
#2851 = CARTESIAN_POINT('',(3.22,3.05,0.4));
#2852 = VECTOR('',#2853,1.);
#2853 = DIRECTION('',(0.,-1.,0.));
#2854 = ORIENTED_EDGE('',*,*,#2799,.F.);
#2855 = PLANE('',#2856);
#2856 = AXIS2_PLACEMENT_3D('',#2857,#2858,#2859);
#2857 = CARTESIAN_POINT('',(3.22,3.05,0.));
#2858 = DIRECTION('',(1.,0.,0.));
#2859 = DIRECTION('',(0.,-1.,0.));
#2860 = ADVANCED_FACE('',(#2861),#2878,.F.);
#2861 = FACE_BOUND('',#2862,.F.);
#2862 = EDGE_LOOP('',(#2863,#2869,#2870,#2876,#2877));
#2863 = ORIENTED_EDGE('',*,*,#2864,.T.);
#2864 = EDGE_CURVE('',#1752,#2414,#2865,.T.);
#2865 = LINE('',#2866,#2867);
#2866 = CARTESIAN_POINT('',(-5.01,2.5,0.));
#2867 = VECTOR('',#2868,1.);
#2868 = DIRECTION('',(0.,0.,1.));
#2869 = ORIENTED_EDGE('',*,*,#2413,.T.);
#2870 = ORIENTED_EDGE('',*,*,#2871,.T.);
#2871 = EDGE_CURVE('',#2406,#1856,#2872,.T.);
#2872 = LINE('',#2873,#2874);
#2873 = CARTESIAN_POINT('',(-5.01,2.5,3.));
#2874 = VECTOR('',#2875,1.);
#2875 = DIRECTION('',(0.,1.,0.));
#2876 = ORIENTED_EDGE('',*,*,#1855,.F.);
#2877 = ORIENTED_EDGE('',*,*,#1759,.F.);
#2878 = PLANE('',#2879);
#2879 = AXIS2_PLACEMENT_3D('',#2880,#2881,#2882);
#2880 = CARTESIAN_POINT('',(-5.01,2.5,0.));
#2881 = DIRECTION('',(-1.,0.,0.));
#2882 = DIRECTION('',(0.,1.,0.));
#2883 = ADVANCED_FACE('',(#2884),#2900,.F.);
#2884 = FACE_BOUND('',#2885,.F.);
#2885 = EDGE_LOOP('',(#2886,#2887,#2893,#2899));
#2886 = ORIENTED_EDGE('',*,*,#1751,.F.);
#2887 = ORIENTED_EDGE('',*,*,#2888,.T.);
#2888 = EDGE_CURVE('',#1744,#2390,#2889,.T.);
#2889 = LINE('',#2890,#2891);
#2890 = CARTESIAN_POINT('',(-3.78,2.5,0.));
#2891 = VECTOR('',#2892,1.);
#2892 = DIRECTION('',(0.,0.,1.));
#2893 = ORIENTED_EDGE('',*,*,#2894,.F.);
#2894 = EDGE_CURVE('',#2414,#2390,#2895,.T.);
#2895 = LINE('',#2896,#2897);
#2896 = CARTESIAN_POINT('',(-5.0025,2.5,0.4));
#2897 = VECTOR('',#2898,1.);
#2898 = DIRECTION('',(1.,0.,0.));
#2899 = ORIENTED_EDGE('',*,*,#2864,.F.);
#2900 = PLANE('',#2901);
#2901 = AXIS2_PLACEMENT_3D('',#2902,#2903,#2904);
#2902 = CARTESIAN_POINT('',(-3.78,2.5,0.));
#2903 = DIRECTION('',(0.,-1.,0.));
#2904 = DIRECTION('',(-1.,0.,0.));
#2905 = ADVANCED_FACE('',(#2906),#2917,.T.);
#2906 = FACE_BOUND('',#2907,.T.);
#2907 = EDGE_LOOP('',(#2908,#2909,#2910,#2916));
#2908 = ORIENTED_EDGE('',*,*,#1743,.F.);
#2909 = ORIENTED_EDGE('',*,*,#2888,.T.);
#2910 = ORIENTED_EDGE('',*,*,#2911,.T.);
#2911 = EDGE_CURVE('',#2390,#2495,#2912,.T.);
#2912 = LINE('',#2913,#2914);
#2913 = CARTESIAN_POINT('',(-3.78,3.05,0.4));
#2914 = VECTOR('',#2915,1.);
#2915 = DIRECTION('',(0.,-1.,0.));
#2916 = ORIENTED_EDGE('',*,*,#2494,.F.);
#2917 = PLANE('',#2918);
#2918 = AXIS2_PLACEMENT_3D('',#2919,#2920,#2921);
#2919 = CARTESIAN_POINT('',(-3.78,3.05,0.));
#2920 = DIRECTION('',(1.,0.,0.));
#2921 = DIRECTION('',(0.,-1.,0.));
#2922 = ADVANCED_FACE('',(#2923),#2940,.F.);
#2923 = FACE_BOUND('',#2924,.F.);
#2924 = EDGE_LOOP('',(#2925,#2931,#2932,#2938,#2939));
#2925 = ORIENTED_EDGE('',*,*,#2926,.T.);
#2926 = EDGE_CURVE('',#1704,#2568,#2927,.T.);
#2927 = LINE('',#2928,#2929);
#2928 = CARTESIAN_POINT('',(-2.01,2.5,0.));
#2929 = VECTOR('',#2930,1.);
#2930 = DIRECTION('',(0.,0.,1.));
#2931 = ORIENTED_EDGE('',*,*,#2567,.T.);
#2932 = ORIENTED_EDGE('',*,*,#2933,.T.);
#2933 = EDGE_CURVE('',#2560,#1895,#2934,.T.);
#2934 = LINE('',#2935,#2936);
#2935 = CARTESIAN_POINT('',(-2.01,2.5,3.));
#2936 = VECTOR('',#2937,1.);
#2937 = DIRECTION('',(0.,1.,0.));
#2938 = ORIENTED_EDGE('',*,*,#1894,.F.);
#2939 = ORIENTED_EDGE('',*,*,#1711,.F.);
#2940 = PLANE('',#2941);
#2941 = AXIS2_PLACEMENT_3D('',#2942,#2943,#2944);
#2942 = CARTESIAN_POINT('',(-2.01,2.5,0.));
#2943 = DIRECTION('',(-1.,0.,0.));
#2944 = DIRECTION('',(0.,1.,0.));
#2945 = ADVANCED_FACE('',(#2946),#2962,.F.);
#2946 = FACE_BOUND('',#2947,.F.);
#2947 = EDGE_LOOP('',(#2948,#2949,#2955,#2961));
#2948 = ORIENTED_EDGE('',*,*,#1703,.F.);
#2949 = ORIENTED_EDGE('',*,*,#2950,.T.);
#2950 = EDGE_CURVE('',#1696,#2544,#2951,.T.);
#2951 = LINE('',#2952,#2953);
#2952 = CARTESIAN_POINT('',(-0.78,2.5,0.));
#2953 = VECTOR('',#2954,1.);
#2954 = DIRECTION('',(0.,0.,1.));
#2955 = ORIENTED_EDGE('',*,*,#2956,.F.);
#2956 = EDGE_CURVE('',#2568,#2544,#2957,.T.);
#2957 = LINE('',#2958,#2959);
#2958 = CARTESIAN_POINT('',(-2.0025,2.5,0.4));
#2959 = VECTOR('',#2960,1.);
#2960 = DIRECTION('',(1.,0.,0.));
#2961 = ORIENTED_EDGE('',*,*,#2926,.F.);
#2962 = PLANE('',#2963);
#2963 = AXIS2_PLACEMENT_3D('',#2964,#2965,#2966);
#2964 = CARTESIAN_POINT('',(-0.78,2.5,0.));
#2965 = DIRECTION('',(0.,-1.,0.));
#2966 = DIRECTION('',(-1.,0.,0.));
#2967 = ADVANCED_FACE('',(#2968),#2979,.T.);
#2968 = FACE_BOUND('',#2969,.T.);
#2969 = EDGE_LOOP('',(#2970,#2971,#2972,#2978));
#2970 = ORIENTED_EDGE('',*,*,#1695,.F.);
#2971 = ORIENTED_EDGE('',*,*,#2950,.T.);
#2972 = ORIENTED_EDGE('',*,*,#2973,.T.);
#2973 = EDGE_CURVE('',#2544,#2649,#2974,.T.);
#2974 = LINE('',#2975,#2976);
#2975 = CARTESIAN_POINT('',(-0.78,3.05,0.4));
#2976 = VECTOR('',#2977,1.);
#2977 = DIRECTION('',(0.,-1.,0.));
#2978 = ORIENTED_EDGE('',*,*,#2648,.F.);
#2979 = PLANE('',#2980);
#2980 = AXIS2_PLACEMENT_3D('',#2981,#2982,#2983);
#2981 = CARTESIAN_POINT('',(-0.78,3.05,0.));
#2982 = DIRECTION('',(1.,0.,0.));
#2983 = DIRECTION('',(0.,-1.,0.));
#2984 = ADVANCED_FACE('',(#2985),#3002,.F.);
#2985 = FACE_BOUND('',#2986,.F.);
#2986 = EDGE_LOOP('',(#2987,#2993,#2994,#3000,#3001));
#2987 = ORIENTED_EDGE('',*,*,#2988,.T.);
#2988 = EDGE_CURVE('',#1656,#2722,#2989,.T.);
#2989 = LINE('',#2990,#2991);
#2990 = CARTESIAN_POINT('',(1.99,2.5,0.));
#2991 = VECTOR('',#2992,1.);
#2992 = DIRECTION('',(0.,0.,1.));
#2993 = ORIENTED_EDGE('',*,*,#2721,.T.);
#2994 = ORIENTED_EDGE('',*,*,#2995,.T.);
#2995 = EDGE_CURVE('',#2714,#1934,#2996,.T.);
#2996 = LINE('',#2997,#2998);
#2997 = CARTESIAN_POINT('',(1.99,2.5,3.));
#2998 = VECTOR('',#2999,1.);
#2999 = DIRECTION('',(0.,1.,0.));
#3000 = ORIENTED_EDGE('',*,*,#1933,.F.);
#3001 = ORIENTED_EDGE('',*,*,#1663,.F.);
#3002 = PLANE('',#3003);
#3003 = AXIS2_PLACEMENT_3D('',#3004,#3005,#3006);
#3004 = CARTESIAN_POINT('',(1.99,2.5,0.));
#3005 = DIRECTION('',(-1.,0.,0.));
#3006 = DIRECTION('',(0.,1.,0.));
#3007 = ADVANCED_FACE('',(#3008),#3019,.F.);
#3008 = FACE_BOUND('',#3009,.F.);
#3009 = EDGE_LOOP('',(#3010,#3011,#3012,#3018));
#3010 = ORIENTED_EDGE('',*,*,#1655,.F.);
#3011 = ORIENTED_EDGE('',*,*,#2843,.T.);
#3012 = ORIENTED_EDGE('',*,*,#3013,.F.);
#3013 = EDGE_CURVE('',#2722,#2698,#3014,.T.);
#3014 = LINE('',#3015,#3016);
#3015 = CARTESIAN_POINT('',(1.9975,2.5,0.4));
#3016 = VECTOR('',#3017,1.);
#3017 = DIRECTION('',(1.,0.,0.));
#3018 = ORIENTED_EDGE('',*,*,#2988,.F.);
#3019 = PLANE('',#3020);
#3020 = AXIS2_PLACEMENT_3D('',#3021,#3022,#3023);
#3021 = CARTESIAN_POINT('',(3.22,2.5,0.));
#3022 = DIRECTION('',(0.,-1.,0.));
#3023 = DIRECTION('',(-1.,0.,0.));
#3024 = ADVANCED_FACE('',(#3025),#3044,.T.);
#3025 = FACE_BOUND('',#3026,.F.);
#3026 = EDGE_LOOP('',(#3027,#3035,#3042,#3043));
#3027 = ORIENTED_EDGE('',*,*,#3028,.T.);
#3028 = EDGE_CURVE('',#1818,#3029,#3031,.T.);
#3029 = VERTEX_POINT('',#3030);
#3030 = CARTESIAN_POINT('',(-4.5,0.,-0.55));
#3031 = LINE('',#3032,#3033);
#3032 = CARTESIAN_POINT('',(-4.5,0.,0.));
#3033 = VECTOR('',#3034,1.);
#3034 = DIRECTION('',(0.,0.,-1.));
#3035 = ORIENTED_EDGE('',*,*,#3036,.T.);
#3036 = EDGE_CURVE('',#3029,#3029,#3037,.T.);
#3037 = CIRCLE('',#3038,0.375);
#3038 = AXIS2_PLACEMENT_3D('',#3039,#3040,#3041);
#3039 = CARTESIAN_POINT('',(-4.875,0.,-0.55));
#3040 = DIRECTION('',(0.,0.,-1.));
#3041 = DIRECTION('',(1.,0.,0.));
#3042 = ORIENTED_EDGE('',*,*,#3028,.F.);
#3043 = ORIENTED_EDGE('',*,*,#1817,.F.);
#3044 = CYLINDRICAL_SURFACE('',#3045,0.375);
#3045 = AXIS2_PLACEMENT_3D('',#3046,#3047,#3048);
#3046 = CARTESIAN_POINT('',(-4.875,0.,0.));
#3047 = DIRECTION('',(0.,0.,1.));
#3048 = DIRECTION('',(1.,0.,0.));
#3049 = ADVANCED_FACE('',(#3050),#3069,.T.);
#3050 = FACE_BOUND('',#3051,.F.);
#3051 = EDGE_LOOP('',(#3052,#3060,#3067,#3068));
#3052 = ORIENTED_EDGE('',*,*,#3053,.T.);
#3053 = EDGE_CURVE('',#1829,#3054,#3056,.T.);
#3054 = VERTEX_POINT('',#3055);
#3055 = CARTESIAN_POINT('',(2.5,0.,-0.55));
#3056 = LINE('',#3057,#3058);
#3057 = CARTESIAN_POINT('',(2.5,0.,0.));
#3058 = VECTOR('',#3059,1.);
#3059 = DIRECTION('',(0.,0.,-1.));
#3060 = ORIENTED_EDGE('',*,*,#3061,.T.);
#3061 = EDGE_CURVE('',#3054,#3054,#3062,.T.);
#3062 = CIRCLE('',#3063,0.375);
#3063 = AXIS2_PLACEMENT_3D('',#3064,#3065,#3066);
#3064 = CARTESIAN_POINT('',(2.125,0.,-0.55));
#3065 = DIRECTION('',(0.,0.,-1.));
#3066 = DIRECTION('',(1.,0.,0.));
#3067 = ORIENTED_EDGE('',*,*,#3053,.F.);
#3068 = ORIENTED_EDGE('',*,*,#1828,.F.);
#3069 = CYLINDRICAL_SURFACE('',#3070,0.375);
#3070 = AXIS2_PLACEMENT_3D('',#3071,#3072,#3073);
#3071 = CARTESIAN_POINT('',(2.125,0.,0.));
#3072 = DIRECTION('',(0.,0.,1.));
#3073 = DIRECTION('',(1.,0.,0.));
#3074 = ADVANCED_FACE('',(#3075),#3086,.F.);
#3075 = FACE_BOUND('',#3076,.F.);
#3076 = EDGE_LOOP('',(#3077,#3078,#3079,#3080));
#3077 = ORIENTED_EDGE('',*,*,#2697,.T.);
#3078 = ORIENTED_EDGE('',*,*,#2759,.T.);
#3079 = ORIENTED_EDGE('',*,*,#1957,.T.);
#3080 = ORIENTED_EDGE('',*,*,#3081,.T.);
#3081 = EDGE_CURVE('',#1950,#2698,#3082,.T.);
#3082 = LINE('',#3083,#3084);
#3083 = CARTESIAN_POINT('',(3.22,3.05,0.4));
#3084 = VECTOR('',#3085,1.);
#3085 = DIRECTION('',(0.,-1.,0.));
#3086 = PLANE('',#3087);
#3087 = AXIS2_PLACEMENT_3D('',#3088,#3089,#3090);
#3088 = CARTESIAN_POINT('',(3.82,2.575,0.4));
#3089 = DIRECTION('',(0.,0.,1.));
#3090 = DIRECTION('',(1.,0.,0.));
#3091 = ADVANCED_FACE('',(#3092),#3103,.F.);
#3092 = FACE_BOUND('',#3093,.F.);
#3093 = EDGE_LOOP('',(#3094,#3095,#3096,#3102));
#3094 = ORIENTED_EDGE('',*,*,#3081,.F.);
#3095 = ORIENTED_EDGE('',*,*,#1949,.T.);
#3096 = ORIENTED_EDGE('',*,*,#3097,.T.);
#3097 = EDGE_CURVE('',#1942,#2706,#3098,.T.);
#3098 = LINE('',#3099,#3100);
#3099 = CARTESIAN_POINT('',(3.22,3.05,3.));
#3100 = VECTOR('',#3101,1.);
#3101 = DIRECTION('',(0.,-1.,0.));
#3102 = ORIENTED_EDGE('',*,*,#2705,.F.);
#3103 = PLANE('',#3104);
#3104 = AXIS2_PLACEMENT_3D('',#3105,#3106,#3107);
#3105 = CARTESIAN_POINT('',(3.22,3.05,0.));
#3106 = DIRECTION('',(1.,0.,0.));
#3107 = DIRECTION('',(0.,-1.,0.));
#3108 = ADVANCED_FACE('',(#3109),#3115,.F.);
#3109 = FACE_BOUND('',#3110,.T.);
#3110 = EDGE_LOOP('',(#3111,#3112,#3113,#3114));
#3111 = ORIENTED_EDGE('',*,*,#3097,.T.);
#3112 = ORIENTED_EDGE('',*,*,#2713,.T.);
#3113 = ORIENTED_EDGE('',*,*,#2995,.T.);
#3114 = ORIENTED_EDGE('',*,*,#1941,.T.);
#3115 = PLANE('',#3116);
#3116 = AXIS2_PLACEMENT_3D('',#3117,#3118,#3119);
#3117 = CARTESIAN_POINT('',(2.605,2.775,3.));
#3118 = DIRECTION('',(0.,0.,1.));
#3119 = DIRECTION('',(1.,0.,0.));
#3120 = ADVANCED_FACE('',(#3121),#3132,.F.);
#3121 = FACE_BOUND('',#3122,.F.);
#3122 = EDGE_LOOP('',(#3123,#3124,#3125,#3126));
#3123 = ORIENTED_EDGE('',*,*,#2543,.T.);
#3124 = ORIENTED_EDGE('',*,*,#2605,.T.);
#3125 = ORIENTED_EDGE('',*,*,#1918,.T.);
#3126 = ORIENTED_EDGE('',*,*,#3127,.T.);
#3127 = EDGE_CURVE('',#1911,#2544,#3128,.T.);
#3128 = LINE('',#3129,#3130);
#3129 = CARTESIAN_POINT('',(-0.78,3.05,0.4));
#3130 = VECTOR('',#3131,1.);
#3131 = DIRECTION('',(0.,-1.,0.));
#3132 = PLANE('',#3133);
#3133 = AXIS2_PLACEMENT_3D('',#3134,#3135,#3136);
#3134 = CARTESIAN_POINT('',(-0.18,2.575,0.4));
#3135 = DIRECTION('',(0.,0.,1.));
#3136 = DIRECTION('',(1.,0.,0.));
#3137 = ADVANCED_FACE('',(#3138),#3149,.F.);
#3138 = FACE_BOUND('',#3139,.F.);
#3139 = EDGE_LOOP('',(#3140,#3141,#3142,#3148));
#3140 = ORIENTED_EDGE('',*,*,#3127,.F.);
#3141 = ORIENTED_EDGE('',*,*,#1910,.T.);
#3142 = ORIENTED_EDGE('',*,*,#3143,.T.);
#3143 = EDGE_CURVE('',#1903,#2552,#3144,.T.);
#3144 = LINE('',#3145,#3146);
#3145 = CARTESIAN_POINT('',(-0.78,3.05,3.));
#3146 = VECTOR('',#3147,1.);
#3147 = DIRECTION('',(0.,-1.,0.));
#3148 = ORIENTED_EDGE('',*,*,#2551,.F.);
#3149 = PLANE('',#3150);
#3150 = AXIS2_PLACEMENT_3D('',#3151,#3152,#3153);
#3151 = CARTESIAN_POINT('',(-0.78,3.05,0.));
#3152 = DIRECTION('',(1.,0.,0.));
#3153 = DIRECTION('',(0.,-1.,0.));
#3154 = ADVANCED_FACE('',(#3155),#3161,.F.);
#3155 = FACE_BOUND('',#3156,.T.);
#3156 = EDGE_LOOP('',(#3157,#3158,#3159,#3160));
#3157 = ORIENTED_EDGE('',*,*,#3143,.T.);
#3158 = ORIENTED_EDGE('',*,*,#2559,.T.);
#3159 = ORIENTED_EDGE('',*,*,#2933,.T.);
#3160 = ORIENTED_EDGE('',*,*,#1902,.T.);
#3161 = PLANE('',#3162);
#3162 = AXIS2_PLACEMENT_3D('',#3163,#3164,#3165);
#3163 = CARTESIAN_POINT('',(-1.395,2.775,3.));
#3164 = DIRECTION('',(0.,0.,1.));
#3165 = DIRECTION('',(1.,0.,0.));
#3166 = ADVANCED_FACE('',(#3167),#3178,.F.);
#3167 = FACE_BOUND('',#3168,.F.);
#3168 = EDGE_LOOP('',(#3169,#3170,#3171,#3172));
#3169 = ORIENTED_EDGE('',*,*,#2389,.T.);
#3170 = ORIENTED_EDGE('',*,*,#2451,.T.);
#3171 = ORIENTED_EDGE('',*,*,#1879,.T.);
#3172 = ORIENTED_EDGE('',*,*,#3173,.T.);
#3173 = EDGE_CURVE('',#1872,#2390,#3174,.T.);
#3174 = LINE('',#3175,#3176);
#3175 = CARTESIAN_POINT('',(-3.78,3.05,0.4));
#3176 = VECTOR('',#3177,1.);
#3177 = DIRECTION('',(0.,-1.,0.));
#3178 = PLANE('',#3179);
#3179 = AXIS2_PLACEMENT_3D('',#3180,#3181,#3182);
#3180 = CARTESIAN_POINT('',(-3.18,2.575,0.4));
#3181 = DIRECTION('',(0.,0.,1.));
#3182 = DIRECTION('',(1.,0.,0.));
#3183 = ADVANCED_FACE('',(#3184),#3195,.F.);
#3184 = FACE_BOUND('',#3185,.F.);
#3185 = EDGE_LOOP('',(#3186,#3187,#3188,#3194));
#3186 = ORIENTED_EDGE('',*,*,#3173,.F.);
#3187 = ORIENTED_EDGE('',*,*,#1871,.T.);
#3188 = ORIENTED_EDGE('',*,*,#3189,.T.);
#3189 = EDGE_CURVE('',#1864,#2398,#3190,.T.);
#3190 = LINE('',#3191,#3192);
#3191 = CARTESIAN_POINT('',(-3.78,3.05,3.));
#3192 = VECTOR('',#3193,1.);
#3193 = DIRECTION('',(0.,-1.,0.));
#3194 = ORIENTED_EDGE('',*,*,#2397,.F.);
#3195 = PLANE('',#3196);
#3196 = AXIS2_PLACEMENT_3D('',#3197,#3198,#3199);
#3197 = CARTESIAN_POINT('',(-3.78,3.05,0.));
#3198 = DIRECTION('',(1.,0.,0.));
#3199 = DIRECTION('',(0.,-1.,0.));
#3200 = ADVANCED_FACE('',(#3201),#3207,.F.);
#3201 = FACE_BOUND('',#3202,.T.);
#3202 = EDGE_LOOP('',(#3203,#3204,#3205,#3206));
#3203 = ORIENTED_EDGE('',*,*,#3189,.T.);
#3204 = ORIENTED_EDGE('',*,*,#2405,.T.);
#3205 = ORIENTED_EDGE('',*,*,#2871,.T.);
#3206 = ORIENTED_EDGE('',*,*,#1863,.T.);
#3207 = PLANE('',#3208);
#3208 = AXIS2_PLACEMENT_3D('',#3209,#3210,#3211);
#3209 = CARTESIAN_POINT('',(-4.395,2.775,3.));
#3210 = DIRECTION('',(0.,0.,1.));
#3211 = DIRECTION('',(1.,0.,0.));
#3212 = ADVANCED_FACE('',(#3213,#3216),#3227,.F.);
#3213 = FACE_BOUND('',#3214,.F.);
#3214 = EDGE_LOOP('',(#3215));
#3215 = ORIENTED_EDGE('',*,*,#1999,.F.);
#3216 = FACE_BOUND('',#3217,.F.);
#3217 = EDGE_LOOP('',(#3218));
#3218 = ORIENTED_EDGE('',*,*,#3219,.F.);
#3219 = EDGE_CURVE('',#3220,#3220,#3222,.T.);
#3220 = VERTEX_POINT('',#3221);
#3221 = CARTESIAN_POINT('',(-8.475,-2.5,2.5));
#3222 = CIRCLE('',#3223,2.5);
#3223 = AXIS2_PLACEMENT_3D('',#3224,#3225,#3226);
#3224 = CARTESIAN_POINT('',(-8.475,0.,2.5));
#3225 = DIRECTION('',(-1.,0.,0.));
#3226 = DIRECTION('',(0.,-1.,0.));
#3227 = PLANE('',#3228);
#3228 = AXIS2_PLACEMENT_3D('',#3229,#3230,#3231);
#3229 = CARTESIAN_POINT('',(-8.475,0.,2.5));
#3230 = DIRECTION('',(1.,0.,0.));
#3231 = DIRECTION('',(0.,0.,1.));
#3232 = ADVANCED_FACE('',(#3233),#3244,.T.);
#3233 = FACE_BOUND('',#3234,.T.);
#3234 = EDGE_LOOP('',(#3235,#3236,#3237,#3238,#3239,#3240,#3241,#3242,
    #3243));
#3235 = ORIENTED_EDGE('',*,*,#2729,.F.);
#3236 = ORIENTED_EDGE('',*,*,#2777,.F.);
#3237 = ORIENTED_EDGE('',*,*,#2827,.F.);
#3238 = ORIENTED_EDGE('',*,*,#2049,.F.);
#3239 = ORIENTED_EDGE('',*,*,#2075,.F.);
#3240 = ORIENTED_EDGE('',*,*,#2313,.F.);
#3241 = ORIENTED_EDGE('',*,*,#2807,.F.);
#3242 = ORIENTED_EDGE('',*,*,#2849,.F.);
#3243 = ORIENTED_EDGE('',*,*,#3013,.F.);
#3244 = PLANE('',#3245);
#3245 = AXIS2_PLACEMENT_3D('',#3246,#3247,#3248);
#3246 = CARTESIAN_POINT('',(-0.425,-2.E-16,0.4));
#3247 = DIRECTION('',(0.,0.,1.));
#3248 = DIRECTION('',(1.,0.,0.));
#3249 = ADVANCED_FACE('',(#3250),#3261,.T.);
#3250 = FACE_BOUND('',#3251,.T.);
#3251 = EDGE_LOOP('',(#3252,#3253,#3254,#3255,#3256,#3257,#3258,#3259,
    #3260));
#3252 = ORIENTED_EDGE('',*,*,#2421,.F.);
#3253 = ORIENTED_EDGE('',*,*,#2469,.F.);
#3254 = ORIENTED_EDGE('',*,*,#2519,.F.);
#3255 = ORIENTED_EDGE('',*,*,#2187,.F.);
#3256 = ORIENTED_EDGE('',*,*,#2108,.F.);
#3257 = ORIENTED_EDGE('',*,*,#2139,.F.);
#3258 = ORIENTED_EDGE('',*,*,#2502,.F.);
#3259 = ORIENTED_EDGE('',*,*,#2911,.F.);
#3260 = ORIENTED_EDGE('',*,*,#2894,.F.);
#3261 = PLANE('',#3262);
#3262 = AXIS2_PLACEMENT_3D('',#3263,#3264,#3265);
#3263 = CARTESIAN_POINT('',(-7.425,-2.E-16,0.4));
#3264 = DIRECTION('',(0.,0.,1.));
#3265 = DIRECTION('',(1.,0.,0.));
#3266 = ADVANCED_FACE('',(#3267),#3278,.T.);
#3267 = FACE_BOUND('',#3268,.T.);
#3268 = EDGE_LOOP('',(#3269,#3270,#3271,#3272,#3273,#3274,#3275,#3276,
    #3277));
#3269 = ORIENTED_EDGE('',*,*,#2575,.F.);
#3270 = ORIENTED_EDGE('',*,*,#2623,.F.);
#3271 = ORIENTED_EDGE('',*,*,#2673,.F.);
#3272 = ORIENTED_EDGE('',*,*,#2244,.F.);
#3273 = ORIENTED_EDGE('',*,*,#2213,.F.);
#3274 = ORIENTED_EDGE('',*,*,#2275,.F.);
#3275 = ORIENTED_EDGE('',*,*,#2656,.F.);
#3276 = ORIENTED_EDGE('',*,*,#2973,.F.);
#3277 = ORIENTED_EDGE('',*,*,#2956,.F.);
#3278 = PLANE('',#3279);
#3279 = AXIS2_PLACEMENT_3D('',#3280,#3281,#3282);
#3280 = CARTESIAN_POINT('',(-4.425,-2.E-16,0.4));
#3281 = DIRECTION('',(0.,0.,1.));
#3282 = DIRECTION('',(1.,0.,0.));
#3283 = ADVANCED_FACE('',(#3284),#3297,.T.);
#3284 = FACE_BOUND('',#3285,.F.);
#3285 = EDGE_LOOP('',(#3286,#3287,#3293,#3294,#3295,#3296));
#3286 = ORIENTED_EDGE('',*,*,#2345,.F.);
#3287 = ORIENTED_EDGE('',*,*,#3288,.T.);
#3288 = EDGE_CURVE('',#2337,#3220,#3289,.T.);
#3289 = LINE('',#3290,#3291);
#3290 = CARTESIAN_POINT('',(-6.475,-2.5,2.5));
#3291 = VECTOR('',#3292,1.);
#3292 = DIRECTION('',(-1.,0.,0.));
#3293 = ORIENTED_EDGE('',*,*,#3219,.T.);
#3294 = ORIENTED_EDGE('',*,*,#3288,.F.);
#3295 = ORIENTED_EDGE('',*,*,#2336,.F.);
#3296 = ORIENTED_EDGE('',*,*,#2365,.F.);
#3297 = CYLINDRICAL_SURFACE('',#3298,2.5);
#3298 = AXIS2_PLACEMENT_3D('',#3299,#3300,#3301);
#3299 = CARTESIAN_POINT('',(-6.475,0.,2.5));
#3300 = DIRECTION('',(1.,0.,0.));
#3301 = DIRECTION('',(0.,-1.,0.));
#3302 = ADVANCED_FACE('',(#3303),#3322,.T.);
#3303 = FACE_BOUND('',#3304,.T.);
#3304 = EDGE_LOOP('',(#3305,#3313,#3314,#3315));
#3305 = ORIENTED_EDGE('',*,*,#3306,.F.);
#3306 = EDGE_CURVE('',#3029,#3307,#3309,.T.);
#3307 = VERTEX_POINT('',#3308);
#3308 = CARTESIAN_POINT('',(-4.6,0.,-0.65));
#3309 = LINE('',#3310,#3311);
#3310 = CARTESIAN_POINT('',(-4.5,0.,-0.55));
#3311 = VECTOR('',#3312,1.);
#3312 = DIRECTION('',(-0.707106781187,0.,-0.707106781187));
#3313 = ORIENTED_EDGE('',*,*,#3036,.T.);
#3314 = ORIENTED_EDGE('',*,*,#3306,.T.);
#3315 = ORIENTED_EDGE('',*,*,#3316,.F.);
#3316 = EDGE_CURVE('',#3307,#3307,#3317,.T.);
#3317 = CIRCLE('',#3318,0.275);
#3318 = AXIS2_PLACEMENT_3D('',#3319,#3320,#3321);
#3319 = CARTESIAN_POINT('',(-4.875,0.,-0.65));
#3320 = DIRECTION('',(0.,0.,-1.));
#3321 = DIRECTION('',(1.,0.,0.));
#3322 = CONICAL_SURFACE('',#3323,0.375,0.785398163397);
#3323 = AXIS2_PLACEMENT_3D('',#3324,#3325,#3326);
#3324 = CARTESIAN_POINT('',(-4.875,0.,-0.55));
#3325 = DIRECTION('',(0.,0.,1.));
#3326 = DIRECTION('',(1.,0.,0.));
#3327 = ADVANCED_FACE('',(#3328),#3347,.T.);
#3328 = FACE_BOUND('',#3329,.T.);
#3329 = EDGE_LOOP('',(#3330,#3338,#3339,#3340));
#3330 = ORIENTED_EDGE('',*,*,#3331,.F.);
#3331 = EDGE_CURVE('',#3054,#3332,#3334,.T.);
#3332 = VERTEX_POINT('',#3333);
#3333 = CARTESIAN_POINT('',(2.4,0.,-0.65));
#3334 = LINE('',#3335,#3336);
#3335 = CARTESIAN_POINT('',(2.5,0.,-0.55));
#3336 = VECTOR('',#3337,1.);
#3337 = DIRECTION('',(-0.707106781187,0.,-0.707106781187));
#3338 = ORIENTED_EDGE('',*,*,#3061,.T.);
#3339 = ORIENTED_EDGE('',*,*,#3331,.T.);
#3340 = ORIENTED_EDGE('',*,*,#3341,.F.);
#3341 = EDGE_CURVE('',#3332,#3332,#3342,.T.);
#3342 = CIRCLE('',#3343,0.275);
#3343 = AXIS2_PLACEMENT_3D('',#3344,#3345,#3346);
#3344 = CARTESIAN_POINT('',(2.125,0.,-0.65));
#3345 = DIRECTION('',(0.,0.,-1.));
#3346 = DIRECTION('',(1.,0.,0.));
#3347 = CONICAL_SURFACE('',#3348,0.375,0.785398163397);
#3348 = AXIS2_PLACEMENT_3D('',#3349,#3350,#3351);
#3349 = CARTESIAN_POINT('',(2.125,0.,-0.55));
#3350 = DIRECTION('',(0.,0.,1.));
#3351 = DIRECTION('',(1.,0.,0.));
#3352 = ADVANCED_FACE('',(#3353),#3356,.F.);
#3353 = FACE_BOUND('',#3354,.F.);
#3354 = EDGE_LOOP('',(#3355));
#3355 = ORIENTED_EDGE('',*,*,#3316,.F.);
#3356 = PLANE('',#3357);
#3357 = AXIS2_PLACEMENT_3D('',#3358,#3359,#3360);
#3358 = CARTESIAN_POINT('',(-1.375,-2.E-17,-0.65));
#3359 = DIRECTION('',(0.,0.,1.));
#3360 = DIRECTION('',(1.,0.,0.));
#3361 = ADVANCED_FACE('',(#3362),#3365,.F.);
#3362 = FACE_BOUND('',#3363,.F.);
#3363 = EDGE_LOOP('',(#3364));
#3364 = ORIENTED_EDGE('',*,*,#3341,.F.);
#3365 = PLANE('',#3366);
#3366 = AXIS2_PLACEMENT_3D('',#3367,#3368,#3369);
#3367 = CARTESIAN_POINT('',(-1.375,-2.E-17,-0.65));
#3368 = DIRECTION('',(0.,0.,1.));
#3369 = DIRECTION('',(1.,0.,0.));
#3370 = ( GEOMETRIC_REPRESENTATION_CONTEXT(3) 
GLOBAL_UNCERTAINTY_ASSIGNED_CONTEXT((#3374)) 
GLOBAL_UNIT_ASSIGNED_CONTEXT((#3371,#3372,#3373)) REPRESENTATION_CONTEXT
('Context #1','3D Context with UNIT and UNCERTAINTY') );
#3371 = ( LENGTH_UNIT() NAMED_UNIT(*) SI_UNIT(.MILLI.,.METRE.) );
#3372 = ( NAMED_UNIT(*) PLANE_ANGLE_UNIT() SI_UNIT($,.RADIAN.) );
#3373 = ( NAMED_UNIT(*) SI_UNIT($,.STERADIAN.) SOLID_ANGLE_UNIT() );
#3374 = UNCERTAINTY_MEASURE_WITH_UNIT(LENGTH_MEASURE(1.E-05),#3371,
  'distance_accuracy_value','confusion accuracy');
#3375 = CONTEXT_DEPENDENT_SHAPE_REPRESENTATION(#3376,#3378);
#3376 = ( REPRESENTATION_RELATIONSHIP('','',#36,#10) 
REPRESENTATION_RELATIONSHIP_WITH_TRANSFORMATION(#3377) 
SHAPE_REPRESENTATION_RELATIONSHIP() );
#3377 = ITEM_DEFINED_TRANSFORMATION('','',#11,#15);
#3378 = PRODUCT_DEFINITION_SHAPE('Placement','Placement of an item',
  #3379);
#3379 = NEXT_ASSEMBLY_USAGE_OCCURRENCE('31','Body','',#5,#31,$);
#3380 = PRODUCT_RELATED_PRODUCT_CATEGORY('part',$,(#33));
#3381 = SHAPE_DEFINITION_REPRESENTATION(#3382,#3388);
#3382 = PRODUCT_DEFINITION_SHAPE('','',#3383);
#3383 = PRODUCT_DEFINITION('design','',#3384,#3387);
#3384 = PRODUCT_DEFINITION_FORMATION('','',#3385);
#3385 = PRODUCT('Pins','Pins','',(#3386));
#3386 = PRODUCT_CONTEXT('',#2,'mechanical');
#3387 = PRODUCT_DEFINITION_CONTEXT('part definition',#2,'design');
#3388 = SHAPE_REPRESENTATION('',(#11,#3389,#3393,#3397,#3401),#3405);
#3389 = AXIS2_PLACEMENT_3D('',#3390,#3391,#3392);
#3390 = CARTESIAN_POINT('',(0.,0.,0.));
#3391 = DIRECTION('',(0.,0.,1.));
#3392 = DIRECTION('',(1.,0.,0.));
#3393 = AXIS2_PLACEMENT_3D('',#3394,#3395,#3396);
#3394 = CARTESIAN_POINT('',(0.,0.,0.));
#3395 = DIRECTION('',(0.,0.,1.));
#3396 = DIRECTION('',(1.,0.,0.));
#3397 = AXIS2_PLACEMENT_3D('',#3398,#3399,#3400);
#3398 = CARTESIAN_POINT('',(-4.,0.,0.));
#3399 = DIRECTION('',(0.,0.,1.));
#3400 = DIRECTION('',(1.,0.,0.));
#3401 = AXIS2_PLACEMENT_3D('',#3402,#3403,#3404);
#3402 = CARTESIAN_POINT('',(-7.,0.,0.));
#3403 = DIRECTION('',(0.,0.,1.));
#3404 = DIRECTION('',(1.,0.,0.));
#3405 = ( GEOMETRIC_REPRESENTATION_CONTEXT(3) 
GLOBAL_UNCERTAINTY_ASSIGNED_CONTEXT((#3409)) 
GLOBAL_UNIT_ASSIGNED_CONTEXT((#3406,#3407,#3408)) REPRESENTATION_CONTEXT
('Context #1','3D Context with UNIT and UNCERTAINTY') );
#3406 = ( LENGTH_UNIT() NAMED_UNIT(*) SI_UNIT(.MILLI.,.METRE.) );
#3407 = ( NAMED_UNIT(*) PLANE_ANGLE_UNIT() SI_UNIT($,.RADIAN.) );
#3408 = ( NAMED_UNIT(*) SI_UNIT($,.STERADIAN.) SOLID_ANGLE_UNIT() );
#3409 = UNCERTAINTY_MEASURE_WITH_UNIT(LENGTH_MEASURE(1.E-06),#3406,
  'distance_accuracy_value','confusion accuracy');
#3410 = CONTEXT_DEPENDENT_SHAPE_REPRESENTATION(#3411,#3413);
#3411 = ( REPRESENTATION_RELATIONSHIP('','',#3388,#10) 
REPRESENTATION_RELATIONSHIP_WITH_TRANSFORMATION(#3412) 
SHAPE_REPRESENTATION_RELATIONSHIP() );
#3412 = ITEM_DEFINED_TRANSFORMATION('','',#11,#19);
#3413 = PRODUCT_DEFINITION_SHAPE('Placement','Placement of an item',
  #3414);
#3414 = NEXT_ASSEMBLY_USAGE_OCCURRENCE('36','Pins','',#5,#3383,$);
#3415 = PRODUCT_RELATED_PRODUCT_CATEGORY('part',$,(#3385));
#3416 = SHAPE_DEFINITION_REPRESENTATION(#3417,#3423);
#3417 = PRODUCT_DEFINITION_SHAPE('','',#3418);
#3418 = PRODUCT_DEFINITION('design','',#3419,#3422);
#3419 = PRODUCT_DEFINITION_FORMATION('','',#3420);
#3420 = PRODUCT('GND','GND','',(#3421));
#3421 = PRODUCT_CONTEXT('',#2,'mechanical');
#3422 = PRODUCT_DEFINITION_CONTEXT('part definition',#2,'design');
#3423 = ADVANCED_BREP_SHAPE_REPRESENTATION('',(#11,#3424),#5135);
#3424 = MANIFOLD_SOLID_BREP('',#3425);
#3425 = CLOSED_SHELL('',(#3426,#3518,#3567,#3592,#3617,#3658,#3682,#3707
    ,#3732,#3756,#3787,#3812,#3829,#3857,#3869,#4086,#4110,#4320,#4337,
    #4393,#4410,#4435,#4452,#4500,#4517,#4534,#4546,#4558,#4614,#4631,
    #4656,#4673,#4721,#4738,#4755,#4772,#4789,#4806,#4823,#4840,#4857,
    #4869,#4886,#4903,#4938,#4963,#4990,#5007,#5042,#5067,#5094,#5111,
    #5123));
#3426 = ADVANCED_FACE('',(#3427),#3513,.T.);
#3427 = FACE_BOUND('',#3428,.T.);
#3428 = EDGE_LOOP('',(#3429,#3439,#3447,#3455,#3464,#3472,#3481,#3489,
    #3498,#3506));
#3429 = ORIENTED_EDGE('',*,*,#3430,.F.);
#3430 = EDGE_CURVE('',#3431,#3433,#3435,.T.);
#3431 = VERTEX_POINT('',#3432);
#3432 = CARTESIAN_POINT('',(-7.513397462304,-1.935504728009,
    1.750000000044));
#3433 = VERTEX_POINT('',#3434);
#3434 = CARTESIAN_POINT('',(-7.255173515472,-1.78641906532,
    1.750000000044));
#3435 = LINE('',#3436,#3437);
#3436 = CARTESIAN_POINT('',(-7.255173515472,-1.78641906532,
    1.750000000044));
#3437 = VECTOR('',#3438,1.);
#3438 = DIRECTION('',(0.866025407453,0.499999993646,1.629068175117E-24)
  );
#3439 = ORIENTED_EDGE('',*,*,#3440,.T.);
#3440 = EDGE_CURVE('',#3431,#3441,#3443,.T.);
#3441 = VERTEX_POINT('',#3442);
#3442 = CARTESIAN_POINT('',(-7.638397459622,-1.71899837804,
    1.750000000044));
#3443 = LINE('',#3444,#3445);
#3444 = CARTESIAN_POINT('',(-7.513397460843,-1.935504730539,
    1.750000000044));
#3445 = VECTOR('',#3446,1.);
#3446 = DIRECTION('',(-0.499999993646,0.866025407453,-2.22044604925E-16)
  );
#3447 = ORIENTED_EDGE('',*,*,#3448,.T.);
#3448 = EDGE_CURVE('',#3441,#3449,#3451,.T.);
#3449 = VERTEX_POINT('',#3450);
#3450 = CARTESIAN_POINT('',(-7.380173513884,-1.569912713457,
    1.750000000044));
#3451 = LINE('',#3452,#3453);
#3452 = CARTESIAN_POINT('',(-7.380173513884,-1.569912713457,
    1.750000000044));
#3453 = VECTOR('',#3454,1.);
#3454 = DIRECTION('',(0.866025403784,0.5,-1.629068175117E-24));
#3455 = ORIENTED_EDGE('',*,*,#3456,.T.);
#3456 = EDGE_CURVE('',#3449,#3457,#3459,.T.);
#3457 = VERTEX_POINT('',#3458);
#3458 = CARTESIAN_POINT('',(-6.897064117526,-1.59100572523,
    1.750000000044));
#3459 = CIRCLE('',#3460,0.45);
#3460 = AXIS2_PLACEMENT_3D('',#3461,#3462,#3463);
#3461 = CARTESIAN_POINT('',(-7.155173513884,-1.95962414516,
    1.750000000044));
#3462 = DIRECTION('',(0.,0.,-1.));
#3463 = DIRECTION('',(1.,0.,0.));
#3464 = ORIENTED_EDGE('',*,*,#3465,.T.);
#3465 = EDGE_CURVE('',#3457,#3466,#3468,.T.);
#3466 = VERTEX_POINT('',#3467);
#3467 = CARTESIAN_POINT('',(-6.364615288738,-1.963830408858,
    1.750000000044));
#3468 = LINE('',#3469,#3470);
#3469 = CARTESIAN_POINT('',(-6.364615288738,-1.963830408858,
    1.750000000044));
#3470 = VECTOR('',#3471,1.);
#3471 = DIRECTION('',(0.819152044289,-0.573576436351,-1.629068125813E-24
    ));
#3472 = ORIENTED_EDGE('',*,*,#3473,.T.);
#3473 = EDGE_CURVE('',#3466,#3474,#3476,.T.);
#3474 = VERTEX_POINT('',#3475);
#3475 = CARTESIAN_POINT('',(-6.2499,-2.,1.750000000044));
#3476 = CIRCLE('',#3477,0.2);
#3477 = AXIS2_PLACEMENT_3D('',#3478,#3479,#3480);
#3478 = CARTESIAN_POINT('',(-6.249900001467,-1.8,1.750000000044));
#3479 = DIRECTION('',(0.,0.,1.));
#3480 = DIRECTION('',(1.,0.,0.));
#3481 = ORIENTED_EDGE('',*,*,#3482,.F.);
#3482 = EDGE_CURVE('',#3483,#3474,#3485,.T.);
#3483 = VERTEX_POINT('',#3484);
#3484 = CARTESIAN_POINT('',(-6.2499,-2.25,1.750000000044));
#3485 = LINE('',#3486,#3487);
#3486 = CARTESIAN_POINT('',(-6.2499,-2.25,1.750000000044));
#3487 = VECTOR('',#3488,1.);
#3488 = DIRECTION('',(0.,1.,-2.22044604925E-16));
#3489 = ORIENTED_EDGE('',*,*,#3490,.F.);
#3490 = EDGE_CURVE('',#3491,#3483,#3493,.T.);
#3491 = VERTEX_POINT('',#3492);
#3492 = CARTESIAN_POINT('',(-6.508009399328,-2.168618418878,
    1.750000000044));
#3493 = CIRCLE('',#3494,0.45);
#3494 = AXIS2_PLACEMENT_3D('',#3495,#3496,#3497);
#3495 = CARTESIAN_POINT('',(-6.249900001467,-1.8,1.750000000044));
#3496 = DIRECTION('',(-0.,0.,1.));
#3497 = DIRECTION('',(1.,-4.075927743467E-09,0.));
#3498 = ORIENTED_EDGE('',*,*,#3499,.F.);
#3499 = EDGE_CURVE('',#3500,#3491,#3502,.T.);
#3500 = VERTEX_POINT('',#3501);
#3501 = CARTESIAN_POINT('',(-7.040458228116,-1.79579373525,
    1.750000000044));
#3502 = LINE('',#3503,#3504);
#3503 = CARTESIAN_POINT('',(-6.508009399328,-2.168618418878,
    1.750000000044));
#3504 = VECTOR('',#3505,1.);
#3505 = DIRECTION('',(0.819152040081,-0.573576442361,1.629068113487E-24)
  );
#3506 = ORIENTED_EDGE('',*,*,#3507,.F.);
#3507 = EDGE_CURVE('',#3433,#3500,#3508,.T.);
#3508 = CIRCLE('',#3509,0.2);
#3509 = AXIS2_PLACEMENT_3D('',#3510,#3511,#3512);
#3510 = CARTESIAN_POINT('',(-7.155173513884,-1.95962414516,
    1.750000000044));
#3511 = DIRECTION('',(0.,0.,-1.));
#3512 = DIRECTION('',(1.,9.170836312578E-09,0.));
#3513 = PLANE('',#3514);
#3514 = AXIS2_PLACEMENT_3D('',#3515,#3516,#3517);
#3515 = CARTESIAN_POINT('',(-6.954522126172,-1.849988427484,
    1.750000000044));
#3516 = DIRECTION('',(-0.,-0.,-1.));
#3517 = DIRECTION('',(-1.,0.,0.));
#3518 = ADVANCED_FACE('',(#3519),#3562,.F.);
#3519 = FACE_BOUND('',#3520,.F.);
#3520 = EDGE_LOOP('',(#3521,#3522,#3531,#3539,#3548,#3556));
#3521 = ORIENTED_EDGE('',*,*,#3430,.F.);
#3522 = ORIENTED_EDGE('',*,*,#3523,.T.);
#3523 = EDGE_CURVE('',#3431,#3524,#3526,.T.);
#3524 = VERTEX_POINT('',#3525);
#3525 = CARTESIAN_POINT('',(-7.600000001588,-1.985504729903,
    1.850000000044));
#3526 = CIRCLE('',#3527,0.1);
#3527 = AXIS2_PLACEMENT_3D('',#3528,#3529,#3530);
#3528 = CARTESIAN_POINT('',(-7.51339746121,-1.935504729903,
    1.850000000044));
#3529 = DIRECTION('',(-0.499999993646,0.866025407453,-2.22044604925E-16)
  );
#3530 = DIRECTION('',(-0.866025407453,-0.499999993646,0.));
#3531 = ORIENTED_EDGE('',*,*,#3532,.F.);
#3532 = EDGE_CURVE('',#3533,#3524,#3535,.T.);
#3533 = VERTEX_POINT('',#3534);
#3534 = CARTESIAN_POINT('',(-7.600000001588,-1.985504729903,3.15));
#3535 = LINE('',#3536,#3537);
#3536 = CARTESIAN_POINT('',(-7.600000001588,-1.985504729903,3.25));
#3537 = VECTOR('',#3538,1.);
#3538 = DIRECTION('',(1.110223010517E-16,-1.922962694529E-16,-1.));
#3539 = ORIENTED_EDGE('',*,*,#3540,.F.);
#3540 = EDGE_CURVE('',#3541,#3533,#3543,.T.);
#3541 = VERTEX_POINT('',#3542);
#3542 = CARTESIAN_POINT('',(-7.513397462304,-1.935504728009,3.25));
#3543 = CIRCLE('',#3544,0.1);
#3544 = AXIS2_PLACEMENT_3D('',#3545,#3546,#3547);
#3545 = CARTESIAN_POINT('',(-7.51339746121,-1.935504729903,3.15));
#3546 = DIRECTION('',(0.499999993646,-0.866025407453,2.22044604925E-16)
  );
#3547 = DIRECTION('',(-0.866025407453,-0.499999993646,0.));
#3548 = ORIENTED_EDGE('',*,*,#3549,.T.);
#3549 = EDGE_CURVE('',#3541,#3550,#3552,.T.);
#3550 = VERTEX_POINT('',#3551);
#3551 = CARTESIAN_POINT('',(-7.255173515472,-1.78641906532,3.25));
#3552 = LINE('',#3553,#3554);
#3553 = CARTESIAN_POINT('',(-7.255173515472,-1.78641906532,3.25));
#3554 = VECTOR('',#3555,1.);
#3555 = DIRECTION('',(0.866025407453,0.499999993646,1.629068175117E-24)
  );
#3556 = ORIENTED_EDGE('',*,*,#3557,.F.);
#3557 = EDGE_CURVE('',#3433,#3550,#3558,.T.);
#3558 = LINE('',#3559,#3560);
#3559 = CARTESIAN_POINT('',(-7.255173515472,-1.78641906532,3.25));
#3560 = VECTOR('',#3561,1.);
#3561 = DIRECTION('',(-1.110223010517E-16,1.922962694529E-16,1.));
#3562 = PLANE('',#3563);
#3563 = AXIS2_PLACEMENT_3D('',#3564,#3565,#3566);
#3564 = CARTESIAN_POINT('',(-7.255173515472,-1.78641906532,3.25));
#3565 = DIRECTION('',(-0.5,0.866025403784,-2.22044604925E-16));
#3566 = DIRECTION('',(-1.110223010517E-16,1.922962694529E-16,1.));
#3567 = ADVANCED_FACE('',(#3568),#3587,.T.);
#3568 = FACE_BOUND('',#3569,.T.);
#3569 = EDGE_LOOP('',(#3570,#3571,#3579,#3586));
#3570 = ORIENTED_EDGE('',*,*,#3523,.T.);
#3571 = ORIENTED_EDGE('',*,*,#3572,.T.);
#3572 = EDGE_CURVE('',#3524,#3573,#3575,.T.);
#3573 = VERTEX_POINT('',#3574);
#3574 = CARTESIAN_POINT('',(-7.725,-1.76899837804,1.850000000044));
#3575 = LINE('',#3576,#3577);
#3576 = CARTESIAN_POINT('',(-7.600000001588,-1.985504729903,
    1.850000000044));
#3577 = VECTOR('',#3578,1.);
#3578 = DIRECTION('',(-0.499999993646,0.866025407453,-2.22044604925E-16)
  );
#3579 = ORIENTED_EDGE('',*,*,#3580,.F.);
#3580 = EDGE_CURVE('',#3441,#3573,#3581,.T.);
#3581 = CIRCLE('',#3582,0.1);
#3582 = AXIS2_PLACEMENT_3D('',#3583,#3584,#3585);
#3583 = CARTESIAN_POINT('',(-7.638397459622,-1.71899837804,
    1.850000000044));
#3584 = DIRECTION('',(-0.499999993646,0.866025407453,-2.22044604925E-16)
  );
#3585 = DIRECTION('',(-0.866025407453,-0.499999993646,0.));
#3586 = ORIENTED_EDGE('',*,*,#3440,.F.);
#3587 = CYLINDRICAL_SURFACE('',#3588,0.1);
#3588 = AXIS2_PLACEMENT_3D('',#3589,#3590,#3591);
#3589 = CARTESIAN_POINT('',(-7.513397460843,-1.935504730539,
    1.850000000044));
#3590 = DIRECTION('',(-0.499999993646,0.866025407453,-2.22044604925E-16)
  );
#3591 = DIRECTION('',(1.110223010517E-16,-1.922962694529E-16,-1.));
#3592 = ADVANCED_FACE('',(#3593),#3612,.F.);
#3593 = FACE_BOUND('',#3594,.T.);
#3594 = EDGE_LOOP('',(#3595,#3596,#3604,#3611));
#3595 = ORIENTED_EDGE('',*,*,#3507,.T.);
#3596 = ORIENTED_EDGE('',*,*,#3597,.T.);
#3597 = EDGE_CURVE('',#3500,#3598,#3600,.T.);
#3598 = VERTEX_POINT('',#3599);
#3599 = CARTESIAN_POINT('',(-7.040458228116,-1.79579373525,3.25));
#3600 = LINE('',#3601,#3602);
#3601 = CARTESIAN_POINT('',(-7.040458228116,-1.79579373525,3.25));
#3602 = VECTOR('',#3603,1.);
#3603 = DIRECTION('',(0.,0.,1.));
#3604 = ORIENTED_EDGE('',*,*,#3605,.F.);
#3605 = EDGE_CURVE('',#3550,#3598,#3606,.T.);
#3606 = CIRCLE('',#3607,0.2);
#3607 = AXIS2_PLACEMENT_3D('',#3608,#3609,#3610);
#3608 = CARTESIAN_POINT('',(-7.155173513884,-1.95962414516,3.25));
#3609 = DIRECTION('',(0.,0.,-1.));
#3610 = DIRECTION('',(1.,9.170836312578E-09,0.));
#3611 = ORIENTED_EDGE('',*,*,#3557,.F.);
#3612 = CYLINDRICAL_SURFACE('',#3613,0.2);
#3613 = AXIS2_PLACEMENT_3D('',#3614,#3615,#3616);
#3614 = CARTESIAN_POINT('',(-7.155173513884,-1.95962414516,3.25));
#3615 = DIRECTION('',(0.,0.,1.));
#3616 = DIRECTION('',(1.,9.170836312578E-09,0.));
#3617 = ADVANCED_FACE('',(#3618),#3653,.F.);
#3618 = FACE_BOUND('',#3619,.F.);
#3619 = EDGE_LOOP('',(#3620,#3630,#3639,#3645,#3646,#3647));
#3620 = ORIENTED_EDGE('',*,*,#3621,.F.);
#3621 = EDGE_CURVE('',#3622,#3624,#3626,.T.);
#3622 = VERTEX_POINT('',#3623);
#3623 = CARTESIAN_POINT('',(-7.638397460715,-1.718998376146,3.25));
#3624 = VERTEX_POINT('',#3625);
#3625 = CARTESIAN_POINT('',(-7.380173513884,-1.569912713457,3.25));
#3626 = LINE('',#3627,#3628);
#3627 = CARTESIAN_POINT('',(-7.380173513884,-1.569912713457,3.25));
#3628 = VECTOR('',#3629,1.);
#3629 = DIRECTION('',(0.866025407453,0.499999993646,1.629068175117E-24)
  );
#3630 = ORIENTED_EDGE('',*,*,#3631,.T.);
#3631 = EDGE_CURVE('',#3622,#3632,#3634,.T.);
#3632 = VERTEX_POINT('',#3633);
#3633 = CARTESIAN_POINT('',(-7.725,-1.76899837804,3.15));
#3634 = CIRCLE('',#3635,0.1);
#3635 = AXIS2_PLACEMENT_3D('',#3636,#3637,#3638);
#3636 = CARTESIAN_POINT('',(-7.638397459622,-1.71899837804,3.15));
#3637 = DIRECTION('',(0.499999993646,-0.866025407453,2.22044604925E-16)
  );
#3638 = DIRECTION('',(-0.866025407453,-0.499999993646,0.));
#3639 = ORIENTED_EDGE('',*,*,#3640,.T.);
#3640 = EDGE_CURVE('',#3632,#3573,#3641,.T.);
#3641 = LINE('',#3642,#3643);
#3642 = CARTESIAN_POINT('',(-7.725,-1.76899837804,3.25));
#3643 = VECTOR('',#3644,1.);
#3644 = DIRECTION('',(1.110223010517E-16,-1.922962694529E-16,-1.));
#3645 = ORIENTED_EDGE('',*,*,#3580,.F.);
#3646 = ORIENTED_EDGE('',*,*,#3448,.T.);
#3647 = ORIENTED_EDGE('',*,*,#3648,.F.);
#3648 = EDGE_CURVE('',#3624,#3449,#3649,.T.);
#3649 = LINE('',#3650,#3651);
#3650 = CARTESIAN_POINT('',(-7.380173513884,-1.569912713457,3.25));
#3651 = VECTOR('',#3652,1.);
#3652 = DIRECTION('',(1.110223010517E-16,-1.922962694529E-16,-1.));
#3653 = PLANE('',#3654);
#3654 = AXIS2_PLACEMENT_3D('',#3655,#3656,#3657);
#3655 = CARTESIAN_POINT('',(-7.380173513884,-1.569912713457,3.25));
#3656 = DIRECTION('',(0.5,-0.866025403784,2.22044604925E-16));
#3657 = DIRECTION('',(1.110223010517E-16,-1.922962694529E-16,-1.));
#3658 = ADVANCED_FACE('',(#3659),#3677,.F.);
#3659 = FACE_BOUND('',#3660,.F.);
#3660 = EDGE_LOOP('',(#3661,#3662,#3663,#3671));
#3661 = ORIENTED_EDGE('',*,*,#3499,.F.);
#3662 = ORIENTED_EDGE('',*,*,#3597,.T.);
#3663 = ORIENTED_EDGE('',*,*,#3664,.T.);
#3664 = EDGE_CURVE('',#3598,#3665,#3667,.T.);
#3665 = VERTEX_POINT('',#3666);
#3666 = CARTESIAN_POINT('',(-6.508009399328,-2.168618418878,3.25));
#3667 = LINE('',#3668,#3669);
#3668 = CARTESIAN_POINT('',(-6.508009399328,-2.168618418878,3.25));
#3669 = VECTOR('',#3670,1.);
#3670 = DIRECTION('',(0.819152040081,-0.573576442361,1.629068113487E-24)
  );
#3671 = ORIENTED_EDGE('',*,*,#3672,.F.);
#3672 = EDGE_CURVE('',#3491,#3665,#3673,.T.);
#3673 = LINE('',#3674,#3675);
#3674 = CARTESIAN_POINT('',(-6.508009399328,-2.168618418878,3.25));
#3675 = VECTOR('',#3676,1.);
#3676 = DIRECTION('',(1.273595545383E-16,1.818882911133E-16,1.));
#3677 = PLANE('',#3678);
#3678 = AXIS2_PLACEMENT_3D('',#3679,#3680,#3681);
#3679 = CARTESIAN_POINT('',(-6.508009399328,-2.168618418878,3.25));
#3680 = DIRECTION('',(0.573576436351,0.819152044289,-2.22044604925E-16)
  );
#3681 = DIRECTION('',(1.273595545383E-16,1.818882911133E-16,1.));
#3682 = ADVANCED_FACE('',(#3683),#3702,.T.);
#3683 = FACE_BOUND('',#3684,.T.);
#3684 = EDGE_LOOP('',(#3685,#3694,#3700,#3701));
#3685 = ORIENTED_EDGE('',*,*,#3686,.T.);
#3686 = EDGE_CURVE('',#3624,#3687,#3689,.T.);
#3687 = VERTEX_POINT('',#3688);
#3688 = CARTESIAN_POINT('',(-6.897064117526,-1.59100572523,3.25));
#3689 = CIRCLE('',#3690,0.45);
#3690 = AXIS2_PLACEMENT_3D('',#3691,#3692,#3693);
#3691 = CARTESIAN_POINT('',(-7.155173513884,-1.95962414516,3.25));
#3692 = DIRECTION('',(0.,-0.,-1.));
#3693 = DIRECTION('',(1.,-4.93432455389E-16,0.));
#3694 = ORIENTED_EDGE('',*,*,#3695,.T.);
#3695 = EDGE_CURVE('',#3687,#3457,#3696,.T.);
#3696 = LINE('',#3697,#3698);
#3697 = CARTESIAN_POINT('',(-6.897064117526,-1.59100572523,3.25));
#3698 = VECTOR('',#3699,1.);
#3699 = DIRECTION('',(0.,0.,-1.));
#3700 = ORIENTED_EDGE('',*,*,#3456,.F.);
#3701 = ORIENTED_EDGE('',*,*,#3648,.F.);
#3702 = CYLINDRICAL_SURFACE('',#3703,0.45);
#3703 = AXIS2_PLACEMENT_3D('',#3704,#3705,#3706);
#3704 = CARTESIAN_POINT('',(-7.155173513884,-1.95962414516,3.25));
#3705 = DIRECTION('',(0.,0.,-1.));
#3706 = DIRECTION('',(1.,0.,0.));
#3707 = ADVANCED_FACE('',(#3708),#3727,.T.);
#3708 = FACE_BOUND('',#3709,.T.);
#3709 = EDGE_LOOP('',(#3710,#3711,#3719,#3726));
#3710 = ORIENTED_EDGE('',*,*,#3490,.T.);
#3711 = ORIENTED_EDGE('',*,*,#3712,.F.);
#3712 = EDGE_CURVE('',#3713,#3483,#3715,.T.);
#3713 = VERTEX_POINT('',#3714);
#3714 = CARTESIAN_POINT('',(-6.2499,-2.25,3.25));
#3715 = LINE('',#3716,#3717);
#3716 = CARTESIAN_POINT('',(-6.2499,-2.25,3.25));
#3717 = VECTOR('',#3718,1.);
#3718 = DIRECTION('',(0.,-2.22044604925E-16,-1.));
#3719 = ORIENTED_EDGE('',*,*,#3720,.F.);
#3720 = EDGE_CURVE('',#3665,#3713,#3721,.T.);
#3721 = CIRCLE('',#3722,0.45);
#3722 = AXIS2_PLACEMENT_3D('',#3723,#3724,#3725);
#3723 = CARTESIAN_POINT('',(-6.249900001467,-1.8,3.25));
#3724 = DIRECTION('',(-0.,0.,1.));
#3725 = DIRECTION('',(1.,-4.075927743467E-09,0.));
#3726 = ORIENTED_EDGE('',*,*,#3672,.F.);
#3727 = CYLINDRICAL_SURFACE('',#3728,0.45);
#3728 = AXIS2_PLACEMENT_3D('',#3729,#3730,#3731);
#3729 = CARTESIAN_POINT('',(-6.249900001467,-1.8,3.25));
#3730 = DIRECTION('',(0.,0.,1.));
#3731 = DIRECTION('',(1.,-4.075927743467E-09,0.));
#3732 = ADVANCED_FACE('',(#3733),#3751,.F.);
#3733 = FACE_BOUND('',#3734,.F.);
#3734 = EDGE_LOOP('',(#3735,#3743,#3744,#3745));
#3735 = ORIENTED_EDGE('',*,*,#3736,.F.);
#3736 = EDGE_CURVE('',#3687,#3737,#3739,.T.);
#3737 = VERTEX_POINT('',#3738);
#3738 = CARTESIAN_POINT('',(-6.364615288738,-1.963830408858,3.25));
#3739 = LINE('',#3740,#3741);
#3740 = CARTESIAN_POINT('',(-6.364615288738,-1.963830408858,3.25));
#3741 = VECTOR('',#3742,1.);
#3742 = DIRECTION('',(0.819152040081,-0.573576442361,1.629068113487E-24)
  );
#3743 = ORIENTED_EDGE('',*,*,#3695,.T.);
#3744 = ORIENTED_EDGE('',*,*,#3465,.T.);
#3745 = ORIENTED_EDGE('',*,*,#3746,.F.);
#3746 = EDGE_CURVE('',#3737,#3466,#3747,.T.);
#3747 = LINE('',#3748,#3749);
#3748 = CARTESIAN_POINT('',(-6.364615288738,-1.963830408858,3.25));
#3749 = VECTOR('',#3750,1.);
#3750 = DIRECTION('',(-1.273595545383E-16,-1.818882911133E-16,-1.));
#3751 = PLANE('',#3752);
#3752 = AXIS2_PLACEMENT_3D('',#3753,#3754,#3755);
#3753 = CARTESIAN_POINT('',(-6.364615288738,-1.963830408858,3.25));
#3754 = DIRECTION('',(-0.573576436351,-0.819152044289,2.22044604925E-16)
  );
#3755 = DIRECTION('',(-1.273595545383E-16,-1.818882911133E-16,-1.));
#3756 = ADVANCED_FACE('',(#3757),#3782,.T.);
#3757 = FACE_BOUND('',#3758,.T.);
#3758 = EDGE_LOOP('',(#3759,#3760,#3768,#3776));
#3759 = ORIENTED_EDGE('',*,*,#3482,.T.);
#3760 = ORIENTED_EDGE('',*,*,#3761,.T.);
#3761 = EDGE_CURVE('',#3474,#3762,#3764,.T.);
#3762 = VERTEX_POINT('',#3763);
#3763 = CARTESIAN_POINT('',(-5.875,-2.,1.375000000001));
#3764 = LINE('',#3765,#3766);
#3765 = CARTESIAN_POINT('',(-6.2499,-2.,1.750000000044));
#3766 = VECTOR('',#3767,1.);
#3767 = DIRECTION('',(0.707012481383,-1.57030181839E-16,-0.707201068416)
  );
#3768 = ORIENTED_EDGE('',*,*,#3769,.F.);
#3769 = EDGE_CURVE('',#3770,#3762,#3772,.T.);
#3770 = VERTEX_POINT('',#3771);
#3771 = CARTESIAN_POINT('',(-5.875,-2.25,1.375000000001));
#3772 = LINE('',#3773,#3774);
#3773 = CARTESIAN_POINT('',(-5.875,-2.25,1.375000000001));
#3774 = VECTOR('',#3775,1.);
#3775 = DIRECTION('',(0.,1.,-2.22044604925E-16));
#3776 = ORIENTED_EDGE('',*,*,#3777,.F.);
#3777 = EDGE_CURVE('',#3483,#3770,#3778,.T.);
#3778 = LINE('',#3779,#3780);
#3779 = CARTESIAN_POINT('',(-6.2499,-2.25,1.750000000044));
#3780 = VECTOR('',#3781,1.);
#3781 = DIRECTION('',(0.707012481383,-1.57030181839E-16,-0.707201068416)
  );
#3782 = PLANE('',#3783);
#3783 = AXIS2_PLACEMENT_3D('',#3784,#3785,#3786);
#3784 = CARTESIAN_POINT('',(-6.2499,-2.25,1.750000000044));
#3785 = DIRECTION('',(-0.707201068416,-1.569883071058E-16,
    -0.707012481383));
#3786 = DIRECTION('',(0.707012481383,-1.57030181839E-16,-0.707201068416)
  );
#3787 = ADVANCED_FACE('',(#3788),#3807,.F.);
#3788 = FACE_BOUND('',#3789,.T.);
#3789 = EDGE_LOOP('',(#3790,#3799,#3805,#3806));
#3790 = ORIENTED_EDGE('',*,*,#3791,.T.);
#3791 = EDGE_CURVE('',#3737,#3792,#3794,.T.);
#3792 = VERTEX_POINT('',#3793);
#3793 = CARTESIAN_POINT('',(-6.2499,-2.,3.25));
#3794 = CIRCLE('',#3795,0.2);
#3795 = AXIS2_PLACEMENT_3D('',#3796,#3797,#3798);
#3796 = CARTESIAN_POINT('',(-6.249900001467,-1.8,3.25));
#3797 = DIRECTION('',(0.,-0.,1.));
#3798 = DIRECTION('',(1.,1.110223024625E-15,0.));
#3799 = ORIENTED_EDGE('',*,*,#3800,.T.);
#3800 = EDGE_CURVE('',#3792,#3474,#3801,.T.);
#3801 = LINE('',#3802,#3803);
#3802 = CARTESIAN_POINT('',(-6.2499,-2.,3.25));
#3803 = VECTOR('',#3804,1.);
#3804 = DIRECTION('',(0.,-2.22044604925E-16,-1.));
#3805 = ORIENTED_EDGE('',*,*,#3473,.F.);
#3806 = ORIENTED_EDGE('',*,*,#3746,.F.);
#3807 = CYLINDRICAL_SURFACE('',#3808,0.2);
#3808 = AXIS2_PLACEMENT_3D('',#3809,#3810,#3811);
#3809 = CARTESIAN_POINT('',(-6.249900001467,-1.8,3.25));
#3810 = DIRECTION('',(0.,0.,-1.));
#3811 = DIRECTION('',(1.,0.,0.));
#3812 = ADVANCED_FACE('',(#3813),#3824,.T.);
#3813 = FACE_BOUND('',#3814,.T.);
#3814 = EDGE_LOOP('',(#3815,#3816,#3822,#3823));
#3815 = ORIENTED_EDGE('',*,*,#3532,.F.);
#3816 = ORIENTED_EDGE('',*,*,#3817,.T.);
#3817 = EDGE_CURVE('',#3533,#3632,#3818,.T.);
#3818 = LINE('',#3819,#3820);
#3819 = CARTESIAN_POINT('',(-7.600000001588,-1.985504729903,3.15));
#3820 = VECTOR('',#3821,1.);
#3821 = DIRECTION('',(-0.499999993646,0.866025407453,-2.22044604925E-16)
  );
#3822 = ORIENTED_EDGE('',*,*,#3640,.T.);
#3823 = ORIENTED_EDGE('',*,*,#3572,.F.);
#3824 = PLANE('',#3825);
#3825 = AXIS2_PLACEMENT_3D('',#3826,#3827,#3828);
#3826 = CARTESIAN_POINT('',(-7.662500000794,-1.877251553972,
    2.500000000022));
#3827 = DIRECTION('',(-0.866025407453,-0.499999993646,-0.));
#3828 = DIRECTION('',(0.499999993646,-0.866025407453,0.));
#3829 = ADVANCED_FACE('',(#3830),#3852,.T.);
#3830 = FACE_BOUND('',#3831,.T.);
#3831 = EDGE_LOOP('',(#3832,#3833,#3839,#3840,#3841,#3842,#3843,#3849,
    #3850,#3851));
#3832 = ORIENTED_EDGE('',*,*,#3621,.F.);
#3833 = ORIENTED_EDGE('',*,*,#3834,.F.);
#3834 = EDGE_CURVE('',#3541,#3622,#3835,.T.);
#3835 = LINE('',#3836,#3837);
#3836 = CARTESIAN_POINT('',(-7.513397460843,-1.935504730539,3.25));
#3837 = VECTOR('',#3838,1.);
#3838 = DIRECTION('',(-0.499999993646,0.866025407453,-2.22044604925E-16)
  );
#3839 = ORIENTED_EDGE('',*,*,#3549,.T.);
#3840 = ORIENTED_EDGE('',*,*,#3605,.T.);
#3841 = ORIENTED_EDGE('',*,*,#3664,.T.);
#3842 = ORIENTED_EDGE('',*,*,#3720,.T.);
#3843 = ORIENTED_EDGE('',*,*,#3844,.T.);
#3844 = EDGE_CURVE('',#3713,#3792,#3845,.T.);
#3845 = LINE('',#3846,#3847);
#3846 = CARTESIAN_POINT('',(-6.2499,-2.25,3.25));
#3847 = VECTOR('',#3848,1.);
#3848 = DIRECTION('',(0.,1.,-2.22044604925E-16));
#3849 = ORIENTED_EDGE('',*,*,#3791,.F.);
#3850 = ORIENTED_EDGE('',*,*,#3736,.F.);
#3851 = ORIENTED_EDGE('',*,*,#3686,.F.);
#3852 = PLANE('',#3853);
#3853 = AXIS2_PLACEMENT_3D('',#3854,#3855,#3856);
#3854 = CARTESIAN_POINT('',(-6.954522126012,-1.849988427009,3.25));
#3855 = DIRECTION('',(0.,0.,1.));
#3856 = DIRECTION('',(1.,0.,0.));
#3857 = ADVANCED_FACE('',(#3858),#3864,.T.);
#3858 = FACE_BOUND('',#3859,.F.);
#3859 = EDGE_LOOP('',(#3860,#3861,#3862,#3863));
#3860 = ORIENTED_EDGE('',*,*,#3540,.T.);
#3861 = ORIENTED_EDGE('',*,*,#3817,.T.);
#3862 = ORIENTED_EDGE('',*,*,#3631,.F.);
#3863 = ORIENTED_EDGE('',*,*,#3834,.F.);
#3864 = CYLINDRICAL_SURFACE('',#3865,0.1);
#3865 = AXIS2_PLACEMENT_3D('',#3866,#3867,#3868);
#3866 = CARTESIAN_POINT('',(-7.513397460843,-1.935504730539,3.15));
#3867 = DIRECTION('',(-0.499999993646,0.866025407453,-2.22044604925E-16)
  );
#3868 = DIRECTION('',(-1.110223010517E-16,1.922962694529E-16,1.));
#3869 = ADVANCED_FACE('',(#3870,#3961),#4081,.T.);
#3870 = FACE_BOUND('',#3871,.T.);
#3871 = EDGE_LOOP('',(#3872,#3882,#3891,#3899,#3907,#3915,#3921,#3922,
    #3923,#3931,#3939,#3947,#3955));
#3872 = ORIENTED_EDGE('',*,*,#3873,.F.);
#3873 = EDGE_CURVE('',#3874,#3876,#3878,.T.);
#3874 = VERTEX_POINT('',#3875);
#3875 = CARTESIAN_POINT('',(5.425,-2.25,3.825000000002));
#3876 = VERTEX_POINT('',#3877);
#3877 = CARTESIAN_POINT('',(5.425,-2.25,0.35));
#3878 = LINE('',#3879,#3880);
#3879 = CARTESIAN_POINT('',(5.425,-2.25,3.25));
#3880 = VECTOR('',#3881,1.);
#3881 = DIRECTION('',(0.,0.,-1.));
#3882 = ORIENTED_EDGE('',*,*,#3883,.T.);
#3883 = EDGE_CURVE('',#3874,#3884,#3886,.T.);
#3884 = VERTEX_POINT('',#3885);
#3885 = CARTESIAN_POINT('',(5.325,-2.25,3.925000000002));
#3886 = CIRCLE('',#3887,0.1);
#3887 = AXIS2_PLACEMENT_3D('',#3888,#3889,#3890);
#3888 = CARTESIAN_POINT('',(5.325,-2.25,3.825000000002));
#3889 = DIRECTION('',(0.,-1.,2.22044604925E-16));
#3890 = DIRECTION('',(0.,2.22044604925E-16,1.));
#3891 = ORIENTED_EDGE('',*,*,#3892,.T.);
#3892 = EDGE_CURVE('',#3884,#3893,#3895,.T.);
#3893 = VERTEX_POINT('',#3894);
#3894 = CARTESIAN_POINT('',(-0.875,-2.25,3.925000000002));
#3895 = LINE('',#3896,#3897);
#3896 = CARTESIAN_POINT('',(5.425,-2.25,3.925000000002));
#3897 = VECTOR('',#3898,1.);
#3898 = DIRECTION('',(-1.,0.,0.));
#3899 = ORIENTED_EDGE('',*,*,#3900,.T.);
#3900 = EDGE_CURVE('',#3893,#3901,#3903,.T.);
#3901 = VERTEX_POINT('',#3902);
#3902 = CARTESIAN_POINT('',(-1.174,-2.25,3.625));
#3903 = LINE('',#3904,#3905);
#3904 = CARTESIAN_POINT('',(-0.875,-2.25,3.925000000002));
#3905 = VECTOR('',#3906,1.);
#3906 = DIRECTION('',(-0.70592531869,-1.572711456483E-16,-0.708286272938
    ));
#3907 = ORIENTED_EDGE('',*,*,#3908,.T.);
#3908 = EDGE_CURVE('',#3901,#3909,#3911,.T.);
#3909 = VERTEX_POINT('',#3910);
#3910 = CARTESIAN_POINT('',(-5.875,-2.25,3.625000000001));
#3911 = LINE('',#3912,#3913);
#3912 = CARTESIAN_POINT('',(-1.174,-2.25,3.625));
#3913 = VECTOR('',#3914,1.);
#3914 = DIRECTION('',(-1.,5.948759644774E-29,2.679083171952E-13));
#3915 = ORIENTED_EDGE('',*,*,#3916,.T.);
#3916 = EDGE_CURVE('',#3909,#3713,#3917,.T.);
#3917 = LINE('',#3918,#3919);
#3918 = CARTESIAN_POINT('',(-5.875,-2.25,3.625000000001));
#3919 = VECTOR('',#3920,1.);
#3920 = DIRECTION('',(-0.707012481423,-1.570301818302E-16,
    -0.707201068376));
#3921 = ORIENTED_EDGE('',*,*,#3712,.T.);
#3922 = ORIENTED_EDGE('',*,*,#3777,.T.);
#3923 = ORIENTED_EDGE('',*,*,#3924,.T.);
#3924 = EDGE_CURVE('',#3770,#3925,#3927,.T.);
#3925 = VERTEX_POINT('',#3926);
#3926 = CARTESIAN_POINT('',(-1.174,-2.25,1.375));
#3927 = LINE('',#3928,#3929);
#3928 = CARTESIAN_POINT('',(-5.875,-2.25,1.375000000001));
#3929 = VECTOR('',#3930,1.);
#3930 = DIRECTION('',(1.,-5.946662056747E-29,-2.678138502287E-13));
#3931 = ORIENTED_EDGE('',*,*,#3932,.T.);
#3932 = EDGE_CURVE('',#3925,#3933,#3935,.T.);
#3933 = VERTEX_POINT('',#3934);
#3934 = CARTESIAN_POINT('',(-0.875,-2.25,1.075000000002));
#3935 = LINE('',#3936,#3937);
#3936 = CARTESIAN_POINT('',(-1.174,-2.25,1.375));
#3937 = VECTOR('',#3938,1.);
#3938 = DIRECTION('',(0.705925318695,-1.572711456473E-16,-0.708286272933
    ));
#3939 = ORIENTED_EDGE('',*,*,#3940,.T.);
#3940 = EDGE_CURVE('',#3933,#3941,#3943,.T.);
#3941 = VERTEX_POINT('',#3942);
#3942 = CARTESIAN_POINT('',(4.425,-2.25,1.075000000002));
#3943 = LINE('',#3944,#3945);
#3944 = CARTESIAN_POINT('',(-0.875,-2.25,1.075000000002));
#3945 = VECTOR('',#3946,1.);
#3946 = DIRECTION('',(1.,0.,0.));
#3947 = ORIENTED_EDGE('',*,*,#3948,.T.);
#3948 = EDGE_CURVE('',#3941,#3949,#3951,.T.);
#3949 = VERTEX_POINT('',#3950);
#3950 = CARTESIAN_POINT('',(4.425,-2.25,0.35));
#3951 = LINE('',#3952,#3953);
#3952 = CARTESIAN_POINT('',(4.425,-2.25,3.25));
#3953 = VECTOR('',#3954,1.);
#3954 = DIRECTION('',(0.,0.,-1.));
#3955 = ORIENTED_EDGE('',*,*,#3956,.T.);
#3956 = EDGE_CURVE('',#3949,#3876,#3957,.T.);
#3957 = LINE('',#3958,#3959);
#3958 = CARTESIAN_POINT('',(4.425,-2.25,0.35));
#3959 = VECTOR('',#3960,1.);
#3960 = DIRECTION('',(1.,0.,0.));
#3961 = FACE_BOUND('',#3962,.T.);
#3962 = EDGE_LOOP('',(#3963,#3973,#3981,#3989,#3998,#4006,#4015,#4023,
    #4032,#4040,#4049,#4057,#4066,#4074));
#3963 = ORIENTED_EDGE('',*,*,#3964,.T.);
#3964 = EDGE_CURVE('',#3965,#3967,#3969,.T.);
#3965 = VERTEX_POINT('',#3966);
#3966 = CARTESIAN_POINT('',(2.625,-2.25,2.250000000002));
#3967 = VERTEX_POINT('',#3968);
#3968 = CARTESIAN_POINT('',(2.725,-2.25,2.250000000002));
#3969 = LINE('',#3970,#3971);
#3970 = CARTESIAN_POINT('',(2.525,-2.25,2.250000000002));
#3971 = VECTOR('',#3972,1.);
#3972 = DIRECTION('',(1.,0.,0.));
#3973 = ORIENTED_EDGE('',*,*,#3974,.F.);
#3974 = EDGE_CURVE('',#3975,#3967,#3977,.T.);
#3975 = VERTEX_POINT('',#3976);
#3976 = CARTESIAN_POINT('',(2.725,-2.25,2.750000000002));
#3977 = LINE('',#3978,#3979);
#3978 = CARTESIAN_POINT('',(2.725,-2.25,2.750000000002));
#3979 = VECTOR('',#3980,1.);
#3980 = DIRECTION('',(0.,-2.22044604925E-16,-1.));
#3981 = ORIENTED_EDGE('',*,*,#3982,.F.);
#3982 = EDGE_CURVE('',#3983,#3975,#3985,.T.);
#3983 = VERTEX_POINT('',#3984);
#3984 = CARTESIAN_POINT('',(2.625,-2.25,2.750000000002));
#3985 = LINE('',#3986,#3987);
#3986 = CARTESIAN_POINT('',(2.625,-2.25,2.750000000002));
#3987 = VECTOR('',#3988,1.);
#3988 = DIRECTION('',(1.,-4.440892098501E-15,9.860761315263E-31));
#3989 = ORIENTED_EDGE('',*,*,#3990,.F.);
#3990 = EDGE_CURVE('',#3991,#3983,#3993,.T.);
#3991 = VERTEX_POINT('',#3992);
#3992 = CARTESIAN_POINT('',(2.525,-2.25,2.850000000002));
#3993 = CIRCLE('',#3994,0.1);
#3994 = AXIS2_PLACEMENT_3D('',#3995,#3996,#3997);
#3995 = CARTESIAN_POINT('',(2.625,-2.25,2.850000000002));
#3996 = DIRECTION('',(0.,-1.,2.22044604925E-16));
#3997 = DIRECTION('',(0.,2.22044604925E-16,1.));
#3998 = ORIENTED_EDGE('',*,*,#3999,.T.);
#3999 = EDGE_CURVE('',#3991,#4000,#4002,.T.);
#4000 = VERTEX_POINT('',#4001);
#4001 = CARTESIAN_POINT('',(2.525,-2.25,3.275000000002));
#4002 = LINE('',#4003,#4004);
#4003 = CARTESIAN_POINT('',(2.525,-2.25,2.750000000002));
#4004 = VECTOR('',#4005,1.);
#4005 = DIRECTION('',(0.,2.22044604925E-16,1.));
#4006 = ORIENTED_EDGE('',*,*,#4007,.F.);
#4007 = EDGE_CURVE('',#4008,#4000,#4010,.T.);
#4008 = VERTEX_POINT('',#4009);
#4009 = CARTESIAN_POINT('',(2.625,-2.25,3.375000000002));
#4010 = CIRCLE('',#4011,0.1);
#4011 = AXIS2_PLACEMENT_3D('',#4012,#4013,#4014);
#4012 = CARTESIAN_POINT('',(2.625,-2.25,3.275000000002));
#4013 = DIRECTION('',(0.,-1.,2.22044604925E-16));
#4014 = DIRECTION('',(1.,0.,0.));
#4015 = ORIENTED_EDGE('',*,*,#4016,.T.);
#4016 = EDGE_CURVE('',#4008,#4017,#4019,.T.);
#4017 = VERTEX_POINT('',#4018);
#4018 = CARTESIAN_POINT('',(3.625,-2.25,3.375000000002));
#4019 = LINE('',#4020,#4021);
#4020 = CARTESIAN_POINT('',(2.625,-2.25,3.375000000002));
#4021 = VECTOR('',#4022,1.);
#4022 = DIRECTION('',(1.,0.,0.));
#4023 = ORIENTED_EDGE('',*,*,#4024,.F.);
#4024 = EDGE_CURVE('',#4025,#4017,#4027,.T.);
#4025 = VERTEX_POINT('',#4026);
#4026 = CARTESIAN_POINT('',(3.725,-2.25,3.275000000002));
#4027 = CIRCLE('',#4028,0.1);
#4028 = AXIS2_PLACEMENT_3D('',#4029,#4030,#4031);
#4029 = CARTESIAN_POINT('',(3.625,-2.25,3.275000000002));
#4030 = DIRECTION('',(0.,-1.,2.22044604925E-16));
#4031 = DIRECTION('',(1.,0.,0.));
#4032 = ORIENTED_EDGE('',*,*,#4033,.T.);
#4033 = EDGE_CURVE('',#4025,#4034,#4036,.T.);
#4034 = VERTEX_POINT('',#4035);
#4035 = CARTESIAN_POINT('',(3.725,-2.25,1.725000000002));
#4036 = LINE('',#4037,#4038);
#4037 = CARTESIAN_POINT('',(3.725,-2.25,3.275000000002));
#4038 = VECTOR('',#4039,1.);
#4039 = DIRECTION('',(0.,-2.22044604925E-16,-1.));
#4040 = ORIENTED_EDGE('',*,*,#4041,.F.);
#4041 = EDGE_CURVE('',#4042,#4034,#4044,.T.);
#4042 = VERTEX_POINT('',#4043);
#4043 = CARTESIAN_POINT('',(3.625,-2.25,1.625000000002));
#4044 = CIRCLE('',#4045,0.1);
#4045 = AXIS2_PLACEMENT_3D('',#4046,#4047,#4048);
#4046 = CARTESIAN_POINT('',(3.625,-2.25,1.725000000002));
#4047 = DIRECTION('',(0.,-1.,2.22044604925E-16));
#4048 = DIRECTION('',(1.,0.,0.));
#4049 = ORIENTED_EDGE('',*,*,#4050,.T.);
#4050 = EDGE_CURVE('',#4042,#4051,#4053,.T.);
#4051 = VERTEX_POINT('',#4052);
#4052 = CARTESIAN_POINT('',(2.625,-2.25,1.625000000002));
#4053 = LINE('',#4054,#4055);
#4054 = CARTESIAN_POINT('',(3.625,-2.25,1.625000000002));
#4055 = VECTOR('',#4056,1.);
#4056 = DIRECTION('',(-1.,0.,0.));
#4057 = ORIENTED_EDGE('',*,*,#4058,.F.);
#4058 = EDGE_CURVE('',#4059,#4051,#4061,.T.);
#4059 = VERTEX_POINT('',#4060);
#4060 = CARTESIAN_POINT('',(2.525,-2.25,1.725000000002));
#4061 = CIRCLE('',#4062,0.1);
#4062 = AXIS2_PLACEMENT_3D('',#4063,#4064,#4065);
#4063 = CARTESIAN_POINT('',(2.625,-2.25,1.725000000002));
#4064 = DIRECTION('',(0.,-1.,2.22044604925E-16));
#4065 = DIRECTION('',(1.,0.,0.));
#4066 = ORIENTED_EDGE('',*,*,#4067,.T.);
#4067 = EDGE_CURVE('',#4059,#4068,#4070,.T.);
#4068 = VERTEX_POINT('',#4069);
#4069 = CARTESIAN_POINT('',(2.525,-2.25,2.150000000002));
#4070 = LINE('',#4071,#4072);
#4071 = CARTESIAN_POINT('',(2.525,-2.25,1.725000000002));
#4072 = VECTOR('',#4073,1.);
#4073 = DIRECTION('',(0.,2.22044604925E-16,1.));
#4074 = ORIENTED_EDGE('',*,*,#4075,.T.);
#4075 = EDGE_CURVE('',#4068,#3965,#4076,.T.);
#4076 = CIRCLE('',#4077,0.1);
#4077 = AXIS2_PLACEMENT_3D('',#4078,#4079,#4080);
#4078 = CARTESIAN_POINT('',(2.625,-2.25,2.150000000002));
#4079 = DIRECTION('',(0.,1.,-2.22044604925E-16));
#4080 = DIRECTION('',(0.,2.22044604925E-16,1.));
#4081 = PLANE('',#4082);
#4082 = AXIS2_PLACEMENT_3D('',#4083,#4084,#4085);
#4083 = CARTESIAN_POINT('',(4.907800704333E-02,-2.25,2.388356921021));
#4084 = DIRECTION('',(-0.,-1.,-0.));
#4085 = DIRECTION('',(0.,0.,-1.));
#4086 = ADVANCED_FACE('',(#4087),#4105,.T.);
#4087 = FACE_BOUND('',#4088,.T.);
#4088 = EDGE_LOOP('',(#4089,#4090,#4098,#4104));
#4089 = ORIENTED_EDGE('',*,*,#3769,.T.);
#4090 = ORIENTED_EDGE('',*,*,#4091,.T.);
#4091 = EDGE_CURVE('',#3762,#4092,#4094,.T.);
#4092 = VERTEX_POINT('',#4093);
#4093 = CARTESIAN_POINT('',(-1.174,-2.,1.375));
#4094 = LINE('',#4095,#4096);
#4095 = CARTESIAN_POINT('',(-5.875,-2.,1.375000000001));
#4096 = VECTOR('',#4097,1.);
#4097 = DIRECTION('',(1.,-5.946662056747E-29,-2.678138502287E-13));
#4098 = ORIENTED_EDGE('',*,*,#4099,.F.);
#4099 = EDGE_CURVE('',#3925,#4092,#4100,.T.);
#4100 = LINE('',#4101,#4102);
#4101 = CARTESIAN_POINT('',(-1.174,-2.25,1.375));
#4102 = VECTOR('',#4103,1.);
#4103 = DIRECTION('',(0.,1.,-2.22044604925E-16));
#4104 = ORIENTED_EDGE('',*,*,#3924,.F.);
#4105 = PLANE('',#4106);
#4106 = AXIS2_PLACEMENT_3D('',#4107,#4108,#4109);
#4107 = CARTESIAN_POINT('',(-5.875,-2.25,1.375000000001));
#4108 = DIRECTION('',(-2.678138502287E-13,-2.22044604925E-16,-1.));
#4109 = DIRECTION('',(1.,-5.946662056747E-29,-2.678138502287E-13));
#4110 = ADVANCED_FACE('',(#4111,#4195),#4315,.T.);
#4111 = FACE_BOUND('',#4112,.T.);
#4112 = EDGE_LOOP('',(#4113,#4123,#4132,#4140,#4148,#4156,#4164,#4170,
    #4171,#4172,#4173,#4181,#4189));
#4113 = ORIENTED_EDGE('',*,*,#4114,.F.);
#4114 = EDGE_CURVE('',#4115,#4117,#4119,.T.);
#4115 = VERTEX_POINT('',#4116);
#4116 = CARTESIAN_POINT('',(5.325,-2.,3.925000000002));
#4117 = VERTEX_POINT('',#4118);
#4118 = CARTESIAN_POINT('',(-0.875,-2.,3.925000000002));
#4119 = LINE('',#4120,#4121);
#4120 = CARTESIAN_POINT('',(5.425,-2.,3.925000000002));
#4121 = VECTOR('',#4122,1.);
#4122 = DIRECTION('',(-1.,0.,0.));
#4123 = ORIENTED_EDGE('',*,*,#4124,.F.);
#4124 = EDGE_CURVE('',#4125,#4115,#4127,.T.);
#4125 = VERTEX_POINT('',#4126);
#4126 = CARTESIAN_POINT('',(5.425,-2.,3.825000000002));
#4127 = CIRCLE('',#4128,0.1);
#4128 = AXIS2_PLACEMENT_3D('',#4129,#4130,#4131);
#4129 = CARTESIAN_POINT('',(5.325,-2.,3.825000000002));
#4130 = DIRECTION('',(0.,-1.,2.22044604925E-16));
#4131 = DIRECTION('',(0.,2.22044604925E-16,1.));
#4132 = ORIENTED_EDGE('',*,*,#4133,.F.);
#4133 = EDGE_CURVE('',#4134,#4125,#4136,.T.);
#4134 = VERTEX_POINT('',#4135);
#4135 = CARTESIAN_POINT('',(5.425,-2.,0.35));
#4136 = LINE('',#4137,#4138);
#4137 = CARTESIAN_POINT('',(5.425,-2.,1.075000000002));
#4138 = VECTOR('',#4139,1.);
#4139 = DIRECTION('',(0.,2.22044604925E-16,1.));
#4140 = ORIENTED_EDGE('',*,*,#4141,.T.);
#4141 = EDGE_CURVE('',#4134,#4142,#4144,.T.);
#4142 = VERTEX_POINT('',#4143);
#4143 = CARTESIAN_POINT('',(4.425,-2.,0.35));
#4144 = LINE('',#4145,#4146);
#4145 = CARTESIAN_POINT('',(4.425,-2.,0.35));
#4146 = VECTOR('',#4147,1.);
#4147 = DIRECTION('',(-1.,0.,0.));
#4148 = ORIENTED_EDGE('',*,*,#4149,.F.);
#4149 = EDGE_CURVE('',#4150,#4142,#4152,.T.);
#4150 = VERTEX_POINT('',#4151);
#4151 = CARTESIAN_POINT('',(4.425,-2.,1.075000000002));
#4152 = LINE('',#4153,#4154);
#4153 = CARTESIAN_POINT('',(4.425,-2.,3.25));
#4154 = VECTOR('',#4155,1.);
#4155 = DIRECTION('',(0.,0.,-1.));
#4156 = ORIENTED_EDGE('',*,*,#4157,.F.);
#4157 = EDGE_CURVE('',#4158,#4150,#4160,.T.);
#4158 = VERTEX_POINT('',#4159);
#4159 = CARTESIAN_POINT('',(-0.875,-2.,1.075000000002));
#4160 = LINE('',#4161,#4162);
#4161 = CARTESIAN_POINT('',(-0.875,-2.,1.075000000002));
#4162 = VECTOR('',#4163,1.);
#4163 = DIRECTION('',(1.,0.,0.));
#4164 = ORIENTED_EDGE('',*,*,#4165,.F.);
#4165 = EDGE_CURVE('',#4092,#4158,#4166,.T.);
#4166 = LINE('',#4167,#4168);
#4167 = CARTESIAN_POINT('',(-1.174,-2.,1.375));
#4168 = VECTOR('',#4169,1.);
#4169 = DIRECTION('',(0.705925318695,-1.572711456473E-16,-0.708286272933
    ));
#4170 = ORIENTED_EDGE('',*,*,#4091,.F.);
#4171 = ORIENTED_EDGE('',*,*,#3761,.F.);
#4172 = ORIENTED_EDGE('',*,*,#3800,.F.);
#4173 = ORIENTED_EDGE('',*,*,#4174,.F.);
#4174 = EDGE_CURVE('',#4175,#3792,#4177,.T.);
#4175 = VERTEX_POINT('',#4176);
#4176 = CARTESIAN_POINT('',(-5.875,-2.,3.625000000001));
#4177 = LINE('',#4178,#4179);
#4178 = CARTESIAN_POINT('',(-5.875,-2.,3.625000000001));
#4179 = VECTOR('',#4180,1.);
#4180 = DIRECTION('',(-0.707012481423,-1.570301818302E-16,
    -0.707201068376));
#4181 = ORIENTED_EDGE('',*,*,#4182,.F.);
#4182 = EDGE_CURVE('',#4183,#4175,#4185,.T.);
#4183 = VERTEX_POINT('',#4184);
#4184 = CARTESIAN_POINT('',(-1.174,-2.,3.625));
#4185 = LINE('',#4186,#4187);
#4186 = CARTESIAN_POINT('',(-1.174,-2.,3.625));
#4187 = VECTOR('',#4188,1.);
#4188 = DIRECTION('',(-1.,5.948759644774E-29,2.679083171952E-13));
#4189 = ORIENTED_EDGE('',*,*,#4190,.F.);
#4190 = EDGE_CURVE('',#4117,#4183,#4191,.T.);
#4191 = LINE('',#4192,#4193);
#4192 = CARTESIAN_POINT('',(-0.875,-2.,3.925000000002));
#4193 = VECTOR('',#4194,1.);
#4194 = DIRECTION('',(-0.70592531869,-1.572711456483E-16,-0.708286272938
    ));
#4195 = FACE_BOUND('',#4196,.T.);
#4196 = EDGE_LOOP('',(#4197,#4207,#4215,#4223,#4232,#4240,#4249,#4257,
    #4266,#4274,#4283,#4291,#4300,#4308));
#4197 = ORIENTED_EDGE('',*,*,#4198,.F.);
#4198 = EDGE_CURVE('',#4199,#4201,#4203,.T.);
#4199 = VERTEX_POINT('',#4200);
#4200 = CARTESIAN_POINT('',(2.725,-2.,2.750000000002));
#4201 = VERTEX_POINT('',#4202);
#4202 = CARTESIAN_POINT('',(2.625,-2.,2.750000000002));
#4203 = LINE('',#4204,#4205);
#4204 = CARTESIAN_POINT('',(1.337039003522,-2.,2.750000000002));
#4205 = VECTOR('',#4206,1.);
#4206 = DIRECTION('',(-1.,0.,0.));
#4207 = ORIENTED_EDGE('',*,*,#4208,.F.);
#4208 = EDGE_CURVE('',#4209,#4199,#4211,.T.);
#4209 = VERTEX_POINT('',#4210);
#4210 = CARTESIAN_POINT('',(2.725,-2.,2.250000000002));
#4211 = LINE('',#4212,#4213);
#4212 = CARTESIAN_POINT('',(2.725,-2.,2.569178460511));
#4213 = VECTOR('',#4214,1.);
#4214 = DIRECTION('',(0.,2.482895484765E-16,1.));
#4215 = ORIENTED_EDGE('',*,*,#4216,.F.);
#4216 = EDGE_CURVE('',#4217,#4209,#4219,.T.);
#4217 = VERTEX_POINT('',#4218);
#4218 = CARTESIAN_POINT('',(2.625,-2.,2.250000000002));
#4219 = LINE('',#4220,#4221);
#4220 = CARTESIAN_POINT('',(2.625,-2.,2.250000000002));
#4221 = VECTOR('',#4222,1.);
#4222 = DIRECTION('',(1.,-2.189528850508E-46,-9.860761315263E-31));
#4223 = ORIENTED_EDGE('',*,*,#4224,.F.);
#4224 = EDGE_CURVE('',#4225,#4217,#4227,.T.);
#4225 = VERTEX_POINT('',#4226);
#4226 = CARTESIAN_POINT('',(2.525,-2.,2.150000000002));
#4227 = CIRCLE('',#4228,0.1);
#4228 = AXIS2_PLACEMENT_3D('',#4229,#4230,#4231);
#4229 = CARTESIAN_POINT('',(2.625,-2.,2.150000000002));
#4230 = DIRECTION('',(0.,1.,-2.22044604925E-16));
#4231 = DIRECTION('',(0.,2.22044604925E-16,1.));
#4232 = ORIENTED_EDGE('',*,*,#4233,.F.);
#4233 = EDGE_CURVE('',#4234,#4225,#4236,.T.);
#4234 = VERTEX_POINT('',#4235);
#4235 = CARTESIAN_POINT('',(2.525,-2.,1.725000000002));
#4236 = LINE('',#4237,#4238);
#4237 = CARTESIAN_POINT('',(2.525,-2.,2.056678460511));
#4238 = VECTOR('',#4239,1.);
#4239 = DIRECTION('',(0.,2.482895484765E-16,1.));
#4240 = ORIENTED_EDGE('',*,*,#4241,.T.);
#4241 = EDGE_CURVE('',#4234,#4242,#4244,.T.);
#4242 = VERTEX_POINT('',#4243);
#4243 = CARTESIAN_POINT('',(2.625,-2.,1.625000000002));
#4244 = CIRCLE('',#4245,0.1);
#4245 = AXIS2_PLACEMENT_3D('',#4246,#4247,#4248);
#4246 = CARTESIAN_POINT('',(2.625,-2.,1.725000000002));
#4247 = DIRECTION('',(0.,-1.,2.22044604925E-16));
#4248 = DIRECTION('',(1.,0.,0.));
#4249 = ORIENTED_EDGE('',*,*,#4250,.F.);
#4250 = EDGE_CURVE('',#4251,#4242,#4253,.T.);
#4251 = VERTEX_POINT('',#4252);
#4252 = CARTESIAN_POINT('',(3.625,-2.,1.625000000002));
#4253 = LINE('',#4254,#4255);
#4254 = CARTESIAN_POINT('',(1.837039003522,-2.,1.625000000002));
#4255 = VECTOR('',#4256,1.);
#4256 = DIRECTION('',(-1.,0.,0.));
#4257 = ORIENTED_EDGE('',*,*,#4258,.T.);
#4258 = EDGE_CURVE('',#4251,#4259,#4261,.T.);
#4259 = VERTEX_POINT('',#4260);
#4260 = CARTESIAN_POINT('',(3.725,-2.,1.725000000002));
#4261 = CIRCLE('',#4262,0.1);
#4262 = AXIS2_PLACEMENT_3D('',#4263,#4264,#4265);
#4263 = CARTESIAN_POINT('',(3.625,-2.,1.725000000002));
#4264 = DIRECTION('',(0.,-1.,2.22044604925E-16));
#4265 = DIRECTION('',(1.,0.,0.));
#4266 = ORIENTED_EDGE('',*,*,#4267,.F.);
#4267 = EDGE_CURVE('',#4268,#4259,#4270,.T.);
#4268 = VERTEX_POINT('',#4269);
#4269 = CARTESIAN_POINT('',(3.725,-2.,3.275000000002));
#4270 = LINE('',#4271,#4272);
#4271 = CARTESIAN_POINT('',(3.725,-2.,2.831678460511));
#4272 = VECTOR('',#4273,1.);
#4273 = DIRECTION('',(0.,-2.482895484765E-16,-1.));
#4274 = ORIENTED_EDGE('',*,*,#4275,.T.);
#4275 = EDGE_CURVE('',#4268,#4276,#4278,.T.);
#4276 = VERTEX_POINT('',#4277);
#4277 = CARTESIAN_POINT('',(3.625,-2.,3.375000000002));
#4278 = CIRCLE('',#4279,0.1);
#4279 = AXIS2_PLACEMENT_3D('',#4280,#4281,#4282);
#4280 = CARTESIAN_POINT('',(3.625,-2.,3.275000000002));
#4281 = DIRECTION('',(0.,-1.,2.22044604925E-16));
#4282 = DIRECTION('',(1.,0.,0.));
#4283 = ORIENTED_EDGE('',*,*,#4284,.F.);
#4284 = EDGE_CURVE('',#4285,#4276,#4287,.T.);
#4285 = VERTEX_POINT('',#4286);
#4286 = CARTESIAN_POINT('',(2.625,-2.,3.375000000002));
#4287 = LINE('',#4288,#4289);
#4288 = CARTESIAN_POINT('',(1.337039003522,-2.,3.375000000002));
#4289 = VECTOR('',#4290,1.);
#4290 = DIRECTION('',(1.,0.,0.));
#4291 = ORIENTED_EDGE('',*,*,#4292,.T.);
#4292 = EDGE_CURVE('',#4285,#4293,#4295,.T.);
#4293 = VERTEX_POINT('',#4294);
#4294 = CARTESIAN_POINT('',(2.525,-2.,3.275000000002));
#4295 = CIRCLE('',#4296,0.1);
#4296 = AXIS2_PLACEMENT_3D('',#4297,#4298,#4299);
#4297 = CARTESIAN_POINT('',(2.625,-2.,3.275000000002));
#4298 = DIRECTION('',(0.,-1.,2.22044604925E-16));
#4299 = DIRECTION('',(1.,0.,0.));
#4300 = ORIENTED_EDGE('',*,*,#4301,.F.);
#4301 = EDGE_CURVE('',#4302,#4293,#4304,.T.);
#4302 = VERTEX_POINT('',#4303);
#4303 = CARTESIAN_POINT('',(2.525,-2.,2.850000000002));
#4304 = LINE('',#4305,#4306);
#4305 = CARTESIAN_POINT('',(2.525,-2.,2.569178460511));
#4306 = VECTOR('',#4307,1.);
#4307 = DIRECTION('',(0.,2.482895484765E-16,1.));
#4308 = ORIENTED_EDGE('',*,*,#4309,.T.);
#4309 = EDGE_CURVE('',#4302,#4201,#4310,.T.);
#4310 = CIRCLE('',#4311,0.1);
#4311 = AXIS2_PLACEMENT_3D('',#4312,#4313,#4314);
#4312 = CARTESIAN_POINT('',(2.625,-2.,2.850000000002));
#4313 = DIRECTION('',(0.,-1.,2.22044604925E-16));
#4314 = DIRECTION('',(0.,2.22044604925E-16,1.));
#4315 = PLANE('',#4316);
#4316 = AXIS2_PLACEMENT_3D('',#4317,#4318,#4319);
#4317 = CARTESIAN_POINT('',(4.907800704333E-02,-2.,2.388356921021));
#4318 = DIRECTION('',(0.,1.,-2.536039213109E-16));
#4319 = DIRECTION('',(0.,2.536039213109E-16,1.));
#4320 = ADVANCED_FACE('',(#4321),#4332,.T.);
#4321 = FACE_BOUND('',#4322,.T.);
#4322 = EDGE_LOOP('',(#4323,#4329,#4330,#4331));
#4323 = ORIENTED_EDGE('',*,*,#4324,.T.);
#4324 = EDGE_CURVE('',#3909,#4175,#4325,.T.);
#4325 = LINE('',#4326,#4327);
#4326 = CARTESIAN_POINT('',(-5.875,-2.25,3.625000000001));
#4327 = VECTOR('',#4328,1.);
#4328 = DIRECTION('',(0.,1.,-2.22044604925E-16));
#4329 = ORIENTED_EDGE('',*,*,#4174,.T.);
#4330 = ORIENTED_EDGE('',*,*,#3844,.F.);
#4331 = ORIENTED_EDGE('',*,*,#3916,.F.);
#4332 = PLANE('',#4333);
#4333 = AXIS2_PLACEMENT_3D('',#4334,#4335,#4336);
#4334 = CARTESIAN_POINT('',(-5.875,-2.25,3.625000000001));
#4335 = DIRECTION('',(-0.707201068376,1.569883071145E-16,0.707012481423)
  );
#4336 = DIRECTION('',(-0.707012481423,-1.570301818302E-16,
    -0.707201068376));
#4337 = ADVANCED_FACE('',(#4338),#4388,.T.);
#4338 = FACE_BOUND('',#4339,.T.);
#4339 = EDGE_LOOP('',(#4340,#4341,#4350,#4358,#4366,#4374,#4381,#4382));
#4340 = ORIENTED_EDGE('',*,*,#3873,.T.);
#4341 = ORIENTED_EDGE('',*,*,#4342,.T.);
#4342 = EDGE_CURVE('',#3876,#4343,#4345,.T.);
#4343 = VERTEX_POINT('',#4344);
#4344 = CARTESIAN_POINT('',(5.425,-2.35,0.25));
#4345 = CIRCLE('',#4346,1.E-01);
#4346 = AXIS2_PLACEMENT_3D('',#4347,#4348,#4349);
#4347 = CARTESIAN_POINT('',(5.425,-2.35,0.35));
#4348 = DIRECTION('',(-1.,0.,-0.));
#4349 = DIRECTION('',(0.,1.,-1.33226762955E-14));
#4350 = ORIENTED_EDGE('',*,*,#4351,.T.);
#4351 = EDGE_CURVE('',#4343,#4352,#4354,.T.);
#4352 = VERTEX_POINT('',#4353);
#4353 = CARTESIAN_POINT('',(5.425,-3.9,0.25));
#4354 = LINE('',#4355,#4356);
#4355 = CARTESIAN_POINT('',(5.425,-2.35,0.25));
#4356 = VECTOR('',#4357,1.);
#4357 = DIRECTION('',(0.,-1.,0.));
#4358 = ORIENTED_EDGE('',*,*,#4359,.T.);
#4359 = EDGE_CURVE('',#4352,#4360,#4362,.T.);
#4360 = VERTEX_POINT('',#4361);
#4361 = CARTESIAN_POINT('',(5.425,-3.9,3.608224830032E-16));
#4362 = LINE('',#4363,#4364);
#4363 = CARTESIAN_POINT('',(5.425,-3.9,0.25));
#4364 = VECTOR('',#4365,1.);
#4365 = DIRECTION('',(0.,6.123233995737E-17,-1.));
#4366 = ORIENTED_EDGE('',*,*,#4367,.F.);
#4367 = EDGE_CURVE('',#4368,#4360,#4370,.T.);
#4368 = VERTEX_POINT('',#4369);
#4369 = CARTESIAN_POINT('',(5.425,-2.35,6.661338147751E-16));
#4370 = LINE('',#4371,#4372);
#4371 = CARTESIAN_POINT('',(5.425,-2.35,4.440892098501E-16));
#4372 = VECTOR('',#4373,1.);
#4373 = DIRECTION('',(0.,-1.,-6.123233995737E-17));
#4374 = ORIENTED_EDGE('',*,*,#4375,.F.);
#4375 = EDGE_CURVE('',#4134,#4368,#4376,.T.);
#4376 = CIRCLE('',#4377,0.35);
#4377 = AXIS2_PLACEMENT_3D('',#4378,#4379,#4380);
#4378 = CARTESIAN_POINT('',(5.425,-2.35,0.35));
#4379 = DIRECTION('',(-1.,0.,-0.));
#4380 = DIRECTION('',(0.,1.,-3.806478941572E-15));
#4381 = ORIENTED_EDGE('',*,*,#4133,.T.);
#4382 = ORIENTED_EDGE('',*,*,#4383,.F.);
#4383 = EDGE_CURVE('',#3874,#4125,#4384,.T.);
#4384 = LINE('',#4385,#4386);
#4385 = CARTESIAN_POINT('',(5.425,-2.25,3.825000000002));
#4386 = VECTOR('',#4387,1.);
#4387 = DIRECTION('',(0.,1.,-2.22044604925E-16));
#4388 = PLANE('',#4389);
#4389 = AXIS2_PLACEMENT_3D('',#4390,#4391,#4392);
#4390 = CARTESIAN_POINT('',(5.425,-2.465206159618,1.444329658749));
#4391 = DIRECTION('',(1.,0.,0.));
#4392 = DIRECTION('',(0.,0.,1.));
#4393 = ADVANCED_FACE('',(#4394),#4405,.T.);
#4394 = FACE_BOUND('',#4395,.F.);
#4395 = EDGE_LOOP('',(#4396,#4397,#4403,#4404));
#4396 = ORIENTED_EDGE('',*,*,#3883,.T.);
#4397 = ORIENTED_EDGE('',*,*,#4398,.T.);
#4398 = EDGE_CURVE('',#3884,#4115,#4399,.T.);
#4399 = LINE('',#4400,#4401);
#4400 = CARTESIAN_POINT('',(5.325,-2.25,3.925000000002));
#4401 = VECTOR('',#4402,1.);
#4402 = DIRECTION('',(0.,1.,-2.22044604925E-16));
#4403 = ORIENTED_EDGE('',*,*,#4124,.F.);
#4404 = ORIENTED_EDGE('',*,*,#4383,.F.);
#4405 = CYLINDRICAL_SURFACE('',#4406,0.1);
#4406 = AXIS2_PLACEMENT_3D('',#4407,#4408,#4409);
#4407 = CARTESIAN_POINT('',(5.325,-2.25,3.825000000002));
#4408 = DIRECTION('',(0.,1.,-2.22044604925E-16));
#4409 = DIRECTION('',(1.,0.,0.));
#4410 = ADVANCED_FACE('',(#4411),#4430,.F.);
#4411 = FACE_BOUND('',#4412,.T.);
#4412 = EDGE_LOOP('',(#4413,#4422,#4428,#4429));
#4413 = ORIENTED_EDGE('',*,*,#4414,.T.);
#4414 = EDGE_CURVE('',#3949,#4415,#4417,.T.);
#4415 = VERTEX_POINT('',#4416);
#4416 = CARTESIAN_POINT('',(4.425,-2.35,0.25));
#4417 = CIRCLE('',#4418,1.E-01);
#4418 = AXIS2_PLACEMENT_3D('',#4419,#4420,#4421);
#4419 = CARTESIAN_POINT('',(4.425,-2.35,0.35));
#4420 = DIRECTION('',(-1.,0.,-0.));
#4421 = DIRECTION('',(0.,1.,-1.33226762955E-14));
#4422 = ORIENTED_EDGE('',*,*,#4423,.T.);
#4423 = EDGE_CURVE('',#4415,#4343,#4424,.T.);
#4424 = LINE('',#4425,#4426);
#4425 = CARTESIAN_POINT('',(4.425,-2.35,0.25));
#4426 = VECTOR('',#4427,1.);
#4427 = DIRECTION('',(1.,0.,0.));
#4428 = ORIENTED_EDGE('',*,*,#4342,.F.);
#4429 = ORIENTED_EDGE('',*,*,#3956,.F.);
#4430 = CYLINDRICAL_SURFACE('',#4431,1.E-01);
#4431 = AXIS2_PLACEMENT_3D('',#4432,#4433,#4434);
#4432 = CARTESIAN_POINT('',(4.425,-2.35,0.35));
#4433 = DIRECTION('',(1.,0.,0.));
#4434 = DIRECTION('',(0.,1.,-1.33226762955E-14));
#4435 = ADVANCED_FACE('',(#4436),#4447,.T.);
#4436 = FACE_BOUND('',#4437,.T.);
#4437 = EDGE_LOOP('',(#4438,#4439,#4440,#4441));
#4438 = ORIENTED_EDGE('',*,*,#3892,.F.);
#4439 = ORIENTED_EDGE('',*,*,#4398,.T.);
#4440 = ORIENTED_EDGE('',*,*,#4114,.T.);
#4441 = ORIENTED_EDGE('',*,*,#4442,.F.);
#4442 = EDGE_CURVE('',#3893,#4117,#4443,.T.);
#4443 = LINE('',#4444,#4445);
#4444 = CARTESIAN_POINT('',(-0.875,-2.25,3.925000000002));
#4445 = VECTOR('',#4446,1.);
#4446 = DIRECTION('',(0.,1.,-2.22044604925E-16));
#4447 = PLANE('',#4448);
#4448 = AXIS2_PLACEMENT_3D('',#4449,#4450,#4451);
#4449 = CARTESIAN_POINT('',(5.425,-2.25,3.925000000002));
#4450 = DIRECTION('',(0.,2.22044604925E-16,1.));
#4451 = DIRECTION('',(-1.,0.,0.));
#4452 = ADVANCED_FACE('',(#4453),#4495,.T.);
#4453 = FACE_BOUND('',#4454,.T.);
#4454 = EDGE_LOOP('',(#4455,#4465,#4473,#4479,#4480,#4481,#4487,#4488));
#4455 = ORIENTED_EDGE('',*,*,#4456,.T.);
#4456 = EDGE_CURVE('',#4457,#4459,#4461,.T.);
#4457 = VERTEX_POINT('',#4458);
#4458 = CARTESIAN_POINT('',(4.425,-2.35,6.661338147751E-16));
#4459 = VERTEX_POINT('',#4460);
#4460 = CARTESIAN_POINT('',(4.425,-3.9,5.712236878412E-16));
#4461 = LINE('',#4462,#4463);
#4462 = CARTESIAN_POINT('',(4.425,-2.35,6.661338147751E-16));
#4463 = VECTOR('',#4464,1.);
#4464 = DIRECTION('',(0.,-1.,-6.123233995737E-17));
#4465 = ORIENTED_EDGE('',*,*,#4466,.T.);
#4466 = EDGE_CURVE('',#4459,#4467,#4469,.T.);
#4467 = VERTEX_POINT('',#4468);
#4468 = CARTESIAN_POINT('',(4.425,-3.9,0.25));
#4469 = LINE('',#4470,#4471);
#4470 = CARTESIAN_POINT('',(4.425,-3.9,6.661338147751E-16));
#4471 = VECTOR('',#4472,1.);
#4472 = DIRECTION('',(0.,-6.123233995737E-17,1.));
#4473 = ORIENTED_EDGE('',*,*,#4474,.F.);
#4474 = EDGE_CURVE('',#4415,#4467,#4475,.T.);
#4475 = LINE('',#4476,#4477);
#4476 = CARTESIAN_POINT('',(4.425,-2.35,0.25));
#4477 = VECTOR('',#4478,1.);
#4478 = DIRECTION('',(0.,-1.,-6.123233995737E-17));
#4479 = ORIENTED_EDGE('',*,*,#4414,.F.);
#4480 = ORIENTED_EDGE('',*,*,#3948,.F.);
#4481 = ORIENTED_EDGE('',*,*,#4482,.F.);
#4482 = EDGE_CURVE('',#4150,#3941,#4483,.T.);
#4483 = LINE('',#4484,#4485);
#4484 = CARTESIAN_POINT('',(4.425,-2.125,1.075000000002));
#4485 = VECTOR('',#4486,1.);
#4486 = DIRECTION('',(0.,-1.,2.22044604925E-16));
#4487 = ORIENTED_EDGE('',*,*,#4149,.T.);
#4488 = ORIENTED_EDGE('',*,*,#4489,.T.);
#4489 = EDGE_CURVE('',#4142,#4457,#4490,.T.);
#4490 = CIRCLE('',#4491,0.35);
#4491 = AXIS2_PLACEMENT_3D('',#4492,#4493,#4494);
#4492 = CARTESIAN_POINT('',(4.425,-2.35,0.35));
#4493 = DIRECTION('',(-1.,0.,-0.));
#4494 = DIRECTION('',(0.,1.,-3.806478941572E-15));
#4495 = PLANE('',#4496);
#4496 = AXIS2_PLACEMENT_3D('',#4497,#4498,#4499);
#4497 = CARTESIAN_POINT('',(4.425,-2.791183060268,0.313041327689));
#4498 = DIRECTION('',(-1.,-0.,-0.));
#4499 = DIRECTION('',(0.,0.,-1.));
#4500 = ADVANCED_FACE('',(#4501),#4512,.T.);
#4501 = FACE_BOUND('',#4502,.T.);
#4502 = EDGE_LOOP('',(#4503,#4504,#4505,#4511));
#4503 = ORIENTED_EDGE('',*,*,#4442,.T.);
#4504 = ORIENTED_EDGE('',*,*,#4190,.T.);
#4505 = ORIENTED_EDGE('',*,*,#4506,.F.);
#4506 = EDGE_CURVE('',#3901,#4183,#4507,.T.);
#4507 = LINE('',#4508,#4509);
#4508 = CARTESIAN_POINT('',(-1.174,-2.25,3.625));
#4509 = VECTOR('',#4510,1.);
#4510 = DIRECTION('',(0.,1.,-2.22044604925E-16));
#4511 = ORIENTED_EDGE('',*,*,#3900,.F.);
#4512 = PLANE('',#4513);
#4513 = AXIS2_PLACEMENT_3D('',#4514,#4515,#4516);
#4514 = CARTESIAN_POINT('',(-0.875,-2.25,3.925000000002));
#4515 = DIRECTION('',(-0.708286272938,1.567469084951E-16,0.70592531869)
  );
#4516 = DIRECTION('',(-0.70592531869,-1.572711456483E-16,-0.708286272938
    ));
#4517 = ADVANCED_FACE('',(#4518),#4529,.T.);
#4518 = FACE_BOUND('',#4519,.T.);
#4519 = EDGE_LOOP('',(#4520,#4521,#4527,#4528));
#4520 = ORIENTED_EDGE('',*,*,#3940,.F.);
#4521 = ORIENTED_EDGE('',*,*,#4522,.T.);
#4522 = EDGE_CURVE('',#3933,#4158,#4523,.T.);
#4523 = LINE('',#4524,#4525);
#4524 = CARTESIAN_POINT('',(-0.875,-2.25,1.075000000002));
#4525 = VECTOR('',#4526,1.);
#4526 = DIRECTION('',(0.,1.,-2.22044604925E-16));
#4527 = ORIENTED_EDGE('',*,*,#4157,.T.);
#4528 = ORIENTED_EDGE('',*,*,#4482,.T.);
#4529 = PLANE('',#4530);
#4530 = AXIS2_PLACEMENT_3D('',#4531,#4532,#4533);
#4531 = CARTESIAN_POINT('',(-0.875,-2.25,1.075000000002));
#4532 = DIRECTION('',(0.,-2.22044604925E-16,-1.));
#4533 = DIRECTION('',(1.,0.,0.));
#4534 = ADVANCED_FACE('',(#4535),#4541,.T.);
#4535 = FACE_BOUND('',#4536,.T.);
#4536 = EDGE_LOOP('',(#4537,#4538,#4539,#4540));
#4537 = ORIENTED_EDGE('',*,*,#4506,.T.);
#4538 = ORIENTED_EDGE('',*,*,#4182,.T.);
#4539 = ORIENTED_EDGE('',*,*,#4324,.F.);
#4540 = ORIENTED_EDGE('',*,*,#3908,.F.);
#4541 = PLANE('',#4542);
#4542 = AXIS2_PLACEMENT_3D('',#4543,#4544,#4545);
#4543 = CARTESIAN_POINT('',(-1.174,-2.25,3.625));
#4544 = DIRECTION('',(2.679083171952E-13,2.22044604925E-16,1.));
#4545 = DIRECTION('',(-1.,5.948759644774E-29,2.679083171952E-13));
#4546 = ADVANCED_FACE('',(#4547),#4553,.T.);
#4547 = FACE_BOUND('',#4548,.T.);
#4548 = EDGE_LOOP('',(#4549,#4550,#4551,#4552));
#4549 = ORIENTED_EDGE('',*,*,#4099,.T.);
#4550 = ORIENTED_EDGE('',*,*,#4165,.T.);
#4551 = ORIENTED_EDGE('',*,*,#4522,.F.);
#4552 = ORIENTED_EDGE('',*,*,#3932,.F.);
#4553 = PLANE('',#4554);
#4554 = AXIS2_PLACEMENT_3D('',#4555,#4556,#4557);
#4555 = CARTESIAN_POINT('',(-1.174,-2.25,1.375));
#4556 = DIRECTION('',(-0.708286272933,-1.567469084962E-16,
    -0.705925318695));
#4557 = DIRECTION('',(0.705925318695,-1.572711456473E-16,-0.708286272933
    ));
#4558 = ADVANCED_FACE('',(#4559),#4609,.T.);
#4559 = FACE_BOUND('',#4560,.T.);
#4560 = EDGE_LOOP('',(#4561,#4562,#4568,#4569,#4578,#4586,#4594,#4602));
#4561 = ORIENTED_EDGE('',*,*,#3964,.F.);
#4562 = ORIENTED_EDGE('',*,*,#4563,.T.);
#4563 = EDGE_CURVE('',#3965,#4217,#4564,.T.);
#4564 = LINE('',#4565,#4566);
#4565 = CARTESIAN_POINT('',(2.625,-2.25,2.250000000002));
#4566 = VECTOR('',#4567,1.);
#4567 = DIRECTION('',(0.,1.,-2.22044604925E-16));
#4568 = ORIENTED_EDGE('',*,*,#4216,.T.);
#4569 = ORIENTED_EDGE('',*,*,#4570,.T.);
#4570 = EDGE_CURVE('',#4209,#4571,#4573,.T.);
#4571 = VERTEX_POINT('',#4572);
#4572 = CARTESIAN_POINT('',(2.844707050164,-2.021107582725,
    2.250000000002));
#4573 = CIRCLE('',#4574,0.35);
#4574 = AXIS2_PLACEMENT_3D('',#4575,#4576,#4577);
#4575 = CARTESIAN_POINT('',(2.725,-2.35,2.250000000002));
#4576 = DIRECTION('',(0.,-0.,-1.));
#4577 = DIRECTION('',(1.,-5.075305255429E-15,0.));
#4578 = ORIENTED_EDGE('',*,*,#4579,.T.);
#4579 = EDGE_CURVE('',#4571,#4580,#4582,.T.);
#4580 = VERTEX_POINT('',#4581);
#4581 = CARTESIAN_POINT('',(3.516535773753,-2.265633240636,
    2.250000000002));
#4582 = LINE('',#4583,#4584);
#4583 = CARTESIAN_POINT('',(2.844707050164,-2.021107582725,
    2.250000000002));
#4584 = VECTOR('',#4585,1.);
#4585 = DIRECTION('',(0.939692620786,-0.342020143326,-9.614242282381E-31
    ));
#4586 = ORIENTED_EDGE('',*,*,#4587,.F.);
#4587 = EDGE_CURVE('',#4588,#4580,#4590,.T.);
#4588 = VERTEX_POINT('',#4589);
#4589 = CARTESIAN_POINT('',(3.431030737921,-2.500556395833,
    2.250000000002));
#4590 = LINE('',#4591,#4592);
#4591 = CARTESIAN_POINT('',(3.431030737921,-2.500556395833,
    2.250000000002));
#4592 = VECTOR('',#4593,1.);
#4593 = DIRECTION('',(0.342020143326,0.939692620786,-2.22044604925E-16)
  );
#4594 = ORIENTED_EDGE('',*,*,#4595,.F.);
#4595 = EDGE_CURVE('',#4596,#4588,#4598,.T.);
#4596 = VERTEX_POINT('',#4597);
#4597 = CARTESIAN_POINT('',(2.759202014333,-2.256030737921,
    2.250000000002));
#4598 = LINE('',#4599,#4600);
#4599 = CARTESIAN_POINT('',(2.759202014333,-2.256030737921,
    2.250000000002));
#4600 = VECTOR('',#4601,1.);
#4601 = DIRECTION('',(0.939692620786,-0.342020143326,9.737501798822E-31)
  );
#4602 = ORIENTED_EDGE('',*,*,#4603,.F.);
#4603 = EDGE_CURVE('',#3967,#4596,#4604,.T.);
#4604 = CIRCLE('',#4605,0.1);
#4605 = AXIS2_PLACEMENT_3D('',#4606,#4607,#4608);
#4606 = CARTESIAN_POINT('',(2.725,-2.35,2.250000000002));
#4607 = DIRECTION('',(0.,-0.,-1.));
#4608 = DIRECTION('',(1.,-3.10862446895E-14,0.));
#4609 = PLANE('',#4610);
#4610 = AXIS2_PLACEMENT_3D('',#4611,#4612,#4613);
#4611 = CARTESIAN_POINT('',(3.051838456743,-2.241276144888,
    2.250000000002));
#4612 = DIRECTION('',(-0.,-0.,-1.));
#4613 = DIRECTION('',(-1.,0.,0.));
#4614 = ADVANCED_FACE('',(#4615),#4626,.F.);
#4615 = FACE_BOUND('',#4616,.F.);
#4616 = EDGE_LOOP('',(#4617,#4618,#4619,#4620));
#4617 = ORIENTED_EDGE('',*,*,#4075,.T.);
#4618 = ORIENTED_EDGE('',*,*,#4563,.T.);
#4619 = ORIENTED_EDGE('',*,*,#4224,.F.);
#4620 = ORIENTED_EDGE('',*,*,#4621,.F.);
#4621 = EDGE_CURVE('',#4068,#4225,#4622,.T.);
#4622 = LINE('',#4623,#4624);
#4623 = CARTESIAN_POINT('',(2.525,-2.25,2.150000000002));
#4624 = VECTOR('',#4625,1.);
#4625 = DIRECTION('',(0.,1.,-2.22044604925E-16));
#4626 = CYLINDRICAL_SURFACE('',#4627,0.1);
#4627 = AXIS2_PLACEMENT_3D('',#4628,#4629,#4630);
#4628 = CARTESIAN_POINT('',(2.625,-2.25,2.150000000002));
#4629 = DIRECTION('',(0.,1.,-2.22044604925E-16));
#4630 = DIRECTION('',(-1.,0.,0.));
#4631 = ADVANCED_FACE('',(#4632),#4651,.F.);
#4632 = FACE_BOUND('',#4633,.F.);
#4633 = EDGE_LOOP('',(#4634,#4643,#4649,#4650));
#4634 = ORIENTED_EDGE('',*,*,#4635,.T.);
#4635 = EDGE_CURVE('',#3975,#4636,#4638,.T.);
#4636 = VERTEX_POINT('',#4637);
#4637 = CARTESIAN_POINT('',(2.759202014333,-2.256030737921,
    2.750000000002));
#4638 = CIRCLE('',#4639,0.1);
#4639 = AXIS2_PLACEMENT_3D('',#4640,#4641,#4642);
#4640 = CARTESIAN_POINT('',(2.725,-2.35,2.750000000002));
#4641 = DIRECTION('',(0.,-0.,-1.));
#4642 = DIRECTION('',(1.,-3.10862446895E-14,0.));
#4643 = ORIENTED_EDGE('',*,*,#4644,.T.);
#4644 = EDGE_CURVE('',#4636,#4596,#4645,.T.);
#4645 = LINE('',#4646,#4647);
#4646 = CARTESIAN_POINT('',(2.759202014333,-2.256030737921,
    2.750000000002));
#4647 = VECTOR('',#4648,1.);
#4648 = DIRECTION('',(0.,0.,-1.));
#4649 = ORIENTED_EDGE('',*,*,#4603,.F.);
#4650 = ORIENTED_EDGE('',*,*,#3974,.F.);
#4651 = CYLINDRICAL_SURFACE('',#4652,0.1);
#4652 = AXIS2_PLACEMENT_3D('',#4653,#4654,#4655);
#4653 = CARTESIAN_POINT('',(2.725,-2.35,2.750000000002));
#4654 = DIRECTION('',(0.,0.,-1.));
#4655 = DIRECTION('',(1.,-3.10862446895E-14,0.));
#4656 = ADVANCED_FACE('',(#4657),#4668,.T.);
#4657 = FACE_BOUND('',#4658,.T.);
#4658 = EDGE_LOOP('',(#4659,#4660,#4666,#4667));
#4659 = ORIENTED_EDGE('',*,*,#4067,.F.);
#4660 = ORIENTED_EDGE('',*,*,#4661,.T.);
#4661 = EDGE_CURVE('',#4059,#4234,#4662,.T.);
#4662 = LINE('',#4663,#4664);
#4663 = CARTESIAN_POINT('',(2.525,-2.25,1.725000000002));
#4664 = VECTOR('',#4665,1.);
#4665 = DIRECTION('',(0.,1.,-2.22044604925E-16));
#4666 = ORIENTED_EDGE('',*,*,#4233,.T.);
#4667 = ORIENTED_EDGE('',*,*,#4621,.F.);
#4668 = PLANE('',#4669);
#4669 = AXIS2_PLACEMENT_3D('',#4670,#4671,#4672);
#4670 = CARTESIAN_POINT('',(2.525,-2.25,1.725000000002));
#4671 = DIRECTION('',(1.,0.,0.));
#4672 = DIRECTION('',(0.,2.22044604925E-16,1.));
#4673 = ADVANCED_FACE('',(#4674),#4716,.T.);
#4674 = FACE_BOUND('',#4675,.T.);
#4675 = EDGE_LOOP('',(#4676,#4677,#4678,#4686,#4694,#4702,#4709,#4710));
#4676 = ORIENTED_EDGE('',*,*,#3982,.T.);
#4677 = ORIENTED_EDGE('',*,*,#4635,.T.);
#4678 = ORIENTED_EDGE('',*,*,#4679,.T.);
#4679 = EDGE_CURVE('',#4636,#4680,#4682,.T.);
#4680 = VERTEX_POINT('',#4681);
#4681 = CARTESIAN_POINT('',(3.431030737921,-2.500556395833,
    2.750000000002));
#4682 = LINE('',#4683,#4684);
#4683 = CARTESIAN_POINT('',(2.759202014333,-2.256030737921,
    2.750000000002));
#4684 = VECTOR('',#4685,1.);
#4685 = DIRECTION('',(0.939692620786,-0.342020143326,9.737501798822E-31)
  );
#4686 = ORIENTED_EDGE('',*,*,#4687,.T.);
#4687 = EDGE_CURVE('',#4680,#4688,#4690,.T.);
#4688 = VERTEX_POINT('',#4689);
#4689 = CARTESIAN_POINT('',(3.516535773753,-2.265633240636,
    2.750000000002));
#4690 = LINE('',#4691,#4692);
#4691 = CARTESIAN_POINT('',(3.431030737921,-2.500556395833,
    2.750000000002));
#4692 = VECTOR('',#4693,1.);
#4693 = DIRECTION('',(0.342020143326,0.939692620786,-2.22044604925E-16)
  );
#4694 = ORIENTED_EDGE('',*,*,#4695,.F.);
#4695 = EDGE_CURVE('',#4696,#4688,#4698,.T.);
#4696 = VERTEX_POINT('',#4697);
#4697 = CARTESIAN_POINT('',(2.844707050164,-2.021107582725,
    2.750000000002));
#4698 = LINE('',#4699,#4700);
#4699 = CARTESIAN_POINT('',(2.844707050164,-2.021107582725,
    2.750000000002));
#4700 = VECTOR('',#4701,1.);
#4701 = DIRECTION('',(0.939692620786,-0.342020143326,1.084683744679E-30)
  );
#4702 = ORIENTED_EDGE('',*,*,#4703,.F.);
#4703 = EDGE_CURVE('',#4199,#4696,#4704,.T.);
#4704 = CIRCLE('',#4705,0.35);
#4705 = AXIS2_PLACEMENT_3D('',#4706,#4707,#4708);
#4706 = CARTESIAN_POINT('',(2.725,-2.35,2.750000000002));
#4707 = DIRECTION('',(0.,-0.,-1.));
#4708 = DIRECTION('',(1.,-6.344131569287E-15,0.));
#4709 = ORIENTED_EDGE('',*,*,#4198,.T.);
#4710 = ORIENTED_EDGE('',*,*,#4711,.F.);
#4711 = EDGE_CURVE('',#3983,#4201,#4712,.T.);
#4712 = LINE('',#4713,#4714);
#4713 = CARTESIAN_POINT('',(2.625,-2.25,2.750000000002));
#4714 = VECTOR('',#4715,1.);
#4715 = DIRECTION('',(0.,1.,-2.22044604925E-16));
#4716 = PLANE('',#4717);
#4717 = AXIS2_PLACEMENT_3D('',#4718,#4719,#4720);
#4718 = CARTESIAN_POINT('',(3.051838456743,-2.241276144888,
    2.750000000002));
#4719 = DIRECTION('',(0.,0.,1.));
#4720 = DIRECTION('',(1.,0.,0.));
#4721 = ADVANCED_FACE('',(#4722),#4733,.F.);
#4722 = FACE_BOUND('',#4723,.F.);
#4723 = EDGE_LOOP('',(#4724,#4725,#4726,#4727));
#4724 = ORIENTED_EDGE('',*,*,#4058,.F.);
#4725 = ORIENTED_EDGE('',*,*,#4661,.T.);
#4726 = ORIENTED_EDGE('',*,*,#4241,.T.);
#4727 = ORIENTED_EDGE('',*,*,#4728,.F.);
#4728 = EDGE_CURVE('',#4051,#4242,#4729,.T.);
#4729 = LINE('',#4730,#4731);
#4730 = CARTESIAN_POINT('',(2.625,-2.25,1.625000000002));
#4731 = VECTOR('',#4732,1.);
#4732 = DIRECTION('',(0.,1.,-2.22044604925E-16));
#4733 = CYLINDRICAL_SURFACE('',#4734,0.1);
#4734 = AXIS2_PLACEMENT_3D('',#4735,#4736,#4737);
#4735 = CARTESIAN_POINT('',(2.625,-2.25,1.725000000002));
#4736 = DIRECTION('',(0.,-1.,2.22044604925E-16));
#4737 = DIRECTION('',(1.,0.,0.));
#4738 = ADVANCED_FACE('',(#4739),#4750,.F.);
#4739 = FACE_BOUND('',#4740,.T.);
#4740 = EDGE_LOOP('',(#4741,#4742,#4743,#4744));
#4741 = ORIENTED_EDGE('',*,*,#3990,.T.);
#4742 = ORIENTED_EDGE('',*,*,#4711,.T.);
#4743 = ORIENTED_EDGE('',*,*,#4309,.F.);
#4744 = ORIENTED_EDGE('',*,*,#4745,.F.);
#4745 = EDGE_CURVE('',#3991,#4302,#4746,.T.);
#4746 = LINE('',#4747,#4748);
#4747 = CARTESIAN_POINT('',(2.525,-2.25,2.850000000002));
#4748 = VECTOR('',#4749,1.);
#4749 = DIRECTION('',(0.,1.,-2.22044604925E-16));
#4750 = CYLINDRICAL_SURFACE('',#4751,0.1);
#4751 = AXIS2_PLACEMENT_3D('',#4752,#4753,#4754);
#4752 = CARTESIAN_POINT('',(2.625,-2.25,2.850000000002));
#4753 = DIRECTION('',(0.,1.,-2.22044604925E-16));
#4754 = DIRECTION('',(-1.,0.,0.));
#4755 = ADVANCED_FACE('',(#4756),#4767,.T.);
#4756 = FACE_BOUND('',#4757,.T.);
#4757 = EDGE_LOOP('',(#4758,#4759,#4765,#4766));
#4758 = ORIENTED_EDGE('',*,*,#4050,.F.);
#4759 = ORIENTED_EDGE('',*,*,#4760,.T.);
#4760 = EDGE_CURVE('',#4042,#4251,#4761,.T.);
#4761 = LINE('',#4762,#4763);
#4762 = CARTESIAN_POINT('',(3.625,-2.25,1.625000000002));
#4763 = VECTOR('',#4764,1.);
#4764 = DIRECTION('',(0.,1.,-2.22044604925E-16));
#4765 = ORIENTED_EDGE('',*,*,#4250,.T.);
#4766 = ORIENTED_EDGE('',*,*,#4728,.F.);
#4767 = PLANE('',#4768);
#4768 = AXIS2_PLACEMENT_3D('',#4769,#4770,#4771);
#4769 = CARTESIAN_POINT('',(3.625,-2.25,1.625000000002));
#4770 = DIRECTION('',(0.,2.22044604925E-16,1.));
#4771 = DIRECTION('',(-1.,0.,0.));
#4772 = ADVANCED_FACE('',(#4773),#4784,.T.);
#4773 = FACE_BOUND('',#4774,.T.);
#4774 = EDGE_LOOP('',(#4775,#4776,#4777,#4778));
#4775 = ORIENTED_EDGE('',*,*,#3999,.F.);
#4776 = ORIENTED_EDGE('',*,*,#4745,.T.);
#4777 = ORIENTED_EDGE('',*,*,#4301,.T.);
#4778 = ORIENTED_EDGE('',*,*,#4779,.F.);
#4779 = EDGE_CURVE('',#4000,#4293,#4780,.T.);
#4780 = LINE('',#4781,#4782);
#4781 = CARTESIAN_POINT('',(2.525,-2.25,3.275000000002));
#4782 = VECTOR('',#4783,1.);
#4783 = DIRECTION('',(0.,1.,-2.22044604925E-16));
#4784 = PLANE('',#4785);
#4785 = AXIS2_PLACEMENT_3D('',#4786,#4787,#4788);
#4786 = CARTESIAN_POINT('',(2.525,-2.25,2.750000000002));
#4787 = DIRECTION('',(1.,0.,0.));
#4788 = DIRECTION('',(0.,2.22044604925E-16,1.));
#4789 = ADVANCED_FACE('',(#4790),#4801,.F.);
#4790 = FACE_BOUND('',#4791,.F.);
#4791 = EDGE_LOOP('',(#4792,#4793,#4794,#4795));
#4792 = ORIENTED_EDGE('',*,*,#4041,.F.);
#4793 = ORIENTED_EDGE('',*,*,#4760,.T.);
#4794 = ORIENTED_EDGE('',*,*,#4258,.T.);
#4795 = ORIENTED_EDGE('',*,*,#4796,.F.);
#4796 = EDGE_CURVE('',#4034,#4259,#4797,.T.);
#4797 = LINE('',#4798,#4799);
#4798 = CARTESIAN_POINT('',(3.725,-2.25,1.725000000002));
#4799 = VECTOR('',#4800,1.);
#4800 = DIRECTION('',(0.,1.,-2.22044604925E-16));
#4801 = CYLINDRICAL_SURFACE('',#4802,0.1);
#4802 = AXIS2_PLACEMENT_3D('',#4803,#4804,#4805);
#4803 = CARTESIAN_POINT('',(3.625,-2.25,1.725000000002));
#4804 = DIRECTION('',(0.,-1.,2.22044604925E-16));
#4805 = DIRECTION('',(1.,0.,0.));
#4806 = ADVANCED_FACE('',(#4807),#4818,.F.);
#4807 = FACE_BOUND('',#4808,.F.);
#4808 = EDGE_LOOP('',(#4809,#4810,#4816,#4817));
#4809 = ORIENTED_EDGE('',*,*,#4007,.F.);
#4810 = ORIENTED_EDGE('',*,*,#4811,.T.);
#4811 = EDGE_CURVE('',#4008,#4285,#4812,.T.);
#4812 = LINE('',#4813,#4814);
#4813 = CARTESIAN_POINT('',(2.625,-2.25,3.375000000002));
#4814 = VECTOR('',#4815,1.);
#4815 = DIRECTION('',(0.,1.,-2.22044604925E-16));
#4816 = ORIENTED_EDGE('',*,*,#4292,.T.);
#4817 = ORIENTED_EDGE('',*,*,#4779,.F.);
#4818 = CYLINDRICAL_SURFACE('',#4819,0.1);
#4819 = AXIS2_PLACEMENT_3D('',#4820,#4821,#4822);
#4820 = CARTESIAN_POINT('',(2.625,-2.25,3.275000000002));
#4821 = DIRECTION('',(0.,-1.,2.22044604925E-16));
#4822 = DIRECTION('',(1.,0.,0.));
#4823 = ADVANCED_FACE('',(#4824),#4835,.T.);
#4824 = FACE_BOUND('',#4825,.T.);
#4825 = EDGE_LOOP('',(#4826,#4827,#4833,#4834));
#4826 = ORIENTED_EDGE('',*,*,#4033,.F.);
#4827 = ORIENTED_EDGE('',*,*,#4828,.T.);
#4828 = EDGE_CURVE('',#4025,#4268,#4829,.T.);
#4829 = LINE('',#4830,#4831);
#4830 = CARTESIAN_POINT('',(3.725,-2.25,3.275000000002));
#4831 = VECTOR('',#4832,1.);
#4832 = DIRECTION('',(0.,1.,-2.22044604925E-16));
#4833 = ORIENTED_EDGE('',*,*,#4267,.T.);
#4834 = ORIENTED_EDGE('',*,*,#4796,.F.);
#4835 = PLANE('',#4836);
#4836 = AXIS2_PLACEMENT_3D('',#4837,#4838,#4839);
#4837 = CARTESIAN_POINT('',(3.725,-2.25,3.275000000002));
#4838 = DIRECTION('',(-1.,0.,0.));
#4839 = DIRECTION('',(0.,-2.22044604925E-16,-1.));
#4840 = ADVANCED_FACE('',(#4841),#4852,.T.);
#4841 = FACE_BOUND('',#4842,.T.);
#4842 = EDGE_LOOP('',(#4843,#4844,#4845,#4846));
#4843 = ORIENTED_EDGE('',*,*,#4016,.F.);
#4844 = ORIENTED_EDGE('',*,*,#4811,.T.);
#4845 = ORIENTED_EDGE('',*,*,#4284,.T.);
#4846 = ORIENTED_EDGE('',*,*,#4847,.F.);
#4847 = EDGE_CURVE('',#4017,#4276,#4848,.T.);
#4848 = LINE('',#4849,#4850);
#4849 = CARTESIAN_POINT('',(3.625,-2.25,3.375000000002));
#4850 = VECTOR('',#4851,1.);
#4851 = DIRECTION('',(0.,1.,-2.22044604925E-16));
#4852 = PLANE('',#4853);
#4853 = AXIS2_PLACEMENT_3D('',#4854,#4855,#4856);
#4854 = CARTESIAN_POINT('',(2.625,-2.25,3.375000000002));
#4855 = DIRECTION('',(0.,-2.22044604925E-16,-1.));
#4856 = DIRECTION('',(1.,0.,0.));
#4857 = ADVANCED_FACE('',(#4858),#4864,.F.);
#4858 = FACE_BOUND('',#4859,.F.);
#4859 = EDGE_LOOP('',(#4860,#4861,#4862,#4863));
#4860 = ORIENTED_EDGE('',*,*,#4024,.F.);
#4861 = ORIENTED_EDGE('',*,*,#4828,.T.);
#4862 = ORIENTED_EDGE('',*,*,#4275,.T.);
#4863 = ORIENTED_EDGE('',*,*,#4847,.F.);
#4864 = CYLINDRICAL_SURFACE('',#4865,0.1);
#4865 = AXIS2_PLACEMENT_3D('',#4866,#4867,#4868);
#4866 = CARTESIAN_POINT('',(3.625,-2.25,3.275000000002));
#4867 = DIRECTION('',(0.,-1.,2.22044604925E-16));
#4868 = DIRECTION('',(1.,0.,0.));
#4869 = ADVANCED_FACE('',(#4870),#4881,.T.);
#4870 = FACE_BOUND('',#4871,.T.);
#4871 = EDGE_LOOP('',(#4872,#4873,#4879,#4880));
#4872 = ORIENTED_EDGE('',*,*,#4375,.T.);
#4873 = ORIENTED_EDGE('',*,*,#4874,.T.);
#4874 = EDGE_CURVE('',#4368,#4457,#4875,.T.);
#4875 = LINE('',#4876,#4877);
#4876 = CARTESIAN_POINT('',(4.425,-2.35,5.551115123126E-16));
#4877 = VECTOR('',#4878,1.);
#4878 = DIRECTION('',(-1.,0.,0.));
#4879 = ORIENTED_EDGE('',*,*,#4489,.F.);
#4880 = ORIENTED_EDGE('',*,*,#4141,.F.);
#4881 = CYLINDRICAL_SURFACE('',#4882,0.35);
#4882 = AXIS2_PLACEMENT_3D('',#4883,#4884,#4885);
#4883 = CARTESIAN_POINT('',(4.425,-2.35,0.35));
#4884 = DIRECTION('',(-1.,0.,0.));
#4885 = DIRECTION('',(0.,1.,-3.806478941572E-15));
#4886 = ADVANCED_FACE('',(#4887),#4898,.T.);
#4887 = FACE_BOUND('',#4888,.F.);
#4888 = EDGE_LOOP('',(#4889,#4890,#4896,#4897));
#4889 = ORIENTED_EDGE('',*,*,#4570,.T.);
#4890 = ORIENTED_EDGE('',*,*,#4891,.T.);
#4891 = EDGE_CURVE('',#4571,#4696,#4892,.T.);
#4892 = LINE('',#4893,#4894);
#4893 = CARTESIAN_POINT('',(2.844707050164,-2.021107582725,
    2.569178460511));
#4894 = VECTOR('',#4895,1.);
#4895 = DIRECTION('',(0.,0.,1.));
#4896 = ORIENTED_EDGE('',*,*,#4703,.F.);
#4897 = ORIENTED_EDGE('',*,*,#4208,.F.);
#4898 = CYLINDRICAL_SURFACE('',#4899,0.35);
#4899 = AXIS2_PLACEMENT_3D('',#4900,#4901,#4902);
#4900 = CARTESIAN_POINT('',(2.725,-2.35,2.569178460511));
#4901 = DIRECTION('',(0.,0.,1.));
#4902 = DIRECTION('',(1.,-6.344131569287E-15,0.));
#4903 = ADVANCED_FACE('',(#4904),#4933,.F.);
#4904 = FACE_BOUND('',#4905,.F.);
#4905 = EDGE_LOOP('',(#4906,#4907,#4908,#4909,#4918,#4926));
#4906 = ORIENTED_EDGE('',*,*,#4474,.F.);
#4907 = ORIENTED_EDGE('',*,*,#4423,.T.);
#4908 = ORIENTED_EDGE('',*,*,#4351,.T.);
#4909 = ORIENTED_EDGE('',*,*,#4910,.F.);
#4910 = EDGE_CURVE('',#4911,#4352,#4913,.T.);
#4911 = VERTEX_POINT('',#4912);
#4912 = CARTESIAN_POINT('',(5.325,-4.,0.25));
#4913 = CIRCLE('',#4914,0.1);
#4914 = AXIS2_PLACEMENT_3D('',#4915,#4916,#4917);
#4915 = CARTESIAN_POINT('',(5.325,-3.9,0.25));
#4916 = DIRECTION('',(0.,-6.123233995737E-17,1.));
#4917 = DIRECTION('',(0.,1.,6.123233995737E-17));
#4918 = ORIENTED_EDGE('',*,*,#4919,.F.);
#4919 = EDGE_CURVE('',#4920,#4911,#4922,.T.);
#4920 = VERTEX_POINT('',#4921);
#4921 = CARTESIAN_POINT('',(4.525,-4.,0.25));
#4922 = LINE('',#4923,#4924);
#4923 = CARTESIAN_POINT('',(4.425,-4.,0.25));
#4924 = VECTOR('',#4925,1.);
#4925 = DIRECTION('',(1.,0.,0.));
#4926 = ORIENTED_EDGE('',*,*,#4927,.T.);
#4927 = EDGE_CURVE('',#4920,#4467,#4928,.T.);
#4928 = CIRCLE('',#4929,0.1);
#4929 = AXIS2_PLACEMENT_3D('',#4930,#4931,#4932);
#4930 = CARTESIAN_POINT('',(4.525,-3.9,0.25));
#4931 = DIRECTION('',(0.,6.123233995737E-17,-1.));
#4932 = DIRECTION('',(0.,-1.,-6.123233995737E-17));
#4933 = PLANE('',#4934);
#4934 = AXIS2_PLACEMENT_3D('',#4935,#4936,#4937);
#4935 = CARTESIAN_POINT('',(4.425,-2.35,0.25));
#4936 = DIRECTION('',(0.,0.,-1.));
#4937 = DIRECTION('',(1.,0.,0.));
#4938 = ADVANCED_FACE('',(#4939),#4958,.T.);
#4939 = FACE_BOUND('',#4940,.F.);
#4940 = EDGE_LOOP('',(#4941,#4942,#4943,#4952));
#4941 = ORIENTED_EDGE('',*,*,#4910,.T.);
#4942 = ORIENTED_EDGE('',*,*,#4359,.T.);
#4943 = ORIENTED_EDGE('',*,*,#4944,.F.);
#4944 = EDGE_CURVE('',#4945,#4360,#4947,.T.);
#4945 = VERTEX_POINT('',#4946);
#4946 = CARTESIAN_POINT('',(5.325,-4.,6.661338147751E-16));
#4947 = CIRCLE('',#4948,0.1);
#4948 = AXIS2_PLACEMENT_3D('',#4949,#4950,#4951);
#4949 = CARTESIAN_POINT('',(5.325,-3.9,6.661338147751E-16));
#4950 = DIRECTION('',(0.,-6.123233995737E-17,1.));
#4951 = DIRECTION('',(0.,1.,6.123233995737E-17));
#4952 = ORIENTED_EDGE('',*,*,#4953,.F.);
#4953 = EDGE_CURVE('',#4911,#4945,#4954,.T.);
#4954 = LINE('',#4955,#4956);
#4955 = CARTESIAN_POINT('',(5.325,-4.,0.25));
#4956 = VECTOR('',#4957,1.);
#4957 = DIRECTION('',(0.,6.123233995737E-17,-1.));
#4958 = CYLINDRICAL_SURFACE('',#4959,0.1);
#4959 = AXIS2_PLACEMENT_3D('',#4960,#4961,#4962);
#4960 = CARTESIAN_POINT('',(5.325,-3.9,0.25));
#4961 = DIRECTION('',(0.,6.123233995737E-17,-1.));
#4962 = DIRECTION('',(0.,-1.,-6.123233995737E-17));
#4963 = ADVANCED_FACE('',(#4964),#4985,.F.);
#4964 = FACE_BOUND('',#4965,.F.);
#4965 = EDGE_LOOP('',(#4966,#4967,#4968,#4969,#4978,#4984));
#4966 = ORIENTED_EDGE('',*,*,#4367,.F.);
#4967 = ORIENTED_EDGE('',*,*,#4874,.T.);
#4968 = ORIENTED_EDGE('',*,*,#4456,.T.);
#4969 = ORIENTED_EDGE('',*,*,#4970,.F.);
#4970 = EDGE_CURVE('',#4971,#4459,#4973,.T.);
#4971 = VERTEX_POINT('',#4972);
#4972 = CARTESIAN_POINT('',(4.525,-4.,6.600105807794E-16));
#4973 = CIRCLE('',#4974,0.1);
#4974 = AXIS2_PLACEMENT_3D('',#4975,#4976,#4977);
#4975 = CARTESIAN_POINT('',(4.525,-3.9,6.661338147751E-16));
#4976 = DIRECTION('',(0.,6.123233995737E-17,-1.));
#4977 = DIRECTION('',(0.,-1.,-6.123233995737E-17));
#4978 = ORIENTED_EDGE('',*,*,#4979,.T.);
#4979 = EDGE_CURVE('',#4971,#4945,#4980,.T.);
#4980 = LINE('',#4981,#4982);
#4981 = CARTESIAN_POINT('',(4.425,-4.,6.661338147751E-16));
#4982 = VECTOR('',#4983,1.);
#4983 = DIRECTION('',(1.,0.,0.));
#4984 = ORIENTED_EDGE('',*,*,#4944,.T.);
#4985 = PLANE('',#4986);
#4986 = AXIS2_PLACEMENT_3D('',#4987,#4988,#4989);
#4987 = CARTESIAN_POINT('',(4.425,-2.35,6.661338147751E-16));
#4988 = DIRECTION('',(0.,0.,1.));
#4989 = DIRECTION('',(-1.,0.,0.));
#4990 = ADVANCED_FACE('',(#4991),#5002,.T.);
#4991 = FACE_BOUND('',#4992,.F.);
#4992 = EDGE_LOOP('',(#4993,#4994,#4995,#4996));
#4993 = ORIENTED_EDGE('',*,*,#4970,.T.);
#4994 = ORIENTED_EDGE('',*,*,#4466,.T.);
#4995 = ORIENTED_EDGE('',*,*,#4927,.F.);
#4996 = ORIENTED_EDGE('',*,*,#4997,.F.);
#4997 = EDGE_CURVE('',#4971,#4920,#4998,.T.);
#4998 = LINE('',#4999,#5000);
#4999 = CARTESIAN_POINT('',(4.525,-4.,6.600105807794E-16));
#5000 = VECTOR('',#5001,1.);
#5001 = DIRECTION('',(0.,-6.123233995737E-17,1.));
#5002 = CYLINDRICAL_SURFACE('',#5003,0.1);
#5003 = AXIS2_PLACEMENT_3D('',#5004,#5005,#5006);
#5004 = CARTESIAN_POINT('',(4.525,-3.9,6.661338147751E-16));
#5005 = DIRECTION('',(0.,-6.123233995737E-17,1.));
#5006 = DIRECTION('',(-0.,-1.,-6.123233995737E-17));
#5007 = ADVANCED_FACE('',(#5008),#5037,.T.);
#5008 = FACE_BOUND('',#5009,.T.);
#5009 = EDGE_LOOP('',(#5010,#5011,#5012,#5013,#5022,#5030));
#5010 = ORIENTED_EDGE('',*,*,#4679,.F.);
#5011 = ORIENTED_EDGE('',*,*,#4644,.T.);
#5012 = ORIENTED_EDGE('',*,*,#4595,.T.);
#5013 = ORIENTED_EDGE('',*,*,#5014,.F.);
#5014 = EDGE_CURVE('',#5015,#4588,#5017,.T.);
#5015 = VERTEX_POINT('',#5016);
#5016 = CARTESIAN_POINT('',(3.525,-2.534758410165,2.350000000002));
#5017 = CIRCLE('',#5018,0.1);
#5018 = AXIS2_PLACEMENT_3D('',#5019,#5020,#5021);
#5019 = CARTESIAN_POINT('',(3.431030737921,-2.500556395833,
    2.350000000002));
#5020 = DIRECTION('',(0.342020143326,0.939692620786,-2.22044604925E-16)
  );
#5021 = DIRECTION('',(-0.939692620786,0.342020143326,0.));
#5022 = ORIENTED_EDGE('',*,*,#5023,.F.);
#5023 = EDGE_CURVE('',#5024,#5015,#5026,.T.);
#5024 = VERTEX_POINT('',#5025);
#5025 = CARTESIAN_POINT('',(3.525,-2.534758410165,2.650000000002));
#5026 = LINE('',#5027,#5028);
#5027 = CARTESIAN_POINT('',(3.525,-2.534758410165,2.750000000002));
#5028 = VECTOR('',#5029,1.);
#5029 = DIRECTION('',(-7.594372760115E-17,-2.086536767334E-16,-1.));
#5030 = ORIENTED_EDGE('',*,*,#5031,.T.);
#5031 = EDGE_CURVE('',#5024,#4680,#5032,.T.);
#5032 = CIRCLE('',#5033,0.1);
#5033 = AXIS2_PLACEMENT_3D('',#5034,#5035,#5036);
#5034 = CARTESIAN_POINT('',(3.431030737921,-2.500556395833,
    2.650000000002));
#5035 = DIRECTION('',(-0.342020143326,-0.939692620786,2.22044604925E-16)
  );
#5036 = DIRECTION('',(-0.939692620786,0.342020143326,0.));
#5037 = PLANE('',#5038);
#5038 = AXIS2_PLACEMENT_3D('',#5039,#5040,#5041);
#5039 = CARTESIAN_POINT('',(2.759202014333,-2.256030737921,
    2.750000000002));
#5040 = DIRECTION('',(-0.342020143326,-0.939692620786,2.22044604925E-16)
  );
#5041 = DIRECTION('',(-7.594372760115E-17,-2.086536767334E-16,-1.));
#5042 = ADVANCED_FACE('',(#5043),#5062,.T.);
#5043 = FACE_BOUND('',#5044,.T.);
#5044 = EDGE_LOOP('',(#5045,#5046,#5047,#5056));
#5045 = ORIENTED_EDGE('',*,*,#5014,.T.);
#5046 = ORIENTED_EDGE('',*,*,#4587,.T.);
#5047 = ORIENTED_EDGE('',*,*,#5048,.F.);
#5048 = EDGE_CURVE('',#5049,#4580,#5051,.T.);
#5049 = VERTEX_POINT('',#5050);
#5050 = CARTESIAN_POINT('',(3.610505035831,-2.299835254969,
    2.350000000002));
#5051 = CIRCLE('',#5052,0.1);
#5052 = AXIS2_PLACEMENT_3D('',#5053,#5054,#5055);
#5053 = CARTESIAN_POINT('',(3.516535773753,-2.265633240636,
    2.350000000002));
#5054 = DIRECTION('',(0.342020143326,0.939692620786,-2.22044604925E-16)
  );
#5055 = DIRECTION('',(-0.939692620786,0.342020143326,0.));
#5056 = ORIENTED_EDGE('',*,*,#5057,.F.);
#5057 = EDGE_CURVE('',#5015,#5049,#5058,.T.);
#5058 = LINE('',#5059,#5060);
#5059 = CARTESIAN_POINT('',(3.525,-2.534758410165,2.350000000002));
#5060 = VECTOR('',#5061,1.);
#5061 = DIRECTION('',(0.342020143326,0.939692620786,-2.22044604925E-16)
  );
#5062 = CYLINDRICAL_SURFACE('',#5063,0.1);
#5063 = AXIS2_PLACEMENT_3D('',#5064,#5065,#5066);
#5064 = CARTESIAN_POINT('',(3.431030737921,-2.500556395833,
    2.350000000002));
#5065 = DIRECTION('',(0.342020143326,0.939692620786,-2.22044604925E-16)
  );
#5066 = DIRECTION('',(0.939692620786,-0.342020143326,4.930380657631E-32)
  );
#5067 = ADVANCED_FACE('',(#5068),#5089,.T.);
#5068 = FACE_BOUND('',#5069,.T.);
#5069 = EDGE_LOOP('',(#5070,#5071,#5072,#5073,#5082,#5088));
#5070 = ORIENTED_EDGE('',*,*,#4579,.F.);
#5071 = ORIENTED_EDGE('',*,*,#4891,.T.);
#5072 = ORIENTED_EDGE('',*,*,#4695,.T.);
#5073 = ORIENTED_EDGE('',*,*,#5074,.F.);
#5074 = EDGE_CURVE('',#5075,#4688,#5077,.T.);
#5075 = VERTEX_POINT('',#5076);
#5076 = CARTESIAN_POINT('',(3.610505035831,-2.299835254969,
    2.650000000002));
#5077 = CIRCLE('',#5078,0.1);
#5078 = AXIS2_PLACEMENT_3D('',#5079,#5080,#5081);
#5079 = CARTESIAN_POINT('',(3.516535773753,-2.265633240636,
    2.650000000002));
#5080 = DIRECTION('',(-0.342020143326,-0.939692620786,2.22044604925E-16)
  );
#5081 = DIRECTION('',(-0.939692620786,0.342020143326,0.));
#5082 = ORIENTED_EDGE('',*,*,#5083,.T.);
#5083 = EDGE_CURVE('',#5075,#5049,#5084,.T.);
#5084 = LINE('',#5085,#5086);
#5085 = CARTESIAN_POINT('',(3.610505035831,-2.299835254969,
    2.569178460511));
#5086 = VECTOR('',#5087,1.);
#5087 = DIRECTION('',(-8.492002695621E-17,-2.333158565217E-16,-1.));
#5088 = ORIENTED_EDGE('',*,*,#5048,.T.);
#5089 = PLANE('',#5090);
#5090 = AXIS2_PLACEMENT_3D('',#5091,#5092,#5093);
#5091 = CARTESIAN_POINT('',(2.844707050164,-2.021107582725,
    2.569178460511));
#5092 = DIRECTION('',(0.342020143326,0.939692620786,-2.482895484765E-16)
  );
#5093 = DIRECTION('',(8.492002695621E-17,2.333158565217E-16,1.));
#5094 = ADVANCED_FACE('',(#5095),#5106,.T.);
#5095 = FACE_BOUND('',#5096,.F.);
#5096 = EDGE_LOOP('',(#5097,#5098,#5099,#5100));
#5097 = ORIENTED_EDGE('',*,*,#5031,.T.);
#5098 = ORIENTED_EDGE('',*,*,#4687,.T.);
#5099 = ORIENTED_EDGE('',*,*,#5074,.F.);
#5100 = ORIENTED_EDGE('',*,*,#5101,.F.);
#5101 = EDGE_CURVE('',#5024,#5075,#5102,.T.);
#5102 = LINE('',#5103,#5104);
#5103 = CARTESIAN_POINT('',(3.525,-2.534758410165,2.650000000002));
#5104 = VECTOR('',#5105,1.);
#5105 = DIRECTION('',(0.342020143326,0.939692620786,-2.22044604925E-16)
  );
#5106 = CYLINDRICAL_SURFACE('',#5107,0.1);
#5107 = AXIS2_PLACEMENT_3D('',#5108,#5109,#5110);
#5108 = CARTESIAN_POINT('',(3.431030737921,-2.500556395833,
    2.650000000002));
#5109 = DIRECTION('',(0.342020143326,0.939692620786,-2.22044604925E-16)
  );
#5110 = DIRECTION('',(0.939692620786,-0.342020143326,4.930380657631E-32)
  );
#5111 = ADVANCED_FACE('',(#5112),#5118,.F.);
#5112 = FACE_BOUND('',#5113,.F.);
#5113 = EDGE_LOOP('',(#5114,#5115,#5116,#5117));
#5114 = ORIENTED_EDGE('',*,*,#4919,.T.);
#5115 = ORIENTED_EDGE('',*,*,#4953,.T.);
#5116 = ORIENTED_EDGE('',*,*,#4979,.F.);
#5117 = ORIENTED_EDGE('',*,*,#4997,.T.);
#5118 = PLANE('',#5119);
#5119 = AXIS2_PLACEMENT_3D('',#5120,#5121,#5122);
#5120 = CARTESIAN_POINT('',(4.925,-4.,0.125));
#5121 = DIRECTION('',(0.,1.,0.));
#5122 = DIRECTION('',(0.,0.,1.));
#5123 = ADVANCED_FACE('',(#5124),#5130,.T.);
#5124 = FACE_BOUND('',#5125,.T.);
#5125 = EDGE_LOOP('',(#5126,#5127,#5128,#5129));
#5126 = ORIENTED_EDGE('',*,*,#5023,.T.);
#5127 = ORIENTED_EDGE('',*,*,#5057,.T.);
#5128 = ORIENTED_EDGE('',*,*,#5083,.F.);
#5129 = ORIENTED_EDGE('',*,*,#5101,.F.);
#5130 = PLANE('',#5131);
#5131 = AXIS2_PLACEMENT_3D('',#5132,#5133,#5134);
#5132 = CARTESIAN_POINT('',(3.567752517916,-2.417296832567,
    2.500000000002));
#5133 = DIRECTION('',(0.939692620786,-0.342020143326,0.));
#5134 = DIRECTION('',(0.342020143326,0.939692620786,0.));
#5135 = ( GEOMETRIC_REPRESENTATION_CONTEXT(3) 
GLOBAL_UNCERTAINTY_ASSIGNED_CONTEXT((#5139)) 
GLOBAL_UNIT_ASSIGNED_CONTEXT((#5136,#5137,#5138)) REPRESENTATION_CONTEXT
('Context #1','3D Context with UNIT and UNCERTAINTY') );
#5136 = ( LENGTH_UNIT() NAMED_UNIT(*) SI_UNIT(.MILLI.,.METRE.) );
#5137 = ( NAMED_UNIT(*) PLANE_ANGLE_UNIT() SI_UNIT($,.RADIAN.) );
#5138 = ( NAMED_UNIT(*) SI_UNIT($,.STERADIAN.) SOLID_ANGLE_UNIT() );
#5139 = UNCERTAINTY_MEASURE_WITH_UNIT(LENGTH_MEASURE(5.E-06),#5136,
  'distance_accuracy_value','confusion accuracy');
#5140 = CONTEXT_DEPENDENT_SHAPE_REPRESENTATION(#5141,#5143);
#5141 = ( REPRESENTATION_RELATIONSHIP('','',#3423,#3388) 
REPRESENTATION_RELATIONSHIP_WITH_TRANSFORMATION(#5142) 
SHAPE_REPRESENTATION_RELATIONSHIP() );
#5142 = ITEM_DEFINED_TRANSFORMATION('','',#11,#3389);
#5143 = PRODUCT_DEFINITION_SHAPE('Placement','Placement of an item',
  #5144);
#5144 = NEXT_ASSEMBLY_USAGE_OCCURRENCE('32','GND','',#3383,#3418,$);
#5145 = PRODUCT_RELATED_PRODUCT_CATEGORY('part',$,(#3420));
#5146 = SHAPE_DEFINITION_REPRESENTATION(#5147,#5153);
#5147 = PRODUCT_DEFINITION_SHAPE('','',#5148);
#5148 = PRODUCT_DEFINITION('design','',#5149,#5152);
#5149 = PRODUCT_DEFINITION_FORMATION('','',#5150);
#5150 = PRODUCT('Tip','Tip','',(#5151));
#5151 = PRODUCT_CONTEXT('',#2,'mechanical');
#5152 = PRODUCT_DEFINITION_CONTEXT('part definition',#2,'design');
#5153 = ADVANCED_BREP_SHAPE_REPRESENTATION('',(#11,#5154),#6182);
#5154 = MANIFOLD_SOLID_BREP('',#5155);
#5155 = CLOSED_SHELL('',(#5156,#5214,#5279,#5304,#5329,#5353,#5410,#5428
    ,#5447,#5528,#5545,#5569,#5643,#5660,#5677,#5694,#5813,#5838,#5954,
    #5971,#5983,#6000,#6017,#6034,#6051,#6068,#6085,#6102,#6119,#6136,
    #6153,#6170));
#5156 = ADVANCED_FACE('',(#5157),#5209,.T.);
#5157 = FACE_BOUND('',#5158,.T.);
#5158 = EDGE_LOOP('',(#5159,#5169,#5177,#5185,#5194,#5202));
#5159 = ORIENTED_EDGE('',*,*,#5160,.F.);
#5160 = EDGE_CURVE('',#5161,#5163,#5165,.T.);
#5161 = VERTEX_POINT('',#5162);
#5162 = CARTESIAN_POINT('',(3.32,2.525000000004,0.25));
#5163 = VERTEX_POINT('',#5164);
#5164 = CARTESIAN_POINT('',(3.32,3.9,0.25));
#5165 = LINE('',#5166,#5167);
#5166 = CARTESIAN_POINT('',(3.32,4.,0.25));
#5167 = VECTOR('',#5168,1.);
#5168 = DIRECTION('',(0.,1.,-6.123233995737E-17));
#5169 = ORIENTED_EDGE('',*,*,#5170,.T.);
#5170 = EDGE_CURVE('',#5161,#5171,#5173,.T.);
#5171 = VERTEX_POINT('',#5172);
#5172 = CARTESIAN_POINT('',(4.32,2.525000000004,0.25));
#5173 = LINE('',#5174,#5175);
#5174 = CARTESIAN_POINT('',(3.32,2.525000000004,0.25));
#5175 = VECTOR('',#5176,1.);
#5176 = DIRECTION('',(1.,0.,0.));
#5177 = ORIENTED_EDGE('',*,*,#5178,.T.);
#5178 = EDGE_CURVE('',#5171,#5179,#5181,.T.);
#5179 = VERTEX_POINT('',#5180);
#5180 = CARTESIAN_POINT('',(4.32,3.9,0.25));
#5181 = LINE('',#5182,#5183);
#5182 = CARTESIAN_POINT('',(4.32,4.,0.25));
#5183 = VECTOR('',#5184,1.);
#5184 = DIRECTION('',(0.,1.,0.));
#5185 = ORIENTED_EDGE('',*,*,#5186,.F.);
#5186 = EDGE_CURVE('',#5187,#5179,#5189,.T.);
#5187 = VERTEX_POINT('',#5188);
#5188 = CARTESIAN_POINT('',(4.22,4.,0.25));
#5189 = CIRCLE('',#5190,0.1);
#5190 = AXIS2_PLACEMENT_3D('',#5191,#5192,#5193);
#5191 = CARTESIAN_POINT('',(4.22,3.9,0.25));
#5192 = DIRECTION('',(0.,-6.123233995737E-17,-1.));
#5193 = DIRECTION('',(0.,1.,-6.123233995737E-17));
#5194 = ORIENTED_EDGE('',*,*,#5195,.F.);
#5195 = EDGE_CURVE('',#5196,#5187,#5198,.T.);
#5196 = VERTEX_POINT('',#5197);
#5197 = CARTESIAN_POINT('',(3.42,4.,0.25));
#5198 = LINE('',#5199,#5200);
#5199 = CARTESIAN_POINT('',(3.32,4.,0.25));
#5200 = VECTOR('',#5201,1.);
#5201 = DIRECTION('',(1.,0.,0.));
#5202 = ORIENTED_EDGE('',*,*,#5203,.T.);
#5203 = EDGE_CURVE('',#5196,#5163,#5204,.T.);
#5204 = CIRCLE('',#5205,0.1);
#5205 = AXIS2_PLACEMENT_3D('',#5206,#5207,#5208);
#5206 = CARTESIAN_POINT('',(3.42,3.9,0.25));
#5207 = DIRECTION('',(-0.,6.123233995737E-17,1.));
#5208 = DIRECTION('',(0.,-1.,6.123233995737E-17));
#5209 = PLANE('',#5210);
#5210 = AXIS2_PLACEMENT_3D('',#5211,#5212,#5213);
#5211 = CARTESIAN_POINT('',(3.32,4.,0.25));
#5212 = DIRECTION('',(0.,0.,1.));
#5213 = DIRECTION('',(1.,0.,0.));
#5214 = ADVANCED_FACE('',(#5215),#5274,.T.);
#5215 = FACE_BOUND('',#5216,.T.);
#5216 = EDGE_LOOP('',(#5217,#5218,#5226,#5234,#5243,#5251,#5259,#5267));
#5217 = ORIENTED_EDGE('',*,*,#5160,.T.);
#5218 = ORIENTED_EDGE('',*,*,#5219,.F.);
#5219 = EDGE_CURVE('',#5220,#5163,#5222,.T.);
#5220 = VERTEX_POINT('',#5221);
#5221 = CARTESIAN_POINT('',(3.32,3.9,6.123233995737E-18));
#5222 = LINE('',#5223,#5224);
#5223 = CARTESIAN_POINT('',(3.32,3.9,-3.749399456655E-34));
#5224 = VECTOR('',#5225,1.);
#5225 = DIRECTION('',(0.,6.123233995737E-17,1.));
#5226 = ORIENTED_EDGE('',*,*,#5227,.F.);
#5227 = EDGE_CURVE('',#5228,#5220,#5230,.T.);
#5228 = VERTEX_POINT('',#5229);
#5229 = CARTESIAN_POINT('',(3.32,2.525000000004,3.399077683617E-33));
#5230 = LINE('',#5231,#5232);
#5231 = CARTESIAN_POINT('',(3.32,4.,3.399077683617E-33));
#5232 = VECTOR('',#5233,1.);
#5233 = DIRECTION('',(0.,1.,-6.123233995737E-17));
#5234 = ORIENTED_EDGE('',*,*,#5235,.F.);
#5235 = EDGE_CURVE('',#5236,#5228,#5238,.T.);
#5236 = VERTEX_POINT('',#5237);
#5237 = CARTESIAN_POINT('',(3.32,2.175000000004,0.35));
#5238 = CIRCLE('',#5239,0.35);
#5239 = AXIS2_PLACEMENT_3D('',#5240,#5241,#5242);
#5240 = CARTESIAN_POINT('',(3.32,2.525000000004,0.35));
#5241 = DIRECTION('',(1.,-0.,0.));
#5242 = DIRECTION('',(0.,1.,-1.586032892322E-16));
#5243 = ORIENTED_EDGE('',*,*,#5244,.F.);
#5244 = EDGE_CURVE('',#5245,#5236,#5247,.T.);
#5245 = VERTEX_POINT('',#5246);
#5246 = CARTESIAN_POINT('',(3.32,2.175000000004,0.4));
#5247 = LINE('',#5248,#5249);
#5248 = CARTESIAN_POINT('',(3.32,2.175000000004,0.4));
#5249 = VECTOR('',#5250,1.);
#5250 = DIRECTION('',(0.,0.,-1.));
#5251 = ORIENTED_EDGE('',*,*,#5252,.T.);
#5252 = EDGE_CURVE('',#5245,#5253,#5255,.T.);
#5253 = VERTEX_POINT('',#5254);
#5254 = CARTESIAN_POINT('',(3.32,2.425000000004,0.4));
#5255 = LINE('',#5256,#5257);
#5256 = CARTESIAN_POINT('',(3.32,2.175000000004,0.4));
#5257 = VECTOR('',#5258,1.);
#5258 = DIRECTION('',(0.,1.,0.));
#5259 = ORIENTED_EDGE('',*,*,#5260,.T.);
#5260 = EDGE_CURVE('',#5253,#5261,#5263,.T.);
#5261 = VERTEX_POINT('',#5262);
#5262 = CARTESIAN_POINT('',(3.32,2.425000000004,0.35));
#5263 = LINE('',#5264,#5265);
#5264 = CARTESIAN_POINT('',(3.32,2.425000000004,0.4));
#5265 = VECTOR('',#5266,1.);
#5266 = DIRECTION('',(0.,0.,-1.));
#5267 = ORIENTED_EDGE('',*,*,#5268,.T.);
#5268 = EDGE_CURVE('',#5261,#5161,#5269,.T.);
#5269 = CIRCLE('',#5270,0.1);
#5270 = AXIS2_PLACEMENT_3D('',#5271,#5272,#5273);
#5271 = CARTESIAN_POINT('',(3.32,2.525000000004,0.35));
#5272 = DIRECTION('',(1.,-0.,0.));
#5273 = DIRECTION('',(0.,1.,-1.110223024625E-15));
#5274 = PLANE('',#5275);
#5275 = AXIS2_PLACEMENT_3D('',#5276,#5277,#5278);
#5276 = CARTESIAN_POINT('',(3.32,3.07518676895,0.153948660156));
#5277 = DIRECTION('',(-1.,-0.,-0.));
#5278 = DIRECTION('',(0.,0.,-1.));
#5279 = ADVANCED_FACE('',(#5280),#5299,.T.);
#5280 = FACE_BOUND('',#5281,.T.);
#5281 = EDGE_LOOP('',(#5282,#5291,#5292,#5293));
#5282 = ORIENTED_EDGE('',*,*,#5283,.T.);
#5283 = EDGE_CURVE('',#5284,#5220,#5286,.T.);
#5284 = VERTEX_POINT('',#5285);
#5285 = CARTESIAN_POINT('',(3.42,4.,-6.123233995737E-18));
#5286 = CIRCLE('',#5287,0.1);
#5287 = AXIS2_PLACEMENT_3D('',#5288,#5289,#5290);
#5288 = CARTESIAN_POINT('',(3.42,3.9,3.399077683617E-33));
#5289 = DIRECTION('',(-0.,6.123233995737E-17,1.));
#5290 = DIRECTION('',(0.,-1.,6.123233995737E-17));
#5291 = ORIENTED_EDGE('',*,*,#5219,.T.);
#5292 = ORIENTED_EDGE('',*,*,#5203,.F.);
#5293 = ORIENTED_EDGE('',*,*,#5294,.F.);
#5294 = EDGE_CURVE('',#5284,#5196,#5295,.T.);
#5295 = LINE('',#5296,#5297);
#5296 = CARTESIAN_POINT('',(3.42,4.,-6.123233995737E-18));
#5297 = VECTOR('',#5298,1.);
#5298 = DIRECTION('',(0.,6.123233995737E-17,1.));
#5299 = CYLINDRICAL_SURFACE('',#5300,0.1);
#5300 = AXIS2_PLACEMENT_3D('',#5301,#5302,#5303);
#5301 = CARTESIAN_POINT('',(3.42,3.9,0.));
#5302 = DIRECTION('',(0.,6.123233995737E-17,1.));
#5303 = DIRECTION('',(0.,1.,-6.123233995737E-17));
#5304 = ADVANCED_FACE('',(#5305),#5324,.F.);
#5305 = FACE_BOUND('',#5306,.F.);
#5306 = EDGE_LOOP('',(#5307,#5308,#5309,#5318));
#5307 = ORIENTED_EDGE('',*,*,#5268,.T.);
#5308 = ORIENTED_EDGE('',*,*,#5170,.T.);
#5309 = ORIENTED_EDGE('',*,*,#5310,.F.);
#5310 = EDGE_CURVE('',#5311,#5171,#5313,.T.);
#5311 = VERTEX_POINT('',#5312);
#5312 = CARTESIAN_POINT('',(4.32,2.425000000004,0.35));
#5313 = CIRCLE('',#5314,0.1);
#5314 = AXIS2_PLACEMENT_3D('',#5315,#5316,#5317);
#5315 = CARTESIAN_POINT('',(4.32,2.525000000004,0.35));
#5316 = DIRECTION('',(1.,-0.,0.));
#5317 = DIRECTION('',(0.,1.,-1.110223024625E-15));
#5318 = ORIENTED_EDGE('',*,*,#5319,.F.);
#5319 = EDGE_CURVE('',#5261,#5311,#5320,.T.);
#5320 = LINE('',#5321,#5322);
#5321 = CARTESIAN_POINT('',(3.32,2.425000000004,0.35));
#5322 = VECTOR('',#5323,1.);
#5323 = DIRECTION('',(1.,0.,0.));
#5324 = CYLINDRICAL_SURFACE('',#5325,0.1);
#5325 = AXIS2_PLACEMENT_3D('',#5326,#5327,#5328);
#5326 = CARTESIAN_POINT('',(3.32,2.525000000004,0.35));
#5327 = DIRECTION('',(1.,0.,0.));
#5328 = DIRECTION('',(0.,1.,-1.110223024625E-15));
#5329 = ADVANCED_FACE('',(#5330),#5348,.T.);
#5330 = FACE_BOUND('',#5331,.T.);
#5331 = EDGE_LOOP('',(#5332,#5333,#5341,#5347));
#5332 = ORIENTED_EDGE('',*,*,#5195,.T.);
#5333 = ORIENTED_EDGE('',*,*,#5334,.T.);
#5334 = EDGE_CURVE('',#5187,#5335,#5337,.T.);
#5335 = VERTEX_POINT('',#5336);
#5336 = CARTESIAN_POINT('',(4.22,4.,0.));
#5337 = LINE('',#5338,#5339);
#5338 = CARTESIAN_POINT('',(4.22,4.,0.25));
#5339 = VECTOR('',#5340,1.);
#5340 = DIRECTION('',(0.,-6.123233995737E-17,-1.));
#5341 = ORIENTED_EDGE('',*,*,#5342,.T.);
#5342 = EDGE_CURVE('',#5335,#5284,#5343,.T.);
#5343 = LINE('',#5344,#5345);
#5344 = CARTESIAN_POINT('',(4.32,4.,3.399077683617E-33));
#5345 = VECTOR('',#5346,1.);
#5346 = DIRECTION('',(-1.,0.,0.));
#5347 = ORIENTED_EDGE('',*,*,#5294,.T.);
#5348 = PLANE('',#5349);
#5349 = AXIS2_PLACEMENT_3D('',#5350,#5351,#5352);
#5350 = CARTESIAN_POINT('',(3.82,4.,0.125));
#5351 = DIRECTION('',(0.,1.,0.));
#5352 = DIRECTION('',(0.,0.,1.));
#5353 = ADVANCED_FACE('',(#5354),#5405,.T.);
#5354 = FACE_BOUND('',#5355,.T.);
#5355 = EDGE_LOOP('',(#5356,#5366,#5372,#5373,#5374,#5382,#5390,#5398));
#5356 = ORIENTED_EDGE('',*,*,#5357,.T.);
#5357 = EDGE_CURVE('',#5358,#5360,#5362,.T.);
#5358 = VERTEX_POINT('',#5359);
#5359 = CARTESIAN_POINT('',(4.32,2.525000000004,3.399077683617E-33));
#5360 = VERTEX_POINT('',#5361);
#5361 = CARTESIAN_POINT('',(4.32,3.9,0.));
#5362 = LINE('',#5363,#5364);
#5363 = CARTESIAN_POINT('',(4.32,4.,0.));
#5364 = VECTOR('',#5365,1.);
#5365 = DIRECTION('',(0.,1.,-6.123233995737E-17));
#5366 = ORIENTED_EDGE('',*,*,#5367,.F.);
#5367 = EDGE_CURVE('',#5179,#5360,#5368,.T.);
#5368 = LINE('',#5369,#5370);
#5369 = CARTESIAN_POINT('',(4.32,3.9,0.25));
#5370 = VECTOR('',#5371,1.);
#5371 = DIRECTION('',(0.,-6.123233995737E-17,-1.));
#5372 = ORIENTED_EDGE('',*,*,#5178,.F.);
#5373 = ORIENTED_EDGE('',*,*,#5310,.F.);
#5374 = ORIENTED_EDGE('',*,*,#5375,.F.);
#5375 = EDGE_CURVE('',#5376,#5311,#5378,.T.);
#5376 = VERTEX_POINT('',#5377);
#5377 = CARTESIAN_POINT('',(4.32,2.425000000004,0.4));
#5378 = LINE('',#5379,#5380);
#5379 = CARTESIAN_POINT('',(4.32,2.425000000004,0.4));
#5380 = VECTOR('',#5381,1.);
#5381 = DIRECTION('',(0.,0.,-1.));
#5382 = ORIENTED_EDGE('',*,*,#5383,.T.);
#5383 = EDGE_CURVE('',#5376,#5384,#5386,.T.);
#5384 = VERTEX_POINT('',#5385);
#5385 = CARTESIAN_POINT('',(4.32,2.175000000004,0.4));
#5386 = LINE('',#5387,#5388);
#5387 = CARTESIAN_POINT('',(4.32,2.425000000004,0.4));
#5388 = VECTOR('',#5389,1.);
#5389 = DIRECTION('',(0.,-1.,0.));
#5390 = ORIENTED_EDGE('',*,*,#5391,.T.);
#5391 = EDGE_CURVE('',#5384,#5392,#5394,.T.);
#5392 = VERTEX_POINT('',#5393);
#5393 = CARTESIAN_POINT('',(4.32,2.175000000004,0.35));
#5394 = LINE('',#5395,#5396);
#5395 = CARTESIAN_POINT('',(4.32,2.175000000004,0.4));
#5396 = VECTOR('',#5397,1.);
#5397 = DIRECTION('',(0.,0.,-1.));
#5398 = ORIENTED_EDGE('',*,*,#5399,.T.);
#5399 = EDGE_CURVE('',#5392,#5358,#5400,.T.);
#5400 = CIRCLE('',#5401,0.35);
#5401 = AXIS2_PLACEMENT_3D('',#5402,#5403,#5404);
#5402 = CARTESIAN_POINT('',(4.32,2.525000000004,0.35));
#5403 = DIRECTION('',(1.,-0.,0.));
#5404 = DIRECTION('',(0.,1.,-1.586032892322E-16));
#5405 = PLANE('',#5406);
#5406 = AXIS2_PLACEMENT_3D('',#5407,#5408,#5409);
#5407 = CARTESIAN_POINT('',(4.32,3.07518676895,0.153948660156));
#5408 = DIRECTION('',(1.,0.,0.));
#5409 = DIRECTION('',(0.,0.,1.));
#5410 = ADVANCED_FACE('',(#5411),#5423,.T.);
#5411 = FACE_BOUND('',#5412,.T.);
#5412 = EDGE_LOOP('',(#5413,#5414,#5415,#5422));
#5413 = ORIENTED_EDGE('',*,*,#5186,.T.);
#5414 = ORIENTED_EDGE('',*,*,#5367,.T.);
#5415 = ORIENTED_EDGE('',*,*,#5416,.F.);
#5416 = EDGE_CURVE('',#5335,#5360,#5417,.T.);
#5417 = CIRCLE('',#5418,0.1);
#5418 = AXIS2_PLACEMENT_3D('',#5419,#5420,#5421);
#5419 = CARTESIAN_POINT('',(4.22,3.9,0.));
#5420 = DIRECTION('',(0.,-6.123233995737E-17,-1.));
#5421 = DIRECTION('',(0.,1.,-6.123233995737E-17));
#5422 = ORIENTED_EDGE('',*,*,#5334,.F.);
#5423 = CYLINDRICAL_SURFACE('',#5424,0.1);
#5424 = AXIS2_PLACEMENT_3D('',#5425,#5426,#5427);
#5425 = CARTESIAN_POINT('',(4.22,3.9,0.25));
#5426 = DIRECTION('',(0.,-6.123233995737E-17,-1.));
#5427 = DIRECTION('',(0.,1.,-6.123233995737E-17));
#5428 = ADVANCED_FACE('',(#5429),#5442,.T.);
#5429 = FACE_BOUND('',#5430,.T.);
#5430 = EDGE_LOOP('',(#5431,#5432,#5438,#5439,#5440,#5441));
#5431 = ORIENTED_EDGE('',*,*,#5357,.F.);
#5432 = ORIENTED_EDGE('',*,*,#5433,.T.);
#5433 = EDGE_CURVE('',#5358,#5228,#5434,.T.);
#5434 = LINE('',#5435,#5436);
#5435 = CARTESIAN_POINT('',(4.32,2.525000000004,-1.110223024625E-16));
#5436 = VECTOR('',#5437,1.);
#5437 = DIRECTION('',(-1.,0.,0.));
#5438 = ORIENTED_EDGE('',*,*,#5227,.T.);
#5439 = ORIENTED_EDGE('',*,*,#5283,.F.);
#5440 = ORIENTED_EDGE('',*,*,#5342,.F.);
#5441 = ORIENTED_EDGE('',*,*,#5416,.T.);
#5442 = PLANE('',#5443);
#5443 = AXIS2_PLACEMENT_3D('',#5444,#5445,#5446);
#5444 = CARTESIAN_POINT('',(4.32,4.,3.399077683617E-33));
#5445 = DIRECTION('',(0.,0.,-1.));
#5446 = DIRECTION('',(-1.,0.,0.));
#5447 = ADVANCED_FACE('',(#5448),#5523,.T.);
#5448 = FACE_BOUND('',#5449,.T.);
#5449 = EDGE_LOOP('',(#5450,#5458,#5459,#5460,#5461,#5469,#5477,#5485,
    #5493,#5501,#5509,#5517));
#5450 = ORIENTED_EDGE('',*,*,#5451,.T.);
#5451 = EDGE_CURVE('',#5452,#5376,#5454,.T.);
#5452 = VERTEX_POINT('',#5453);
#5453 = CARTESIAN_POINT('',(4.39,2.425000000004,0.4));
#5454 = LINE('',#5455,#5456);
#5455 = CARTESIAN_POINT('',(4.39,2.425000000004,0.4));
#5456 = VECTOR('',#5457,1.);
#5457 = DIRECTION('',(-1.,0.,0.));
#5458 = ORIENTED_EDGE('',*,*,#5375,.T.);
#5459 = ORIENTED_EDGE('',*,*,#5319,.F.);
#5460 = ORIENTED_EDGE('',*,*,#5260,.F.);
#5461 = ORIENTED_EDGE('',*,*,#5462,.T.);
#5462 = EDGE_CURVE('',#5253,#5463,#5465,.T.);
#5463 = VERTEX_POINT('',#5464);
#5464 = CARTESIAN_POINT('',(1.64,2.425000000004,0.4));
#5465 = LINE('',#5466,#5467);
#5466 = CARTESIAN_POINT('',(4.39,2.425000000004,0.4));
#5467 = VECTOR('',#5468,1.);
#5468 = DIRECTION('',(-1.,0.,0.));
#5469 = ORIENTED_EDGE('',*,*,#5470,.T.);
#5470 = EDGE_CURVE('',#5463,#5471,#5473,.T.);
#5471 = VERTEX_POINT('',#5472);
#5472 = CARTESIAN_POINT('',(1.64,2.425000000004,4.5));
#5473 = LINE('',#5474,#5475);
#5474 = CARTESIAN_POINT('',(1.64,2.425000000004,0.4));
#5475 = VECTOR('',#5476,1.);
#5476 = DIRECTION('',(0.,0.,1.));
#5477 = ORIENTED_EDGE('',*,*,#5478,.F.);
#5478 = EDGE_CURVE('',#5479,#5471,#5481,.T.);
#5479 = VERTEX_POINT('',#5480);
#5480 = CARTESIAN_POINT('',(2.015,2.425,4.5));
#5481 = LINE('',#5482,#5483);
#5482 = CARTESIAN_POINT('',(1.9825,2.425000000004,4.5));
#5483 = VECTOR('',#5484,1.);
#5484 = DIRECTION('',(-1.,0.,0.));
#5485 = ORIENTED_EDGE('',*,*,#5486,.T.);
#5486 = EDGE_CURVE('',#5479,#5487,#5489,.T.);
#5487 = VERTEX_POINT('',#5488);
#5488 = CARTESIAN_POINT('',(2.015,2.425,4.65));
#5489 = LINE('',#5490,#5491);
#5490 = CARTESIAN_POINT('',(2.015,2.425,4.65));
#5491 = VECTOR('',#5492,1.);
#5492 = DIRECTION('',(0.,0.,1.));
#5493 = ORIENTED_EDGE('',*,*,#5494,.F.);
#5494 = EDGE_CURVE('',#5495,#5487,#5497,.T.);
#5495 = VERTEX_POINT('',#5496);
#5496 = CARTESIAN_POINT('',(4.015,2.425,4.65));
#5497 = LINE('',#5498,#5499);
#5498 = CARTESIAN_POINT('',(4.015,2.425,4.65));
#5499 = VECTOR('',#5500,1.);
#5500 = DIRECTION('',(-1.,0.,0.));
#5501 = ORIENTED_EDGE('',*,*,#5502,.F.);
#5502 = EDGE_CURVE('',#5503,#5495,#5505,.T.);
#5503 = VERTEX_POINT('',#5504);
#5504 = CARTESIAN_POINT('',(4.015,2.425,4.5));
#5505 = LINE('',#5506,#5507);
#5506 = CARTESIAN_POINT('',(4.015,2.425,4.65));
#5507 = VECTOR('',#5508,1.);
#5508 = DIRECTION('',(0.,0.,1.));
#5509 = ORIENTED_EDGE('',*,*,#5510,.F.);
#5510 = EDGE_CURVE('',#5511,#5503,#5513,.T.);
#5511 = VERTEX_POINT('',#5512);
#5512 = CARTESIAN_POINT('',(4.39,2.425000000004,4.5));
#5513 = LINE('',#5514,#5515);
#5514 = CARTESIAN_POINT('',(1.9825,2.425000000004,4.5));
#5515 = VECTOR('',#5516,1.);
#5516 = DIRECTION('',(-1.,0.,0.));
#5517 = ORIENTED_EDGE('',*,*,#5518,.F.);
#5518 = EDGE_CURVE('',#5452,#5511,#5519,.T.);
#5519 = LINE('',#5520,#5521);
#5520 = CARTESIAN_POINT('',(4.39,2.425000000004,0.4));
#5521 = VECTOR('',#5522,1.);
#5522 = DIRECTION('',(0.,0.,1.));
#5523 = PLANE('',#5524);
#5524 = AXIS2_PLACEMENT_3D('',#5525,#5526,#5527);
#5525 = CARTESIAN_POINT('',(3.020709219858,2.425000000003,2.498226950355
    ));
#5526 = DIRECTION('',(7.037588615016E-16,1.,3.106341637161E-13));
#5527 = DIRECTION('',(0.,-3.106341637161E-13,1.));
#5528 = ADVANCED_FACE('',(#5529),#5540,.T.);
#5529 = FACE_BOUND('',#5530,.F.);
#5530 = EDGE_LOOP('',(#5531,#5532,#5533,#5534));
#5531 = ORIENTED_EDGE('',*,*,#5399,.T.);
#5532 = ORIENTED_EDGE('',*,*,#5433,.T.);
#5533 = ORIENTED_EDGE('',*,*,#5235,.F.);
#5534 = ORIENTED_EDGE('',*,*,#5535,.F.);
#5535 = EDGE_CURVE('',#5392,#5236,#5536,.T.);
#5536 = LINE('',#5537,#5538);
#5537 = CARTESIAN_POINT('',(4.32,2.175000000004,0.35));
#5538 = VECTOR('',#5539,1.);
#5539 = DIRECTION('',(-1.,0.,0.));
#5540 = CYLINDRICAL_SURFACE('',#5541,0.35);
#5541 = AXIS2_PLACEMENT_3D('',#5542,#5543,#5544);
#5542 = CARTESIAN_POINT('',(4.32,2.525000000004,0.35));
#5543 = DIRECTION('',(-1.,0.,0.));
#5544 = DIRECTION('',(0.,1.,-1.586032892322E-16));
#5545 = ADVANCED_FACE('',(#5546),#5564,.F.);
#5546 = FACE_BOUND('',#5547,.F.);
#5547 = EDGE_LOOP('',(#5548,#5549,#5557,#5563));
#5548 = ORIENTED_EDGE('',*,*,#5462,.T.);
#5549 = ORIENTED_EDGE('',*,*,#5550,.T.);
#5550 = EDGE_CURVE('',#5463,#5551,#5553,.T.);
#5551 = VERTEX_POINT('',#5552);
#5552 = CARTESIAN_POINT('',(1.64,2.175000000004,0.4));
#5553 = LINE('',#5554,#5555);
#5554 = CARTESIAN_POINT('',(1.64,2.425000000004,0.4));
#5555 = VECTOR('',#5556,1.);
#5556 = DIRECTION('',(0.,-1.,0.));
#5557 = ORIENTED_EDGE('',*,*,#5558,.T.);
#5558 = EDGE_CURVE('',#5551,#5245,#5559,.T.);
#5559 = LINE('',#5560,#5561);
#5560 = CARTESIAN_POINT('',(1.64,2.175000000004,0.4));
#5561 = VECTOR('',#5562,1.);
#5562 = DIRECTION('',(1.,0.,0.));
#5563 = ORIENTED_EDGE('',*,*,#5252,.T.);
#5564 = PLANE('',#5565);
#5565 = AXIS2_PLACEMENT_3D('',#5566,#5567,#5568);
#5566 = CARTESIAN_POINT('',(3.015,2.300000000004,0.4));
#5567 = DIRECTION('',(0.,0.,1.));
#5568 = DIRECTION('',(1.,0.,0.));
#5569 = ADVANCED_FACE('',(#5570),#5638,.T.);
#5570 = FACE_BOUND('',#5571,.T.);
#5571 = EDGE_LOOP('',(#5572,#5573,#5574,#5575,#5576,#5584,#5592,#5600,
    #5608,#5616,#5624,#5632));
#5572 = ORIENTED_EDGE('',*,*,#5558,.T.);
#5573 = ORIENTED_EDGE('',*,*,#5244,.T.);
#5574 = ORIENTED_EDGE('',*,*,#5535,.F.);
#5575 = ORIENTED_EDGE('',*,*,#5391,.F.);
#5576 = ORIENTED_EDGE('',*,*,#5577,.T.);
#5577 = EDGE_CURVE('',#5384,#5578,#5580,.T.);
#5578 = VERTEX_POINT('',#5579);
#5579 = CARTESIAN_POINT('',(4.39,2.175000000004,0.4));
#5580 = LINE('',#5581,#5582);
#5581 = CARTESIAN_POINT('',(1.64,2.175000000004,0.4));
#5582 = VECTOR('',#5583,1.);
#5583 = DIRECTION('',(1.,0.,0.));
#5584 = ORIENTED_EDGE('',*,*,#5585,.T.);
#5585 = EDGE_CURVE('',#5578,#5586,#5588,.T.);
#5586 = VERTEX_POINT('',#5587);
#5587 = CARTESIAN_POINT('',(4.39,2.175000000004,4.5));
#5588 = LINE('',#5589,#5590);
#5589 = CARTESIAN_POINT('',(4.39,2.175000000004,0.4));
#5590 = VECTOR('',#5591,1.);
#5591 = DIRECTION('',(0.,0.,1.));
#5592 = ORIENTED_EDGE('',*,*,#5593,.F.);
#5593 = EDGE_CURVE('',#5594,#5586,#5596,.T.);
#5594 = VERTEX_POINT('',#5595);
#5595 = CARTESIAN_POINT('',(4.015,2.175,4.5));
#5596 = LINE('',#5597,#5598);
#5597 = CARTESIAN_POINT('',(0.6075,2.175000000004,4.5));
#5598 = VECTOR('',#5599,1.);
#5599 = DIRECTION('',(1.,0.,0.));
#5600 = ORIENTED_EDGE('',*,*,#5601,.T.);
#5601 = EDGE_CURVE('',#5594,#5602,#5604,.T.);
#5602 = VERTEX_POINT('',#5603);
#5603 = CARTESIAN_POINT('',(4.015,2.175,4.65));
#5604 = LINE('',#5605,#5606);
#5605 = CARTESIAN_POINT('',(4.015,2.175,4.65));
#5606 = VECTOR('',#5607,1.);
#5607 = DIRECTION('',(0.,0.,1.));
#5608 = ORIENTED_EDGE('',*,*,#5609,.F.);
#5609 = EDGE_CURVE('',#5610,#5602,#5612,.T.);
#5610 = VERTEX_POINT('',#5611);
#5611 = CARTESIAN_POINT('',(2.015,2.175,4.65));
#5612 = LINE('',#5613,#5614);
#5613 = CARTESIAN_POINT('',(2.015,2.175,4.65));
#5614 = VECTOR('',#5615,1.);
#5615 = DIRECTION('',(1.,0.,0.));
#5616 = ORIENTED_EDGE('',*,*,#5617,.F.);
#5617 = EDGE_CURVE('',#5618,#5610,#5620,.T.);
#5618 = VERTEX_POINT('',#5619);
#5619 = CARTESIAN_POINT('',(2.015,2.175,4.5));
#5620 = LINE('',#5621,#5622);
#5621 = CARTESIAN_POINT('',(2.015,2.175,4.65));
#5622 = VECTOR('',#5623,1.);
#5623 = DIRECTION('',(0.,0.,1.));
#5624 = ORIENTED_EDGE('',*,*,#5625,.F.);
#5625 = EDGE_CURVE('',#5626,#5618,#5628,.T.);
#5626 = VERTEX_POINT('',#5627);
#5627 = CARTESIAN_POINT('',(1.64,2.175000000004,4.5));
#5628 = LINE('',#5629,#5630);
#5629 = CARTESIAN_POINT('',(0.6075,2.175000000004,4.5));
#5630 = VECTOR('',#5631,1.);
#5631 = DIRECTION('',(1.,0.,0.));
#5632 = ORIENTED_EDGE('',*,*,#5633,.F.);
#5633 = EDGE_CURVE('',#5551,#5626,#5634,.T.);
#5634 = LINE('',#5635,#5636);
#5635 = CARTESIAN_POINT('',(1.64,2.175000000004,0.4));
#5636 = VECTOR('',#5637,1.);
#5637 = DIRECTION('',(0.,0.,1.));
#5638 = PLANE('',#5639);
#5639 = AXIS2_PLACEMENT_3D('',#5640,#5641,#5642);
#5640 = CARTESIAN_POINT('',(3.020709219858,2.175000000003,2.498226950355
    ));
#5641 = DIRECTION('',(-7.040033920302E-16,-1.,-3.107420977549E-13));
#5642 = DIRECTION('',(0.,3.107420977549E-13,-1.));
#5643 = ADVANCED_FACE('',(#5644),#5655,.F.);
#5644 = FACE_BOUND('',#5645,.F.);
#5645 = EDGE_LOOP('',(#5646,#5647,#5648,#5649));
#5646 = ORIENTED_EDGE('',*,*,#5451,.T.);
#5647 = ORIENTED_EDGE('',*,*,#5383,.T.);
#5648 = ORIENTED_EDGE('',*,*,#5577,.T.);
#5649 = ORIENTED_EDGE('',*,*,#5650,.T.);
#5650 = EDGE_CURVE('',#5578,#5452,#5651,.T.);
#5651 = LINE('',#5652,#5653);
#5652 = CARTESIAN_POINT('',(4.39,2.175000000004,0.4));
#5653 = VECTOR('',#5654,1.);
#5654 = DIRECTION('',(0.,1.,0.));
#5655 = PLANE('',#5656);
#5656 = AXIS2_PLACEMENT_3D('',#5657,#5658,#5659);
#5657 = CARTESIAN_POINT('',(3.015,2.300000000004,0.4));
#5658 = DIRECTION('',(0.,0.,1.));
#5659 = DIRECTION('',(1.,0.,0.));
#5660 = ADVANCED_FACE('',(#5661),#5672,.F.);
#5661 = FACE_BOUND('',#5662,.F.);
#5662 = EDGE_LOOP('',(#5663,#5664,#5665,#5671));
#5663 = ORIENTED_EDGE('',*,*,#5550,.F.);
#5664 = ORIENTED_EDGE('',*,*,#5470,.T.);
#5665 = ORIENTED_EDGE('',*,*,#5666,.T.);
#5666 = EDGE_CURVE('',#5471,#5626,#5667,.T.);
#5667 = LINE('',#5668,#5669);
#5668 = CARTESIAN_POINT('',(1.64,1.212500000002,4.5));
#5669 = VECTOR('',#5670,1.);
#5670 = DIRECTION('',(0.,-1.,0.));
#5671 = ORIENTED_EDGE('',*,*,#5633,.F.);
#5672 = PLANE('',#5673);
#5673 = AXIS2_PLACEMENT_3D('',#5674,#5675,#5676);
#5674 = CARTESIAN_POINT('',(1.64,2.425000000004,0.4));
#5675 = DIRECTION('',(1.,0.,0.));
#5676 = DIRECTION('',(0.,-1.,0.));
#5677 = ADVANCED_FACE('',(#5678),#5689,.T.);
#5678 = FACE_BOUND('',#5679,.T.);
#5679 = EDGE_LOOP('',(#5680,#5686,#5687,#5688));
#5680 = ORIENTED_EDGE('',*,*,#5681,.F.);
#5681 = EDGE_CURVE('',#5479,#5618,#5682,.T.);
#5682 = LINE('',#5683,#5684);
#5683 = CARTESIAN_POINT('',(2.015,2.425,4.5));
#5684 = VECTOR('',#5685,1.);
#5685 = DIRECTION('',(0.,-1.,0.));
#5686 = ORIENTED_EDGE('',*,*,#5478,.T.);
#5687 = ORIENTED_EDGE('',*,*,#5666,.T.);
#5688 = ORIENTED_EDGE('',*,*,#5625,.T.);
#5689 = PLANE('',#5690);
#5690 = AXIS2_PLACEMENT_3D('',#5691,#5692,#5693);
#5691 = CARTESIAN_POINT('',(-0.425,-2.E-16,4.5));
#5692 = DIRECTION('',(0.,0.,1.));
#5693 = DIRECTION('',(1.,0.,0.));
#5694 = ADVANCED_FACE('',(#5695),#5808,.T.);
#5695 = FACE_BOUND('',#5696,.T.);
#5696 = EDGE_LOOP('',(#5697,#5698,#5699,#5700,#5709,#5717,#5726,#5734,
    #5743,#5751,#5759,#5767,#5776,#5784,#5793,#5801));
#5697 = ORIENTED_EDGE('',*,*,#5486,.F.);
#5698 = ORIENTED_EDGE('',*,*,#5681,.T.);
#5699 = ORIENTED_EDGE('',*,*,#5617,.T.);
#5700 = ORIENTED_EDGE('',*,*,#5701,.T.);
#5701 = EDGE_CURVE('',#5610,#5702,#5704,.T.);
#5702 = VERTEX_POINT('',#5703);
#5703 = CARTESIAN_POINT('',(2.015,2.075000000004,4.749999999996));
#5704 = CIRCLE('',#5705,9.999999999616E-02);
#5705 = AXIS2_PLACEMENT_3D('',#5706,#5707,#5708);
#5706 = CARTESIAN_POINT('',(2.015,2.075000000004,4.65));
#5707 = DIRECTION('',(1.,0.,0.));
#5708 = DIRECTION('',(0.,1.,0.));
#5709 = ORIENTED_EDGE('',*,*,#5710,.T.);
#5710 = EDGE_CURVE('',#5702,#5711,#5713,.T.);
#5711 = VERTEX_POINT('',#5712);
#5712 = CARTESIAN_POINT('',(2.015,0.5,4.749999999996));
#5713 = LINE('',#5714,#5715);
#5714 = CARTESIAN_POINT('',(2.015,0.5,4.749999999996));
#5715 = VECTOR('',#5716,1.);
#5716 = DIRECTION('',(0.,-1.,0.));
#5717 = ORIENTED_EDGE('',*,*,#5718,.T.);
#5718 = EDGE_CURVE('',#5711,#5719,#5721,.T.);
#5719 = VERTEX_POINT('',#5720);
#5720 = CARTESIAN_POINT('',(2.015,0.442642356367,4.568084795574));
#5721 = CIRCLE('',#5722,9.999999999616E-02);
#5722 = AXIS2_PLACEMENT_3D('',#5723,#5724,#5725);
#5723 = CARTESIAN_POINT('',(2.015,0.5,4.65));
#5724 = DIRECTION('',(1.,0.,0.));
#5725 = DIRECTION('',(0.,1.,0.));
#5726 = ORIENTED_EDGE('',*,*,#5727,.T.);
#5727 = EDGE_CURVE('',#5719,#5728,#5730,.T.);
#5728 = VERTEX_POINT('',#5729);
#5729 = CARTESIAN_POINT('',(2.015,1.500751752725,3.827188619994));
#5730 = LINE('',#5731,#5732);
#5731 = CARTESIAN_POINT('',(2.015,0.442642356367,4.568084795574));
#5732 = VECTOR('',#5733,1.);
#5733 = DIRECTION('',(0.,0.819152044289,-0.573576436351));
#5734 = ORIENTED_EDGE('',*,*,#5735,.T.);
#5735 = EDGE_CURVE('',#5728,#5736,#5738,.T.);
#5736 = VERTEX_POINT('',#5737);
#5737 = CARTESIAN_POINT('',(2.015,1.650000000004,3.54048540449));
#5738 = CIRCLE('',#5739,0.350000000004);
#5739 = AXIS2_PLACEMENT_3D('',#5740,#5741,#5742);
#5740 = CARTESIAN_POINT('',(2.015,1.3,3.54048540449));
#5741 = DIRECTION('',(-1.,0.,0.));
#5742 = DIRECTION('',(0.,1.,0.));
#5743 = ORIENTED_EDGE('',*,*,#5744,.T.);
#5744 = EDGE_CURVE('',#5736,#5745,#5747,.T.);
#5745 = VERTEX_POINT('',#5746);
#5746 = CARTESIAN_POINT('',(2.015,1.650000000004,1.75));
#5747 = LINE('',#5748,#5749);
#5748 = CARTESIAN_POINT('',(2.015,1.650000000004,3.54048540449));
#5749 = VECTOR('',#5750,1.);
#5750 = DIRECTION('',(0.,0.,-1.));
#5751 = ORIENTED_EDGE('',*,*,#5752,.F.);
#5752 = EDGE_CURVE('',#5753,#5745,#5755,.T.);
#5753 = VERTEX_POINT('',#5754);
#5754 = CARTESIAN_POINT('',(2.015,1.400000000004,1.75));
#5755 = LINE('',#5756,#5757);
#5756 = CARTESIAN_POINT('',(2.015,1.400000000004,1.75));
#5757 = VECTOR('',#5758,1.);
#5758 = DIRECTION('',(0.,1.,-1.125E-14));
#5759 = ORIENTED_EDGE('',*,*,#5760,.F.);
#5760 = EDGE_CURVE('',#5761,#5753,#5763,.T.);
#5761 = VERTEX_POINT('',#5762);
#5762 = CARTESIAN_POINT('',(2.015,1.400000000004,3.54048540449));
#5763 = LINE('',#5764,#5765);
#5764 = CARTESIAN_POINT('',(2.015,1.400000000004,3.54048540449));
#5765 = VECTOR('',#5766,1.);
#5766 = DIRECTION('',(-0.,-0.,-1.));
#5767 = ORIENTED_EDGE('',*,*,#5768,.F.);
#5768 = EDGE_CURVE('',#5769,#5761,#5771,.T.);
#5769 = VERTEX_POINT('',#5770);
#5770 = CARTESIAN_POINT('',(2.015,1.357357643637,3.622400608922));
#5771 = CIRCLE('',#5772,0.100000000004);
#5772 = AXIS2_PLACEMENT_3D('',#5773,#5774,#5775);
#5773 = CARTESIAN_POINT('',(2.015,1.3,3.54048540449));
#5774 = DIRECTION('',(-1.,0.,0.));
#5775 = DIRECTION('',(0.,1.,0.));
#5776 = ORIENTED_EDGE('',*,*,#5777,.F.);
#5777 = EDGE_CURVE('',#5778,#5769,#5780,.T.);
#5778 = VERTEX_POINT('',#5779);
#5779 = CARTESIAN_POINT('',(2.015,0.299248247279,4.363296784502));
#5780 = LINE('',#5781,#5782);
#5781 = CARTESIAN_POINT('',(2.015,0.299248247279,4.363296784502));
#5782 = VECTOR('',#5783,1.);
#5783 = DIRECTION('',(0.,0.819152044289,-0.573576436351));
#5784 = ORIENTED_EDGE('',*,*,#5785,.F.);
#5785 = EDGE_CURVE('',#5786,#5778,#5788,.T.);
#5786 = VERTEX_POINT('',#5787);
#5787 = CARTESIAN_POINT('',(2.015,0.5,4.999999999996));
#5788 = CIRCLE('',#5789,0.349999999996);
#5789 = AXIS2_PLACEMENT_3D('',#5790,#5791,#5792);
#5790 = CARTESIAN_POINT('',(2.015,0.5,4.65));
#5791 = DIRECTION('',(1.,0.,0.));
#5792 = DIRECTION('',(0.,1.,0.));
#5793 = ORIENTED_EDGE('',*,*,#5794,.F.);
#5794 = EDGE_CURVE('',#5795,#5786,#5797,.T.);
#5795 = VERTEX_POINT('',#5796);
#5796 = CARTESIAN_POINT('',(2.015,2.075000000004,4.999999999996));
#5797 = LINE('',#5798,#5799);
#5798 = CARTESIAN_POINT('',(2.015,0.5,4.999999999996));
#5799 = VECTOR('',#5800,1.);
#5800 = DIRECTION('',(0.,-1.,0.));
#5801 = ORIENTED_EDGE('',*,*,#5802,.F.);
#5802 = EDGE_CURVE('',#5487,#5795,#5803,.T.);
#5803 = CIRCLE('',#5804,0.349999999996);
#5804 = AXIS2_PLACEMENT_3D('',#5805,#5806,#5807);
#5805 = CARTESIAN_POINT('',(2.015,2.075000000004,4.65));
#5806 = DIRECTION('',(1.,0.,0.));
#5807 = DIRECTION('',(0.,1.,0.));
#5808 = PLANE('',#5809);
#5809 = AXIS2_PLACEMENT_3D('',#5810,#5811,#5812);
#5810 = CARTESIAN_POINT('',(2.015,1.300950577928,3.9282612265));
#5811 = DIRECTION('',(-1.,-0.,-0.));
#5812 = DIRECTION('',(0.,0.,-1.));
#5813 = ADVANCED_FACE('',(#5814),#5833,.T.);
#5814 = FACE_BOUND('',#5815,.F.);
#5815 = EDGE_LOOP('',(#5816,#5825,#5831,#5832));
#5816 = ORIENTED_EDGE('',*,*,#5817,.T.);
#5817 = EDGE_CURVE('',#5495,#5818,#5820,.T.);
#5818 = VERTEX_POINT('',#5819);
#5819 = CARTESIAN_POINT('',(4.015,2.075000000004,4.999999999996));
#5820 = CIRCLE('',#5821,0.349999999996);
#5821 = AXIS2_PLACEMENT_3D('',#5822,#5823,#5824);
#5822 = CARTESIAN_POINT('',(4.015,2.075000000004,4.65));
#5823 = DIRECTION('',(1.,0.,0.));
#5824 = DIRECTION('',(0.,1.,0.));
#5825 = ORIENTED_EDGE('',*,*,#5826,.T.);
#5826 = EDGE_CURVE('',#5818,#5795,#5827,.T.);
#5827 = LINE('',#5828,#5829);
#5828 = CARTESIAN_POINT('',(4.015,2.075000000004,4.999999999996));
#5829 = VECTOR('',#5830,1.);
#5830 = DIRECTION('',(-1.,0.,0.));
#5831 = ORIENTED_EDGE('',*,*,#5802,.F.);
#5832 = ORIENTED_EDGE('',*,*,#5494,.F.);
#5833 = CYLINDRICAL_SURFACE('',#5834,0.349999999996);
#5834 = AXIS2_PLACEMENT_3D('',#5835,#5836,#5837);
#5835 = CARTESIAN_POINT('',(4.015,2.075000000004,4.65));
#5836 = DIRECTION('',(-1.,0.,0.));
#5837 = DIRECTION('',(0.,1.,0.));
#5838 = ADVANCED_FACE('',(#5839),#5949,.T.);
#5839 = FACE_BOUND('',#5840,.T.);
#5840 = EDGE_LOOP('',(#5841,#5842,#5848,#5849,#5850,#5858,#5867,#5875,
    #5884,#5892,#5900,#5908,#5917,#5925,#5934,#5942));
#5841 = ORIENTED_EDGE('',*,*,#5601,.F.);
#5842 = ORIENTED_EDGE('',*,*,#5843,.T.);
#5843 = EDGE_CURVE('',#5594,#5503,#5844,.T.);
#5844 = LINE('',#5845,#5846);
#5845 = CARTESIAN_POINT('',(4.015,2.175,4.5));
#5846 = VECTOR('',#5847,1.);
#5847 = DIRECTION('',(0.,1.,0.));
#5848 = ORIENTED_EDGE('',*,*,#5502,.T.);
#5849 = ORIENTED_EDGE('',*,*,#5817,.T.);
#5850 = ORIENTED_EDGE('',*,*,#5851,.T.);
#5851 = EDGE_CURVE('',#5818,#5852,#5854,.T.);
#5852 = VERTEX_POINT('',#5853);
#5853 = CARTESIAN_POINT('',(4.015,0.5,4.999999999996));
#5854 = LINE('',#5855,#5856);
#5855 = CARTESIAN_POINT('',(4.015,0.5,4.999999999996));
#5856 = VECTOR('',#5857,1.);
#5857 = DIRECTION('',(0.,-1.,-3.8E-16));
#5858 = ORIENTED_EDGE('',*,*,#5859,.T.);
#5859 = EDGE_CURVE('',#5852,#5860,#5862,.T.);
#5860 = VERTEX_POINT('',#5861);
#5861 = CARTESIAN_POINT('',(4.015,0.299248247279,4.363296784502));
#5862 = CIRCLE('',#5863,0.349999999996);
#5863 = AXIS2_PLACEMENT_3D('',#5864,#5865,#5866);
#5864 = CARTESIAN_POINT('',(4.015,0.5,4.65));
#5865 = DIRECTION('',(1.,0.,0.));
#5866 = DIRECTION('',(0.,1.,0.));
#5867 = ORIENTED_EDGE('',*,*,#5868,.T.);
#5868 = EDGE_CURVE('',#5860,#5869,#5871,.T.);
#5869 = VERTEX_POINT('',#5870);
#5870 = CARTESIAN_POINT('',(4.015,1.357357643637,3.622400608922));
#5871 = LINE('',#5872,#5873);
#5872 = CARTESIAN_POINT('',(4.015,0.299248247279,4.363296784502));
#5873 = VECTOR('',#5874,1.);
#5874 = DIRECTION('',(0.,0.819152044289,-0.573576436351));
#5875 = ORIENTED_EDGE('',*,*,#5876,.T.);
#5876 = EDGE_CURVE('',#5869,#5877,#5879,.T.);
#5877 = VERTEX_POINT('',#5878);
#5878 = CARTESIAN_POINT('',(4.015,1.400000000004,3.54048540449));
#5879 = CIRCLE('',#5880,0.100000000004);
#5880 = AXIS2_PLACEMENT_3D('',#5881,#5882,#5883);
#5881 = CARTESIAN_POINT('',(4.015,1.3,3.54048540449));
#5882 = DIRECTION('',(-1.,0.,0.));
#5883 = DIRECTION('',(0.,1.,0.));
#5884 = ORIENTED_EDGE('',*,*,#5885,.T.);
#5885 = EDGE_CURVE('',#5877,#5886,#5888,.T.);
#5886 = VERTEX_POINT('',#5887);
#5887 = CARTESIAN_POINT('',(4.015,1.400000000004,1.75));
#5888 = LINE('',#5889,#5890);
#5889 = CARTESIAN_POINT('',(4.015,1.400000000004,3.54048540449));
#5890 = VECTOR('',#5891,1.);
#5891 = DIRECTION('',(0.,-1.125E-14,-1.));
#5892 = ORIENTED_EDGE('',*,*,#5893,.F.);
#5893 = EDGE_CURVE('',#5894,#5886,#5896,.T.);
#5894 = VERTEX_POINT('',#5895);
#5895 = CARTESIAN_POINT('',(4.015,1.650000000004,1.75));
#5896 = LINE('',#5897,#5898);
#5897 = CARTESIAN_POINT('',(4.015,1.650000000004,1.75));
#5898 = VECTOR('',#5899,1.);
#5899 = DIRECTION('',(0.,-1.,1.125E-14));
#5900 = ORIENTED_EDGE('',*,*,#5901,.F.);
#5901 = EDGE_CURVE('',#5902,#5894,#5904,.T.);
#5902 = VERTEX_POINT('',#5903);
#5903 = CARTESIAN_POINT('',(4.015,1.650000000004,3.54048540449));
#5904 = LINE('',#5905,#5906);
#5905 = CARTESIAN_POINT('',(4.015,1.650000000004,3.54048540449));
#5906 = VECTOR('',#5907,1.);
#5907 = DIRECTION('',(0.,0.,-1.));
#5908 = ORIENTED_EDGE('',*,*,#5909,.F.);
#5909 = EDGE_CURVE('',#5910,#5902,#5912,.T.);
#5910 = VERTEX_POINT('',#5911);
#5911 = CARTESIAN_POINT('',(4.015,1.500751752725,3.827188619994));
#5912 = CIRCLE('',#5913,0.350000000004);
#5913 = AXIS2_PLACEMENT_3D('',#5914,#5915,#5916);
#5914 = CARTESIAN_POINT('',(4.015,1.3,3.54048540449));
#5915 = DIRECTION('',(-1.,0.,0.));
#5916 = DIRECTION('',(0.,1.,0.));
#5917 = ORIENTED_EDGE('',*,*,#5918,.F.);
#5918 = EDGE_CURVE('',#5919,#5910,#5921,.T.);
#5919 = VERTEX_POINT('',#5920);
#5920 = CARTESIAN_POINT('',(4.015,0.442642356367,4.568084795574));
#5921 = LINE('',#5922,#5923);
#5922 = CARTESIAN_POINT('',(4.015,0.442642356367,4.568084795574));
#5923 = VECTOR('',#5924,1.);
#5924 = DIRECTION('',(0.,0.819152044289,-0.573576436351));
#5925 = ORIENTED_EDGE('',*,*,#5926,.F.);
#5926 = EDGE_CURVE('',#5927,#5919,#5929,.T.);
#5927 = VERTEX_POINT('',#5928);
#5928 = CARTESIAN_POINT('',(4.015,0.5,4.749999999996));
#5929 = CIRCLE('',#5930,9.999999999616E-02);
#5930 = AXIS2_PLACEMENT_3D('',#5931,#5932,#5933);
#5931 = CARTESIAN_POINT('',(4.015,0.5,4.65));
#5932 = DIRECTION('',(1.,0.,0.));
#5933 = DIRECTION('',(0.,1.,0.));
#5934 = ORIENTED_EDGE('',*,*,#5935,.F.);
#5935 = EDGE_CURVE('',#5936,#5927,#5938,.T.);
#5936 = VERTEX_POINT('',#5937);
#5937 = CARTESIAN_POINT('',(4.015,2.075000000004,4.749999999996));
#5938 = LINE('',#5939,#5940);
#5939 = CARTESIAN_POINT('',(4.015,0.5,4.749999999996));
#5940 = VECTOR('',#5941,1.);
#5941 = DIRECTION('',(0.,-1.,0.));
#5942 = ORIENTED_EDGE('',*,*,#5943,.F.);
#5943 = EDGE_CURVE('',#5602,#5936,#5944,.T.);
#5944 = CIRCLE('',#5945,9.999999999616E-02);
#5945 = AXIS2_PLACEMENT_3D('',#5946,#5947,#5948);
#5946 = CARTESIAN_POINT('',(4.015,2.075000000004,4.65));
#5947 = DIRECTION('',(1.,0.,0.));
#5948 = DIRECTION('',(0.,1.,0.));
#5949 = PLANE('',#5950);
#5950 = AXIS2_PLACEMENT_3D('',#5951,#5952,#5953);
#5951 = CARTESIAN_POINT('',(4.015,1.300950577928,3.9282612265));
#5952 = DIRECTION('',(1.,0.,0.));
#5953 = DIRECTION('',(0.,0.,1.));
#5954 = ADVANCED_FACE('',(#5955),#5966,.T.);
#5955 = FACE_BOUND('',#5956,.T.);
#5956 = EDGE_LOOP('',(#5957,#5963,#5964,#5965));
#5957 = ORIENTED_EDGE('',*,*,#5958,.T.);
#5958 = EDGE_CURVE('',#5586,#5511,#5959,.T.);
#5959 = LINE('',#5960,#5961);
#5960 = CARTESIAN_POINT('',(4.39,1.087500000002,4.5));
#5961 = VECTOR('',#5962,1.);
#5962 = DIRECTION('',(0.,1.,0.));
#5963 = ORIENTED_EDGE('',*,*,#5510,.T.);
#5964 = ORIENTED_EDGE('',*,*,#5843,.F.);
#5965 = ORIENTED_EDGE('',*,*,#5593,.T.);
#5966 = PLANE('',#5967);
#5967 = AXIS2_PLACEMENT_3D('',#5968,#5969,#5970);
#5968 = CARTESIAN_POINT('',(-0.425,-2.E-16,4.5));
#5969 = DIRECTION('',(0.,0.,1.));
#5970 = DIRECTION('',(1.,0.,0.));
#5971 = ADVANCED_FACE('',(#5972),#5978,.F.);
#5972 = FACE_BOUND('',#5973,.F.);
#5973 = EDGE_LOOP('',(#5974,#5975,#5976,#5977));
#5974 = ORIENTED_EDGE('',*,*,#5650,.F.);
#5975 = ORIENTED_EDGE('',*,*,#5585,.T.);
#5976 = ORIENTED_EDGE('',*,*,#5958,.T.);
#5977 = ORIENTED_EDGE('',*,*,#5518,.F.);
#5978 = PLANE('',#5979);
#5979 = AXIS2_PLACEMENT_3D('',#5980,#5981,#5982);
#5980 = CARTESIAN_POINT('',(4.39,2.175000000004,0.4));
#5981 = DIRECTION('',(-1.,0.,0.));
#5982 = DIRECTION('',(0.,1.,0.));
#5983 = ADVANCED_FACE('',(#5984),#5995,.F.);
#5984 = FACE_BOUND('',#5985,.F.);
#5985 = EDGE_LOOP('',(#5986,#5987,#5993,#5994));
#5986 = ORIENTED_EDGE('',*,*,#5701,.T.);
#5987 = ORIENTED_EDGE('',*,*,#5988,.T.);
#5988 = EDGE_CURVE('',#5702,#5936,#5989,.T.);
#5989 = LINE('',#5990,#5991);
#5990 = CARTESIAN_POINT('',(2.015,2.075000000004,4.749999999996));
#5991 = VECTOR('',#5992,1.);
#5992 = DIRECTION('',(1.,0.,0.));
#5993 = ORIENTED_EDGE('',*,*,#5943,.F.);
#5994 = ORIENTED_EDGE('',*,*,#5609,.F.);
#5995 = CYLINDRICAL_SURFACE('',#5996,9.999999999616E-02);
#5996 = AXIS2_PLACEMENT_3D('',#5997,#5998,#5999);
#5997 = CARTESIAN_POINT('',(2.015,2.075000000004,4.65));
#5998 = DIRECTION('',(1.,0.,0.));
#5999 = DIRECTION('',(0.,1.,0.));
#6000 = ADVANCED_FACE('',(#6001),#6012,.T.);
#6001 = FACE_BOUND('',#6002,.T.);
#6002 = EDGE_LOOP('',(#6003,#6004,#6005,#6006));
#6003 = ORIENTED_EDGE('',*,*,#5710,.F.);
#6004 = ORIENTED_EDGE('',*,*,#5988,.T.);
#6005 = ORIENTED_EDGE('',*,*,#5935,.T.);
#6006 = ORIENTED_EDGE('',*,*,#6007,.F.);
#6007 = EDGE_CURVE('',#5711,#5927,#6008,.T.);
#6008 = LINE('',#6009,#6010);
#6009 = CARTESIAN_POINT('',(2.015,0.5,4.749999999996));
#6010 = VECTOR('',#6011,1.);
#6011 = DIRECTION('',(1.,0.,0.));
#6012 = PLANE('',#6013);
#6013 = AXIS2_PLACEMENT_3D('',#6014,#6015,#6016);
#6014 = CARTESIAN_POINT('',(2.015,0.5,4.749999999996));
#6015 = DIRECTION('',(0.,0.,-1.));
#6016 = DIRECTION('',(1.,0.,0.));
#6017 = ADVANCED_FACE('',(#6018),#6029,.F.);
#6018 = FACE_BOUND('',#6019,.F.);
#6019 = EDGE_LOOP('',(#6020,#6021,#6027,#6028));
#6020 = ORIENTED_EDGE('',*,*,#5718,.T.);
#6021 = ORIENTED_EDGE('',*,*,#6022,.T.);
#6022 = EDGE_CURVE('',#5719,#5919,#6023,.T.);
#6023 = LINE('',#6024,#6025);
#6024 = CARTESIAN_POINT('',(2.015,0.442642356367,4.568084795574));
#6025 = VECTOR('',#6026,1.);
#6026 = DIRECTION('',(1.,0.,0.));
#6027 = ORIENTED_EDGE('',*,*,#5926,.F.);
#6028 = ORIENTED_EDGE('',*,*,#6007,.F.);
#6029 = CYLINDRICAL_SURFACE('',#6030,9.999999999616E-02);
#6030 = AXIS2_PLACEMENT_3D('',#6031,#6032,#6033);
#6031 = CARTESIAN_POINT('',(2.015,0.5,4.65));
#6032 = DIRECTION('',(1.,0.,0.));
#6033 = DIRECTION('',(0.,1.,0.));
#6034 = ADVANCED_FACE('',(#6035),#6046,.T.);
#6035 = FACE_BOUND('',#6036,.T.);
#6036 = EDGE_LOOP('',(#6037,#6038,#6039,#6040));
#6037 = ORIENTED_EDGE('',*,*,#5727,.F.);
#6038 = ORIENTED_EDGE('',*,*,#6022,.T.);
#6039 = ORIENTED_EDGE('',*,*,#5918,.T.);
#6040 = ORIENTED_EDGE('',*,*,#6041,.F.);
#6041 = EDGE_CURVE('',#5728,#5910,#6042,.T.);
#6042 = LINE('',#6043,#6044);
#6043 = CARTESIAN_POINT('',(2.015,1.500751752725,3.827188619994));
#6044 = VECTOR('',#6045,1.);
#6045 = DIRECTION('',(1.,0.,0.));
#6046 = PLANE('',#6047);
#6047 = AXIS2_PLACEMENT_3D('',#6048,#6049,#6050);
#6048 = CARTESIAN_POINT('',(2.015,0.442642356367,4.568084795574));
#6049 = DIRECTION('',(0.,0.573576436351,0.819152044289));
#6050 = DIRECTION('',(1.,0.,0.));
#6051 = ADVANCED_FACE('',(#6052),#6063,.T.);
#6052 = FACE_BOUND('',#6053,.F.);
#6053 = EDGE_LOOP('',(#6054,#6055,#6061,#6062));
#6054 = ORIENTED_EDGE('',*,*,#5735,.T.);
#6055 = ORIENTED_EDGE('',*,*,#6056,.T.);
#6056 = EDGE_CURVE('',#5736,#5902,#6057,.T.);
#6057 = LINE('',#6058,#6059);
#6058 = CARTESIAN_POINT('',(2.015,1.650000000004,3.54048540449));
#6059 = VECTOR('',#6060,1.);
#6060 = DIRECTION('',(1.,0.,0.));
#6061 = ORIENTED_EDGE('',*,*,#5909,.F.);
#6062 = ORIENTED_EDGE('',*,*,#6041,.F.);
#6063 = CYLINDRICAL_SURFACE('',#6064,0.350000000004);
#6064 = AXIS2_PLACEMENT_3D('',#6065,#6066,#6067);
#6065 = CARTESIAN_POINT('',(2.015,1.3,3.54048540449));
#6066 = DIRECTION('',(1.,0.,0.));
#6067 = DIRECTION('',(0.,1.,0.));
#6068 = ADVANCED_FACE('',(#6069),#6080,.T.);
#6069 = FACE_BOUND('',#6070,.T.);
#6070 = EDGE_LOOP('',(#6071,#6072,#6073,#6074));
#6071 = ORIENTED_EDGE('',*,*,#5744,.F.);
#6072 = ORIENTED_EDGE('',*,*,#6056,.T.);
#6073 = ORIENTED_EDGE('',*,*,#5901,.T.);
#6074 = ORIENTED_EDGE('',*,*,#6075,.F.);
#6075 = EDGE_CURVE('',#5745,#5894,#6076,.T.);
#6076 = LINE('',#6077,#6078);
#6077 = CARTESIAN_POINT('',(2.015,1.650000000004,1.75));
#6078 = VECTOR('',#6079,1.);
#6079 = DIRECTION('',(1.,0.,0.));
#6080 = PLANE('',#6081);
#6081 = AXIS2_PLACEMENT_3D('',#6082,#6083,#6084);
#6082 = CARTESIAN_POINT('',(2.015,1.650000000004,3.54048540449));
#6083 = DIRECTION('',(0.,1.,0.));
#6084 = DIRECTION('',(1.,0.,0.));
#6085 = ADVANCED_FACE('',(#6086),#6097,.T.);
#6086 = FACE_BOUND('',#6087,.T.);
#6087 = EDGE_LOOP('',(#6088,#6089,#6090,#6096));
#6088 = ORIENTED_EDGE('',*,*,#6075,.T.);
#6089 = ORIENTED_EDGE('',*,*,#5893,.T.);
#6090 = ORIENTED_EDGE('',*,*,#6091,.T.);
#6091 = EDGE_CURVE('',#5886,#5753,#6092,.T.);
#6092 = LINE('',#6093,#6094);
#6093 = CARTESIAN_POINT('',(4.015,1.400000000004,1.75));
#6094 = VECTOR('',#6095,1.);
#6095 = DIRECTION('',(-1.,0.,0.));
#6096 = ORIENTED_EDGE('',*,*,#5752,.T.);
#6097 = PLANE('',#6098);
#6098 = AXIS2_PLACEMENT_3D('',#6099,#6100,#6101);
#6099 = CARTESIAN_POINT('',(3.015,1.525000000004,1.75));
#6100 = DIRECTION('',(-0.,-1.155E-14,-1.));
#6101 = DIRECTION('',(0.,-1.,1.155E-14));
#6102 = ADVANCED_FACE('',(#6103),#6114,.T.);
#6103 = FACE_BOUND('',#6104,.T.);
#6104 = EDGE_LOOP('',(#6105,#6106,#6112,#6113));
#6105 = ORIENTED_EDGE('',*,*,#5885,.F.);
#6106 = ORIENTED_EDGE('',*,*,#6107,.T.);
#6107 = EDGE_CURVE('',#5877,#5761,#6108,.T.);
#6108 = LINE('',#6109,#6110);
#6109 = CARTESIAN_POINT('',(4.015,1.400000000004,3.54048540449));
#6110 = VECTOR('',#6111,1.);
#6111 = DIRECTION('',(-1.,0.,0.));
#6112 = ORIENTED_EDGE('',*,*,#5760,.T.);
#6113 = ORIENTED_EDGE('',*,*,#6091,.F.);
#6114 = PLANE('',#6115);
#6115 = AXIS2_PLACEMENT_3D('',#6116,#6117,#6118);
#6116 = CARTESIAN_POINT('',(4.015,1.400000000004,3.54048540449));
#6117 = DIRECTION('',(0.,-1.,0.));
#6118 = DIRECTION('',(-1.,0.,0.));
#6119 = ADVANCED_FACE('',(#6120),#6131,.F.);
#6120 = FACE_BOUND('',#6121,.F.);
#6121 = EDGE_LOOP('',(#6122,#6123,#6124,#6125));
#6122 = ORIENTED_EDGE('',*,*,#5876,.T.);
#6123 = ORIENTED_EDGE('',*,*,#6107,.T.);
#6124 = ORIENTED_EDGE('',*,*,#5768,.F.);
#6125 = ORIENTED_EDGE('',*,*,#6126,.F.);
#6126 = EDGE_CURVE('',#5869,#5769,#6127,.T.);
#6127 = LINE('',#6128,#6129);
#6128 = CARTESIAN_POINT('',(4.015,1.357357643637,3.622400608922));
#6129 = VECTOR('',#6130,1.);
#6130 = DIRECTION('',(-1.,0.,0.));
#6131 = CYLINDRICAL_SURFACE('',#6132,0.100000000004);
#6132 = AXIS2_PLACEMENT_3D('',#6133,#6134,#6135);
#6133 = CARTESIAN_POINT('',(4.015,1.3,3.54048540449));
#6134 = DIRECTION('',(-1.,0.,0.));
#6135 = DIRECTION('',(0.,1.,0.));
#6136 = ADVANCED_FACE('',(#6137),#6148,.T.);
#6137 = FACE_BOUND('',#6138,.T.);
#6138 = EDGE_LOOP('',(#6139,#6140,#6146,#6147));
#6139 = ORIENTED_EDGE('',*,*,#5868,.F.);
#6140 = ORIENTED_EDGE('',*,*,#6141,.T.);
#6141 = EDGE_CURVE('',#5860,#5778,#6142,.T.);
#6142 = LINE('',#6143,#6144);
#6143 = CARTESIAN_POINT('',(4.015,0.299248247279,4.363296784502));
#6144 = VECTOR('',#6145,1.);
#6145 = DIRECTION('',(-1.,0.,0.));
#6146 = ORIENTED_EDGE('',*,*,#5777,.T.);
#6147 = ORIENTED_EDGE('',*,*,#6126,.F.);
#6148 = PLANE('',#6149);
#6149 = AXIS2_PLACEMENT_3D('',#6150,#6151,#6152);
#6150 = CARTESIAN_POINT('',(4.015,0.299248247279,4.363296784502));
#6151 = DIRECTION('',(0.,-0.573576436351,-0.819152044289));
#6152 = DIRECTION('',(-1.,0.,0.));
#6153 = ADVANCED_FACE('',(#6154),#6165,.T.);
#6154 = FACE_BOUND('',#6155,.F.);
#6155 = EDGE_LOOP('',(#6156,#6157,#6158,#6159));
#6156 = ORIENTED_EDGE('',*,*,#5859,.T.);
#6157 = ORIENTED_EDGE('',*,*,#6141,.T.);
#6158 = ORIENTED_EDGE('',*,*,#5785,.F.);
#6159 = ORIENTED_EDGE('',*,*,#6160,.F.);
#6160 = EDGE_CURVE('',#5852,#5786,#6161,.T.);
#6161 = LINE('',#6162,#6163);
#6162 = CARTESIAN_POINT('',(4.015,0.5,4.999999999996));
#6163 = VECTOR('',#6164,1.);
#6164 = DIRECTION('',(-1.,0.,0.));
#6165 = CYLINDRICAL_SURFACE('',#6166,0.349999999996);
#6166 = AXIS2_PLACEMENT_3D('',#6167,#6168,#6169);
#6167 = CARTESIAN_POINT('',(4.015,0.5,4.65));
#6168 = DIRECTION('',(-1.,0.,0.));
#6169 = DIRECTION('',(0.,1.,0.));
#6170 = ADVANCED_FACE('',(#6171),#6177,.T.);
#6171 = FACE_BOUND('',#6172,.T.);
#6172 = EDGE_LOOP('',(#6173,#6174,#6175,#6176));
#6173 = ORIENTED_EDGE('',*,*,#5851,.F.);
#6174 = ORIENTED_EDGE('',*,*,#5826,.T.);
#6175 = ORIENTED_EDGE('',*,*,#5794,.T.);
#6176 = ORIENTED_EDGE('',*,*,#6160,.F.);
#6177 = PLANE('',#6178);
#6178 = AXIS2_PLACEMENT_3D('',#6179,#6180,#6181);
#6179 = CARTESIAN_POINT('',(4.015,0.5,4.999999999996));
#6180 = DIRECTION('',(0.,0.,1.));
#6181 = DIRECTION('',(-1.,0.,0.));
#6182 = ( GEOMETRIC_REPRESENTATION_CONTEXT(3) 
GLOBAL_UNCERTAINTY_ASSIGNED_CONTEXT((#6186)) 
GLOBAL_UNIT_ASSIGNED_CONTEXT((#6183,#6184,#6185)) REPRESENTATION_CONTEXT
('Context #1','3D Context with UNIT and UNCERTAINTY') );
#6183 = ( LENGTH_UNIT() NAMED_UNIT(*) SI_UNIT(.MILLI.,.METRE.) );
#6184 = ( NAMED_UNIT(*) PLANE_ANGLE_UNIT() SI_UNIT($,.RADIAN.) );
#6185 = ( NAMED_UNIT(*) SI_UNIT($,.STERADIAN.) SOLID_ANGLE_UNIT() );
#6186 = UNCERTAINTY_MEASURE_WITH_UNIT(LENGTH_MEASURE(2.E-07),#6183,
  'distance_accuracy_value','confusion accuracy');
#6187 = CONTEXT_DEPENDENT_SHAPE_REPRESENTATION(#6188,#6190);
#6188 = ( REPRESENTATION_RELATIONSHIP('','',#5153,#3388) 
REPRESENTATION_RELATIONSHIP_WITH_TRANSFORMATION(#6189) 
SHAPE_REPRESENTATION_RELATIONSHIP() );
#6189 = ITEM_DEFINED_TRANSFORMATION('','',#11,#3393);
#6190 = PRODUCT_DEFINITION_SHAPE('Placement','Placement of an item',
  #6191);
#6191 = NEXT_ASSEMBLY_USAGE_OCCURRENCE('33','Tip','',#3383,#5148,$);
#6192 = PRODUCT_RELATED_PRODUCT_CATEGORY('part',$,(#5150));
#6193 = SHAPE_DEFINITION_REPRESENTATION(#6194,#6200);
#6194 = PRODUCT_DEFINITION_SHAPE('','',#6195);
#6195 = PRODUCT_DEFINITION('design','',#6196,#6199);
#6196 = PRODUCT_DEFINITION_FORMATION('','',#6197);
#6197 = PRODUCT('Ring1','Ring1','',(#6198));
#6198 = PRODUCT_CONTEXT('',#2,'mechanical');
#6199 = PRODUCT_DEFINITION_CONTEXT('part definition',#2,'design');
#6200 = ADVANCED_BREP_SHAPE_REPRESENTATION('',(#11,#6201),#7229);
#6201 = MANIFOLD_SOLID_BREP('',#6202);
#6202 = CLOSED_SHELL('',(#6203,#6261,#6326,#6351,#6376,#6400,#6457,#6475
    ,#6494,#6575,#6592,#6616,#6690,#6707,#6724,#6741,#6860,#6885,#7001,
    #7018,#7030,#7047,#7064,#7081,#7098,#7115,#7132,#7149,#7166,#7183,
    #7200,#7217));
#6203 = ADVANCED_FACE('',(#6204),#6256,.T.);
#6204 = FACE_BOUND('',#6205,.T.);
#6205 = EDGE_LOOP('',(#6206,#6216,#6224,#6232,#6241,#6249));
#6206 = ORIENTED_EDGE('',*,*,#6207,.F.);
#6207 = EDGE_CURVE('',#6208,#6210,#6212,.T.);
#6208 = VERTEX_POINT('',#6209);
#6209 = CARTESIAN_POINT('',(3.32,2.525000000004,0.25));
#6210 = VERTEX_POINT('',#6211);
#6211 = CARTESIAN_POINT('',(3.32,3.9,0.25));
#6212 = LINE('',#6213,#6214);
#6213 = CARTESIAN_POINT('',(3.32,4.,0.25));
#6214 = VECTOR('',#6215,1.);
#6215 = DIRECTION('',(0.,1.,-6.123233995737E-17));
#6216 = ORIENTED_EDGE('',*,*,#6217,.T.);
#6217 = EDGE_CURVE('',#6208,#6218,#6220,.T.);
#6218 = VERTEX_POINT('',#6219);
#6219 = CARTESIAN_POINT('',(4.32,2.525000000004,0.25));
#6220 = LINE('',#6221,#6222);
#6221 = CARTESIAN_POINT('',(3.32,2.525000000004,0.25));
#6222 = VECTOR('',#6223,1.);
#6223 = DIRECTION('',(1.,0.,0.));
#6224 = ORIENTED_EDGE('',*,*,#6225,.T.);
#6225 = EDGE_CURVE('',#6218,#6226,#6228,.T.);
#6226 = VERTEX_POINT('',#6227);
#6227 = CARTESIAN_POINT('',(4.32,3.9,0.25));
#6228 = LINE('',#6229,#6230);
#6229 = CARTESIAN_POINT('',(4.32,4.,0.25));
#6230 = VECTOR('',#6231,1.);
#6231 = DIRECTION('',(0.,1.,0.));
#6232 = ORIENTED_EDGE('',*,*,#6233,.F.);
#6233 = EDGE_CURVE('',#6234,#6226,#6236,.T.);
#6234 = VERTEX_POINT('',#6235);
#6235 = CARTESIAN_POINT('',(4.22,4.,0.25));
#6236 = CIRCLE('',#6237,0.1);
#6237 = AXIS2_PLACEMENT_3D('',#6238,#6239,#6240);
#6238 = CARTESIAN_POINT('',(4.22,3.9,0.25));
#6239 = DIRECTION('',(0.,-6.123233995737E-17,-1.));
#6240 = DIRECTION('',(0.,1.,-6.123233995737E-17));
#6241 = ORIENTED_EDGE('',*,*,#6242,.F.);
#6242 = EDGE_CURVE('',#6243,#6234,#6245,.T.);
#6243 = VERTEX_POINT('',#6244);
#6244 = CARTESIAN_POINT('',(3.42,4.,0.25));
#6245 = LINE('',#6246,#6247);
#6246 = CARTESIAN_POINT('',(3.32,4.,0.25));
#6247 = VECTOR('',#6248,1.);
#6248 = DIRECTION('',(1.,0.,0.));
#6249 = ORIENTED_EDGE('',*,*,#6250,.T.);
#6250 = EDGE_CURVE('',#6243,#6210,#6251,.T.);
#6251 = CIRCLE('',#6252,0.1);
#6252 = AXIS2_PLACEMENT_3D('',#6253,#6254,#6255);
#6253 = CARTESIAN_POINT('',(3.42,3.9,0.25));
#6254 = DIRECTION('',(-0.,6.123233995737E-17,1.));
#6255 = DIRECTION('',(0.,-1.,6.123233995737E-17));
#6256 = PLANE('',#6257);
#6257 = AXIS2_PLACEMENT_3D('',#6258,#6259,#6260);
#6258 = CARTESIAN_POINT('',(3.32,4.,0.25));
#6259 = DIRECTION('',(0.,0.,1.));
#6260 = DIRECTION('',(1.,0.,0.));
#6261 = ADVANCED_FACE('',(#6262),#6321,.T.);
#6262 = FACE_BOUND('',#6263,.T.);
#6263 = EDGE_LOOP('',(#6264,#6265,#6273,#6281,#6290,#6298,#6306,#6314));
#6264 = ORIENTED_EDGE('',*,*,#6207,.T.);
#6265 = ORIENTED_EDGE('',*,*,#6266,.F.);
#6266 = EDGE_CURVE('',#6267,#6210,#6269,.T.);
#6267 = VERTEX_POINT('',#6268);
#6268 = CARTESIAN_POINT('',(3.32,3.9,6.123233995737E-18));
#6269 = LINE('',#6270,#6271);
#6270 = CARTESIAN_POINT('',(3.32,3.9,-3.749399456655E-34));
#6271 = VECTOR('',#6272,1.);
#6272 = DIRECTION('',(0.,6.123233995737E-17,1.));
#6273 = ORIENTED_EDGE('',*,*,#6274,.F.);
#6274 = EDGE_CURVE('',#6275,#6267,#6277,.T.);
#6275 = VERTEX_POINT('',#6276);
#6276 = CARTESIAN_POINT('',(3.32,2.525000000004,3.399077683617E-33));
#6277 = LINE('',#6278,#6279);
#6278 = CARTESIAN_POINT('',(3.32,4.,3.399077683617E-33));
#6279 = VECTOR('',#6280,1.);
#6280 = DIRECTION('',(0.,1.,-6.123233995737E-17));
#6281 = ORIENTED_EDGE('',*,*,#6282,.F.);
#6282 = EDGE_CURVE('',#6283,#6275,#6285,.T.);
#6283 = VERTEX_POINT('',#6284);
#6284 = CARTESIAN_POINT('',(3.32,2.175000000004,0.35));
#6285 = CIRCLE('',#6286,0.35);
#6286 = AXIS2_PLACEMENT_3D('',#6287,#6288,#6289);
#6287 = CARTESIAN_POINT('',(3.32,2.525000000004,0.35));
#6288 = DIRECTION('',(1.,-0.,0.));
#6289 = DIRECTION('',(0.,1.,-1.586032892322E-16));
#6290 = ORIENTED_EDGE('',*,*,#6291,.F.);
#6291 = EDGE_CURVE('',#6292,#6283,#6294,.T.);
#6292 = VERTEX_POINT('',#6293);
#6293 = CARTESIAN_POINT('',(3.32,2.175000000004,0.4));
#6294 = LINE('',#6295,#6296);
#6295 = CARTESIAN_POINT('',(3.32,2.175000000004,0.4));
#6296 = VECTOR('',#6297,1.);
#6297 = DIRECTION('',(0.,0.,-1.));
#6298 = ORIENTED_EDGE('',*,*,#6299,.T.);
#6299 = EDGE_CURVE('',#6292,#6300,#6302,.T.);
#6300 = VERTEX_POINT('',#6301);
#6301 = CARTESIAN_POINT('',(3.32,2.425000000004,0.4));
#6302 = LINE('',#6303,#6304);
#6303 = CARTESIAN_POINT('',(3.32,2.175000000004,0.4));
#6304 = VECTOR('',#6305,1.);
#6305 = DIRECTION('',(0.,1.,0.));
#6306 = ORIENTED_EDGE('',*,*,#6307,.T.);
#6307 = EDGE_CURVE('',#6300,#6308,#6310,.T.);
#6308 = VERTEX_POINT('',#6309);
#6309 = CARTESIAN_POINT('',(3.32,2.425000000004,0.35));
#6310 = LINE('',#6311,#6312);
#6311 = CARTESIAN_POINT('',(3.32,2.425000000004,0.4));
#6312 = VECTOR('',#6313,1.);
#6313 = DIRECTION('',(0.,0.,-1.));
#6314 = ORIENTED_EDGE('',*,*,#6315,.T.);
#6315 = EDGE_CURVE('',#6308,#6208,#6316,.T.);
#6316 = CIRCLE('',#6317,0.1);
#6317 = AXIS2_PLACEMENT_3D('',#6318,#6319,#6320);
#6318 = CARTESIAN_POINT('',(3.32,2.525000000004,0.35));
#6319 = DIRECTION('',(1.,-0.,0.));
#6320 = DIRECTION('',(0.,1.,-1.110223024625E-15));
#6321 = PLANE('',#6322);
#6322 = AXIS2_PLACEMENT_3D('',#6323,#6324,#6325);
#6323 = CARTESIAN_POINT('',(3.32,3.07518676895,0.153948660156));
#6324 = DIRECTION('',(-1.,-0.,-0.));
#6325 = DIRECTION('',(0.,0.,-1.));
#6326 = ADVANCED_FACE('',(#6327),#6346,.T.);
#6327 = FACE_BOUND('',#6328,.T.);
#6328 = EDGE_LOOP('',(#6329,#6338,#6339,#6340));
#6329 = ORIENTED_EDGE('',*,*,#6330,.T.);
#6330 = EDGE_CURVE('',#6331,#6267,#6333,.T.);
#6331 = VERTEX_POINT('',#6332);
#6332 = CARTESIAN_POINT('',(3.42,4.,-6.123233995737E-18));
#6333 = CIRCLE('',#6334,0.1);
#6334 = AXIS2_PLACEMENT_3D('',#6335,#6336,#6337);
#6335 = CARTESIAN_POINT('',(3.42,3.9,3.399077683617E-33));
#6336 = DIRECTION('',(-0.,6.123233995737E-17,1.));
#6337 = DIRECTION('',(0.,-1.,6.123233995737E-17));
#6338 = ORIENTED_EDGE('',*,*,#6266,.T.);
#6339 = ORIENTED_EDGE('',*,*,#6250,.F.);
#6340 = ORIENTED_EDGE('',*,*,#6341,.F.);
#6341 = EDGE_CURVE('',#6331,#6243,#6342,.T.);
#6342 = LINE('',#6343,#6344);
#6343 = CARTESIAN_POINT('',(3.42,4.,-6.123233995737E-18));
#6344 = VECTOR('',#6345,1.);
#6345 = DIRECTION('',(0.,6.123233995737E-17,1.));
#6346 = CYLINDRICAL_SURFACE('',#6347,0.1);
#6347 = AXIS2_PLACEMENT_3D('',#6348,#6349,#6350);
#6348 = CARTESIAN_POINT('',(3.42,3.9,0.));
#6349 = DIRECTION('',(0.,6.123233995737E-17,1.));
#6350 = DIRECTION('',(0.,1.,-6.123233995737E-17));
#6351 = ADVANCED_FACE('',(#6352),#6371,.F.);
#6352 = FACE_BOUND('',#6353,.F.);
#6353 = EDGE_LOOP('',(#6354,#6355,#6356,#6365));
#6354 = ORIENTED_EDGE('',*,*,#6315,.T.);
#6355 = ORIENTED_EDGE('',*,*,#6217,.T.);
#6356 = ORIENTED_EDGE('',*,*,#6357,.F.);
#6357 = EDGE_CURVE('',#6358,#6218,#6360,.T.);
#6358 = VERTEX_POINT('',#6359);
#6359 = CARTESIAN_POINT('',(4.32,2.425000000004,0.35));
#6360 = CIRCLE('',#6361,0.1);
#6361 = AXIS2_PLACEMENT_3D('',#6362,#6363,#6364);
#6362 = CARTESIAN_POINT('',(4.32,2.525000000004,0.35));
#6363 = DIRECTION('',(1.,-0.,0.));
#6364 = DIRECTION('',(0.,1.,-1.110223024625E-15));
#6365 = ORIENTED_EDGE('',*,*,#6366,.F.);
#6366 = EDGE_CURVE('',#6308,#6358,#6367,.T.);
#6367 = LINE('',#6368,#6369);
#6368 = CARTESIAN_POINT('',(3.32,2.425000000004,0.35));
#6369 = VECTOR('',#6370,1.);
#6370 = DIRECTION('',(1.,0.,0.));
#6371 = CYLINDRICAL_SURFACE('',#6372,0.1);
#6372 = AXIS2_PLACEMENT_3D('',#6373,#6374,#6375);
#6373 = CARTESIAN_POINT('',(3.32,2.525000000004,0.35));
#6374 = DIRECTION('',(1.,0.,0.));
#6375 = DIRECTION('',(0.,1.,-1.110223024625E-15));
#6376 = ADVANCED_FACE('',(#6377),#6395,.T.);
#6377 = FACE_BOUND('',#6378,.T.);
#6378 = EDGE_LOOP('',(#6379,#6380,#6388,#6394));
#6379 = ORIENTED_EDGE('',*,*,#6242,.T.);
#6380 = ORIENTED_EDGE('',*,*,#6381,.T.);
#6381 = EDGE_CURVE('',#6234,#6382,#6384,.T.);
#6382 = VERTEX_POINT('',#6383);
#6383 = CARTESIAN_POINT('',(4.22,4.,0.));
#6384 = LINE('',#6385,#6386);
#6385 = CARTESIAN_POINT('',(4.22,4.,0.25));
#6386 = VECTOR('',#6387,1.);
#6387 = DIRECTION('',(0.,-6.123233995737E-17,-1.));
#6388 = ORIENTED_EDGE('',*,*,#6389,.T.);
#6389 = EDGE_CURVE('',#6382,#6331,#6390,.T.);
#6390 = LINE('',#6391,#6392);
#6391 = CARTESIAN_POINT('',(4.32,4.,3.399077683617E-33));
#6392 = VECTOR('',#6393,1.);
#6393 = DIRECTION('',(-1.,0.,0.));
#6394 = ORIENTED_EDGE('',*,*,#6341,.T.);
#6395 = PLANE('',#6396);
#6396 = AXIS2_PLACEMENT_3D('',#6397,#6398,#6399);
#6397 = CARTESIAN_POINT('',(3.82,4.,0.125));
#6398 = DIRECTION('',(0.,1.,0.));
#6399 = DIRECTION('',(0.,0.,1.));
#6400 = ADVANCED_FACE('',(#6401),#6452,.T.);
#6401 = FACE_BOUND('',#6402,.T.);
#6402 = EDGE_LOOP('',(#6403,#6413,#6419,#6420,#6421,#6429,#6437,#6445));
#6403 = ORIENTED_EDGE('',*,*,#6404,.T.);
#6404 = EDGE_CURVE('',#6405,#6407,#6409,.T.);
#6405 = VERTEX_POINT('',#6406);
#6406 = CARTESIAN_POINT('',(4.32,2.525000000004,3.399077683617E-33));
#6407 = VERTEX_POINT('',#6408);
#6408 = CARTESIAN_POINT('',(4.32,3.9,0.));
#6409 = LINE('',#6410,#6411);
#6410 = CARTESIAN_POINT('',(4.32,4.,0.));
#6411 = VECTOR('',#6412,1.);
#6412 = DIRECTION('',(0.,1.,-6.123233995737E-17));
#6413 = ORIENTED_EDGE('',*,*,#6414,.F.);
#6414 = EDGE_CURVE('',#6226,#6407,#6415,.T.);
#6415 = LINE('',#6416,#6417);
#6416 = CARTESIAN_POINT('',(4.32,3.9,0.25));
#6417 = VECTOR('',#6418,1.);
#6418 = DIRECTION('',(0.,-6.123233995737E-17,-1.));
#6419 = ORIENTED_EDGE('',*,*,#6225,.F.);
#6420 = ORIENTED_EDGE('',*,*,#6357,.F.);
#6421 = ORIENTED_EDGE('',*,*,#6422,.F.);
#6422 = EDGE_CURVE('',#6423,#6358,#6425,.T.);
#6423 = VERTEX_POINT('',#6424);
#6424 = CARTESIAN_POINT('',(4.32,2.425000000004,0.4));
#6425 = LINE('',#6426,#6427);
#6426 = CARTESIAN_POINT('',(4.32,2.425000000004,0.4));
#6427 = VECTOR('',#6428,1.);
#6428 = DIRECTION('',(0.,0.,-1.));
#6429 = ORIENTED_EDGE('',*,*,#6430,.T.);
#6430 = EDGE_CURVE('',#6423,#6431,#6433,.T.);
#6431 = VERTEX_POINT('',#6432);
#6432 = CARTESIAN_POINT('',(4.32,2.175000000004,0.4));
#6433 = LINE('',#6434,#6435);
#6434 = CARTESIAN_POINT('',(4.32,2.425000000004,0.4));
#6435 = VECTOR('',#6436,1.);
#6436 = DIRECTION('',(0.,-1.,0.));
#6437 = ORIENTED_EDGE('',*,*,#6438,.T.);
#6438 = EDGE_CURVE('',#6431,#6439,#6441,.T.);
#6439 = VERTEX_POINT('',#6440);
#6440 = CARTESIAN_POINT('',(4.32,2.175000000004,0.35));
#6441 = LINE('',#6442,#6443);
#6442 = CARTESIAN_POINT('',(4.32,2.175000000004,0.4));
#6443 = VECTOR('',#6444,1.);
#6444 = DIRECTION('',(0.,0.,-1.));
#6445 = ORIENTED_EDGE('',*,*,#6446,.T.);
#6446 = EDGE_CURVE('',#6439,#6405,#6447,.T.);
#6447 = CIRCLE('',#6448,0.35);
#6448 = AXIS2_PLACEMENT_3D('',#6449,#6450,#6451);
#6449 = CARTESIAN_POINT('',(4.32,2.525000000004,0.35));
#6450 = DIRECTION('',(1.,-0.,0.));
#6451 = DIRECTION('',(0.,1.,-1.586032892322E-16));
#6452 = PLANE('',#6453);
#6453 = AXIS2_PLACEMENT_3D('',#6454,#6455,#6456);
#6454 = CARTESIAN_POINT('',(4.32,3.07518676895,0.153948660156));
#6455 = DIRECTION('',(1.,0.,0.));
#6456 = DIRECTION('',(0.,0.,1.));
#6457 = ADVANCED_FACE('',(#6458),#6470,.T.);
#6458 = FACE_BOUND('',#6459,.T.);
#6459 = EDGE_LOOP('',(#6460,#6461,#6462,#6469));
#6460 = ORIENTED_EDGE('',*,*,#6233,.T.);
#6461 = ORIENTED_EDGE('',*,*,#6414,.T.);
#6462 = ORIENTED_EDGE('',*,*,#6463,.F.);
#6463 = EDGE_CURVE('',#6382,#6407,#6464,.T.);
#6464 = CIRCLE('',#6465,0.1);
#6465 = AXIS2_PLACEMENT_3D('',#6466,#6467,#6468);
#6466 = CARTESIAN_POINT('',(4.22,3.9,0.));
#6467 = DIRECTION('',(0.,-6.123233995737E-17,-1.));
#6468 = DIRECTION('',(0.,1.,-6.123233995737E-17));
#6469 = ORIENTED_EDGE('',*,*,#6381,.F.);
#6470 = CYLINDRICAL_SURFACE('',#6471,0.1);
#6471 = AXIS2_PLACEMENT_3D('',#6472,#6473,#6474);
#6472 = CARTESIAN_POINT('',(4.22,3.9,0.25));
#6473 = DIRECTION('',(0.,-6.123233995737E-17,-1.));
#6474 = DIRECTION('',(0.,1.,-6.123233995737E-17));
#6475 = ADVANCED_FACE('',(#6476),#6489,.T.);
#6476 = FACE_BOUND('',#6477,.T.);
#6477 = EDGE_LOOP('',(#6478,#6479,#6485,#6486,#6487,#6488));
#6478 = ORIENTED_EDGE('',*,*,#6404,.F.);
#6479 = ORIENTED_EDGE('',*,*,#6480,.T.);
#6480 = EDGE_CURVE('',#6405,#6275,#6481,.T.);
#6481 = LINE('',#6482,#6483);
#6482 = CARTESIAN_POINT('',(4.32,2.525000000004,-1.110223024625E-16));
#6483 = VECTOR('',#6484,1.);
#6484 = DIRECTION('',(-1.,0.,0.));
#6485 = ORIENTED_EDGE('',*,*,#6274,.T.);
#6486 = ORIENTED_EDGE('',*,*,#6330,.F.);
#6487 = ORIENTED_EDGE('',*,*,#6389,.F.);
#6488 = ORIENTED_EDGE('',*,*,#6463,.T.);
#6489 = PLANE('',#6490);
#6490 = AXIS2_PLACEMENT_3D('',#6491,#6492,#6493);
#6491 = CARTESIAN_POINT('',(4.32,4.,3.399077683617E-33));
#6492 = DIRECTION('',(0.,0.,-1.));
#6493 = DIRECTION('',(-1.,0.,0.));
#6494 = ADVANCED_FACE('',(#6495),#6570,.T.);
#6495 = FACE_BOUND('',#6496,.T.);
#6496 = EDGE_LOOP('',(#6497,#6505,#6506,#6507,#6508,#6516,#6524,#6532,
    #6540,#6548,#6556,#6564));
#6497 = ORIENTED_EDGE('',*,*,#6498,.T.);
#6498 = EDGE_CURVE('',#6499,#6423,#6501,.T.);
#6499 = VERTEX_POINT('',#6500);
#6500 = CARTESIAN_POINT('',(4.39,2.425000000004,0.4));
#6501 = LINE('',#6502,#6503);
#6502 = CARTESIAN_POINT('',(4.39,2.425000000004,0.4));
#6503 = VECTOR('',#6504,1.);
#6504 = DIRECTION('',(-1.,0.,0.));
#6505 = ORIENTED_EDGE('',*,*,#6422,.T.);
#6506 = ORIENTED_EDGE('',*,*,#6366,.F.);
#6507 = ORIENTED_EDGE('',*,*,#6307,.F.);
#6508 = ORIENTED_EDGE('',*,*,#6509,.T.);
#6509 = EDGE_CURVE('',#6300,#6510,#6512,.T.);
#6510 = VERTEX_POINT('',#6511);
#6511 = CARTESIAN_POINT('',(1.64,2.425000000004,0.4));
#6512 = LINE('',#6513,#6514);
#6513 = CARTESIAN_POINT('',(4.39,2.425000000004,0.4));
#6514 = VECTOR('',#6515,1.);
#6515 = DIRECTION('',(-1.,0.,0.));
#6516 = ORIENTED_EDGE('',*,*,#6517,.T.);
#6517 = EDGE_CURVE('',#6510,#6518,#6520,.T.);
#6518 = VERTEX_POINT('',#6519);
#6519 = CARTESIAN_POINT('',(1.64,2.425000000004,4.5));
#6520 = LINE('',#6521,#6522);
#6521 = CARTESIAN_POINT('',(1.64,2.425000000004,0.4));
#6522 = VECTOR('',#6523,1.);
#6523 = DIRECTION('',(0.,0.,1.));
#6524 = ORIENTED_EDGE('',*,*,#6525,.F.);
#6525 = EDGE_CURVE('',#6526,#6518,#6528,.T.);
#6526 = VERTEX_POINT('',#6527);
#6527 = CARTESIAN_POINT('',(2.015,2.425,4.5));
#6528 = LINE('',#6529,#6530);
#6529 = CARTESIAN_POINT('',(1.9825,2.425000000004,4.5));
#6530 = VECTOR('',#6531,1.);
#6531 = DIRECTION('',(-1.,0.,0.));
#6532 = ORIENTED_EDGE('',*,*,#6533,.T.);
#6533 = EDGE_CURVE('',#6526,#6534,#6536,.T.);
#6534 = VERTEX_POINT('',#6535);
#6535 = CARTESIAN_POINT('',(2.015,2.425,4.65));
#6536 = LINE('',#6537,#6538);
#6537 = CARTESIAN_POINT('',(2.015,2.425,4.65));
#6538 = VECTOR('',#6539,1.);
#6539 = DIRECTION('',(0.,0.,1.));
#6540 = ORIENTED_EDGE('',*,*,#6541,.F.);
#6541 = EDGE_CURVE('',#6542,#6534,#6544,.T.);
#6542 = VERTEX_POINT('',#6543);
#6543 = CARTESIAN_POINT('',(4.015,2.425,4.65));
#6544 = LINE('',#6545,#6546);
#6545 = CARTESIAN_POINT('',(4.015,2.425,4.65));
#6546 = VECTOR('',#6547,1.);
#6547 = DIRECTION('',(-1.,0.,0.));
#6548 = ORIENTED_EDGE('',*,*,#6549,.F.);
#6549 = EDGE_CURVE('',#6550,#6542,#6552,.T.);
#6550 = VERTEX_POINT('',#6551);
#6551 = CARTESIAN_POINT('',(4.015,2.425,4.5));
#6552 = LINE('',#6553,#6554);
#6553 = CARTESIAN_POINT('',(4.015,2.425,4.65));
#6554 = VECTOR('',#6555,1.);
#6555 = DIRECTION('',(0.,0.,1.));
#6556 = ORIENTED_EDGE('',*,*,#6557,.F.);
#6557 = EDGE_CURVE('',#6558,#6550,#6560,.T.);
#6558 = VERTEX_POINT('',#6559);
#6559 = CARTESIAN_POINT('',(4.39,2.425000000004,4.5));
#6560 = LINE('',#6561,#6562);
#6561 = CARTESIAN_POINT('',(1.9825,2.425000000004,4.5));
#6562 = VECTOR('',#6563,1.);
#6563 = DIRECTION('',(-1.,0.,0.));
#6564 = ORIENTED_EDGE('',*,*,#6565,.F.);
#6565 = EDGE_CURVE('',#6499,#6558,#6566,.T.);
#6566 = LINE('',#6567,#6568);
#6567 = CARTESIAN_POINT('',(4.39,2.425000000004,0.4));
#6568 = VECTOR('',#6569,1.);
#6569 = DIRECTION('',(0.,0.,1.));
#6570 = PLANE('',#6571);
#6571 = AXIS2_PLACEMENT_3D('',#6572,#6573,#6574);
#6572 = CARTESIAN_POINT('',(3.020709219858,2.425000000003,2.498226950355
    ));
#6573 = DIRECTION('',(7.037588615016E-16,1.,3.106341637161E-13));
#6574 = DIRECTION('',(0.,-3.106341637161E-13,1.));
#6575 = ADVANCED_FACE('',(#6576),#6587,.T.);
#6576 = FACE_BOUND('',#6577,.F.);
#6577 = EDGE_LOOP('',(#6578,#6579,#6580,#6581));
#6578 = ORIENTED_EDGE('',*,*,#6446,.T.);
#6579 = ORIENTED_EDGE('',*,*,#6480,.T.);
#6580 = ORIENTED_EDGE('',*,*,#6282,.F.);
#6581 = ORIENTED_EDGE('',*,*,#6582,.F.);
#6582 = EDGE_CURVE('',#6439,#6283,#6583,.T.);
#6583 = LINE('',#6584,#6585);
#6584 = CARTESIAN_POINT('',(4.32,2.175000000004,0.35));
#6585 = VECTOR('',#6586,1.);
#6586 = DIRECTION('',(-1.,0.,0.));
#6587 = CYLINDRICAL_SURFACE('',#6588,0.35);
#6588 = AXIS2_PLACEMENT_3D('',#6589,#6590,#6591);
#6589 = CARTESIAN_POINT('',(4.32,2.525000000004,0.35));
#6590 = DIRECTION('',(-1.,0.,0.));
#6591 = DIRECTION('',(0.,1.,-1.586032892322E-16));
#6592 = ADVANCED_FACE('',(#6593),#6611,.F.);
#6593 = FACE_BOUND('',#6594,.F.);
#6594 = EDGE_LOOP('',(#6595,#6596,#6604,#6610));
#6595 = ORIENTED_EDGE('',*,*,#6509,.T.);
#6596 = ORIENTED_EDGE('',*,*,#6597,.T.);
#6597 = EDGE_CURVE('',#6510,#6598,#6600,.T.);
#6598 = VERTEX_POINT('',#6599);
#6599 = CARTESIAN_POINT('',(1.64,2.175000000004,0.4));
#6600 = LINE('',#6601,#6602);
#6601 = CARTESIAN_POINT('',(1.64,2.425000000004,0.4));
#6602 = VECTOR('',#6603,1.);
#6603 = DIRECTION('',(0.,-1.,0.));
#6604 = ORIENTED_EDGE('',*,*,#6605,.T.);
#6605 = EDGE_CURVE('',#6598,#6292,#6606,.T.);
#6606 = LINE('',#6607,#6608);
#6607 = CARTESIAN_POINT('',(1.64,2.175000000004,0.4));
#6608 = VECTOR('',#6609,1.);
#6609 = DIRECTION('',(1.,0.,0.));
#6610 = ORIENTED_EDGE('',*,*,#6299,.T.);
#6611 = PLANE('',#6612);
#6612 = AXIS2_PLACEMENT_3D('',#6613,#6614,#6615);
#6613 = CARTESIAN_POINT('',(3.015,2.300000000004,0.4));
#6614 = DIRECTION('',(0.,0.,1.));
#6615 = DIRECTION('',(1.,0.,0.));
#6616 = ADVANCED_FACE('',(#6617),#6685,.T.);
#6617 = FACE_BOUND('',#6618,.T.);
#6618 = EDGE_LOOP('',(#6619,#6620,#6621,#6622,#6623,#6631,#6639,#6647,
    #6655,#6663,#6671,#6679));
#6619 = ORIENTED_EDGE('',*,*,#6605,.T.);
#6620 = ORIENTED_EDGE('',*,*,#6291,.T.);
#6621 = ORIENTED_EDGE('',*,*,#6582,.F.);
#6622 = ORIENTED_EDGE('',*,*,#6438,.F.);
#6623 = ORIENTED_EDGE('',*,*,#6624,.T.);
#6624 = EDGE_CURVE('',#6431,#6625,#6627,.T.);
#6625 = VERTEX_POINT('',#6626);
#6626 = CARTESIAN_POINT('',(4.39,2.175000000004,0.4));
#6627 = LINE('',#6628,#6629);
#6628 = CARTESIAN_POINT('',(1.64,2.175000000004,0.4));
#6629 = VECTOR('',#6630,1.);
#6630 = DIRECTION('',(1.,0.,0.));
#6631 = ORIENTED_EDGE('',*,*,#6632,.T.);
#6632 = EDGE_CURVE('',#6625,#6633,#6635,.T.);
#6633 = VERTEX_POINT('',#6634);
#6634 = CARTESIAN_POINT('',(4.39,2.175000000004,4.5));
#6635 = LINE('',#6636,#6637);
#6636 = CARTESIAN_POINT('',(4.39,2.175000000004,0.4));
#6637 = VECTOR('',#6638,1.);
#6638 = DIRECTION('',(0.,0.,1.));
#6639 = ORIENTED_EDGE('',*,*,#6640,.F.);
#6640 = EDGE_CURVE('',#6641,#6633,#6643,.T.);
#6641 = VERTEX_POINT('',#6642);
#6642 = CARTESIAN_POINT('',(4.015,2.175,4.5));
#6643 = LINE('',#6644,#6645);
#6644 = CARTESIAN_POINT('',(0.6075,2.175000000004,4.5));
#6645 = VECTOR('',#6646,1.);
#6646 = DIRECTION('',(1.,0.,0.));
#6647 = ORIENTED_EDGE('',*,*,#6648,.T.);
#6648 = EDGE_CURVE('',#6641,#6649,#6651,.T.);
#6649 = VERTEX_POINT('',#6650);
#6650 = CARTESIAN_POINT('',(4.015,2.175,4.65));
#6651 = LINE('',#6652,#6653);
#6652 = CARTESIAN_POINT('',(4.015,2.175,4.65));
#6653 = VECTOR('',#6654,1.);
#6654 = DIRECTION('',(0.,0.,1.));
#6655 = ORIENTED_EDGE('',*,*,#6656,.F.);
#6656 = EDGE_CURVE('',#6657,#6649,#6659,.T.);
#6657 = VERTEX_POINT('',#6658);
#6658 = CARTESIAN_POINT('',(2.015,2.175,4.65));
#6659 = LINE('',#6660,#6661);
#6660 = CARTESIAN_POINT('',(2.015,2.175,4.65));
#6661 = VECTOR('',#6662,1.);
#6662 = DIRECTION('',(1.,0.,0.));
#6663 = ORIENTED_EDGE('',*,*,#6664,.F.);
#6664 = EDGE_CURVE('',#6665,#6657,#6667,.T.);
#6665 = VERTEX_POINT('',#6666);
#6666 = CARTESIAN_POINT('',(2.015,2.175,4.5));
#6667 = LINE('',#6668,#6669);
#6668 = CARTESIAN_POINT('',(2.015,2.175,4.65));
#6669 = VECTOR('',#6670,1.);
#6670 = DIRECTION('',(0.,0.,1.));
#6671 = ORIENTED_EDGE('',*,*,#6672,.F.);
#6672 = EDGE_CURVE('',#6673,#6665,#6675,.T.);
#6673 = VERTEX_POINT('',#6674);
#6674 = CARTESIAN_POINT('',(1.64,2.175000000004,4.5));
#6675 = LINE('',#6676,#6677);
#6676 = CARTESIAN_POINT('',(0.6075,2.175000000004,4.5));
#6677 = VECTOR('',#6678,1.);
#6678 = DIRECTION('',(1.,0.,0.));
#6679 = ORIENTED_EDGE('',*,*,#6680,.F.);
#6680 = EDGE_CURVE('',#6598,#6673,#6681,.T.);
#6681 = LINE('',#6682,#6683);
#6682 = CARTESIAN_POINT('',(1.64,2.175000000004,0.4));
#6683 = VECTOR('',#6684,1.);
#6684 = DIRECTION('',(0.,0.,1.));
#6685 = PLANE('',#6686);
#6686 = AXIS2_PLACEMENT_3D('',#6687,#6688,#6689);
#6687 = CARTESIAN_POINT('',(3.020709219858,2.175000000003,2.498226950355
    ));
#6688 = DIRECTION('',(-7.040033920302E-16,-1.,-3.107420977549E-13));
#6689 = DIRECTION('',(0.,3.107420977549E-13,-1.));
#6690 = ADVANCED_FACE('',(#6691),#6702,.F.);
#6691 = FACE_BOUND('',#6692,.F.);
#6692 = EDGE_LOOP('',(#6693,#6694,#6695,#6696));
#6693 = ORIENTED_EDGE('',*,*,#6498,.T.);
#6694 = ORIENTED_EDGE('',*,*,#6430,.T.);
#6695 = ORIENTED_EDGE('',*,*,#6624,.T.);
#6696 = ORIENTED_EDGE('',*,*,#6697,.T.);
#6697 = EDGE_CURVE('',#6625,#6499,#6698,.T.);
#6698 = LINE('',#6699,#6700);
#6699 = CARTESIAN_POINT('',(4.39,2.175000000004,0.4));
#6700 = VECTOR('',#6701,1.);
#6701 = DIRECTION('',(0.,1.,0.));
#6702 = PLANE('',#6703);
#6703 = AXIS2_PLACEMENT_3D('',#6704,#6705,#6706);
#6704 = CARTESIAN_POINT('',(3.015,2.300000000004,0.4));
#6705 = DIRECTION('',(0.,0.,1.));
#6706 = DIRECTION('',(1.,0.,0.));
#6707 = ADVANCED_FACE('',(#6708),#6719,.F.);
#6708 = FACE_BOUND('',#6709,.F.);
#6709 = EDGE_LOOP('',(#6710,#6711,#6712,#6718));
#6710 = ORIENTED_EDGE('',*,*,#6597,.F.);
#6711 = ORIENTED_EDGE('',*,*,#6517,.T.);
#6712 = ORIENTED_EDGE('',*,*,#6713,.T.);
#6713 = EDGE_CURVE('',#6518,#6673,#6714,.T.);
#6714 = LINE('',#6715,#6716);
#6715 = CARTESIAN_POINT('',(1.64,1.212500000002,4.5));
#6716 = VECTOR('',#6717,1.);
#6717 = DIRECTION('',(0.,-1.,0.));
#6718 = ORIENTED_EDGE('',*,*,#6680,.F.);
#6719 = PLANE('',#6720);
#6720 = AXIS2_PLACEMENT_3D('',#6721,#6722,#6723);
#6721 = CARTESIAN_POINT('',(1.64,2.425000000004,0.4));
#6722 = DIRECTION('',(1.,0.,0.));
#6723 = DIRECTION('',(0.,-1.,0.));
#6724 = ADVANCED_FACE('',(#6725),#6736,.T.);
#6725 = FACE_BOUND('',#6726,.T.);
#6726 = EDGE_LOOP('',(#6727,#6733,#6734,#6735));
#6727 = ORIENTED_EDGE('',*,*,#6728,.F.);
#6728 = EDGE_CURVE('',#6526,#6665,#6729,.T.);
#6729 = LINE('',#6730,#6731);
#6730 = CARTESIAN_POINT('',(2.015,2.425,4.5));
#6731 = VECTOR('',#6732,1.);
#6732 = DIRECTION('',(0.,-1.,0.));
#6733 = ORIENTED_EDGE('',*,*,#6525,.T.);
#6734 = ORIENTED_EDGE('',*,*,#6713,.T.);
#6735 = ORIENTED_EDGE('',*,*,#6672,.T.);
#6736 = PLANE('',#6737);
#6737 = AXIS2_PLACEMENT_3D('',#6738,#6739,#6740);
#6738 = CARTESIAN_POINT('',(-0.425,-2.E-16,4.5));
#6739 = DIRECTION('',(0.,0.,1.));
#6740 = DIRECTION('',(1.,0.,0.));
#6741 = ADVANCED_FACE('',(#6742),#6855,.T.);
#6742 = FACE_BOUND('',#6743,.T.);
#6743 = EDGE_LOOP('',(#6744,#6745,#6746,#6747,#6756,#6764,#6773,#6781,
    #6790,#6798,#6806,#6814,#6823,#6831,#6840,#6848));
#6744 = ORIENTED_EDGE('',*,*,#6533,.F.);
#6745 = ORIENTED_EDGE('',*,*,#6728,.T.);
#6746 = ORIENTED_EDGE('',*,*,#6664,.T.);
#6747 = ORIENTED_EDGE('',*,*,#6748,.T.);
#6748 = EDGE_CURVE('',#6657,#6749,#6751,.T.);
#6749 = VERTEX_POINT('',#6750);
#6750 = CARTESIAN_POINT('',(2.015,2.075000000004,4.749999999996));
#6751 = CIRCLE('',#6752,9.999999999616E-02);
#6752 = AXIS2_PLACEMENT_3D('',#6753,#6754,#6755);
#6753 = CARTESIAN_POINT('',(2.015,2.075000000004,4.65));
#6754 = DIRECTION('',(1.,0.,0.));
#6755 = DIRECTION('',(0.,1.,0.));
#6756 = ORIENTED_EDGE('',*,*,#6757,.T.);
#6757 = EDGE_CURVE('',#6749,#6758,#6760,.T.);
#6758 = VERTEX_POINT('',#6759);
#6759 = CARTESIAN_POINT('',(2.015,0.5,4.749999999996));
#6760 = LINE('',#6761,#6762);
#6761 = CARTESIAN_POINT('',(2.015,0.5,4.749999999996));
#6762 = VECTOR('',#6763,1.);
#6763 = DIRECTION('',(0.,-1.,0.));
#6764 = ORIENTED_EDGE('',*,*,#6765,.T.);
#6765 = EDGE_CURVE('',#6758,#6766,#6768,.T.);
#6766 = VERTEX_POINT('',#6767);
#6767 = CARTESIAN_POINT('',(2.015,0.442642356367,4.568084795574));
#6768 = CIRCLE('',#6769,9.999999999616E-02);
#6769 = AXIS2_PLACEMENT_3D('',#6770,#6771,#6772);
#6770 = CARTESIAN_POINT('',(2.015,0.5,4.65));
#6771 = DIRECTION('',(1.,0.,0.));
#6772 = DIRECTION('',(0.,1.,0.));
#6773 = ORIENTED_EDGE('',*,*,#6774,.T.);
#6774 = EDGE_CURVE('',#6766,#6775,#6777,.T.);
#6775 = VERTEX_POINT('',#6776);
#6776 = CARTESIAN_POINT('',(2.015,1.500751752725,3.827188619994));
#6777 = LINE('',#6778,#6779);
#6778 = CARTESIAN_POINT('',(2.015,0.442642356367,4.568084795574));
#6779 = VECTOR('',#6780,1.);
#6780 = DIRECTION('',(0.,0.819152044289,-0.573576436351));
#6781 = ORIENTED_EDGE('',*,*,#6782,.T.);
#6782 = EDGE_CURVE('',#6775,#6783,#6785,.T.);
#6783 = VERTEX_POINT('',#6784);
#6784 = CARTESIAN_POINT('',(2.015,1.650000000004,3.54048540449));
#6785 = CIRCLE('',#6786,0.350000000004);
#6786 = AXIS2_PLACEMENT_3D('',#6787,#6788,#6789);
#6787 = CARTESIAN_POINT('',(2.015,1.3,3.54048540449));
#6788 = DIRECTION('',(-1.,0.,0.));
#6789 = DIRECTION('',(0.,1.,0.));
#6790 = ORIENTED_EDGE('',*,*,#6791,.T.);
#6791 = EDGE_CURVE('',#6783,#6792,#6794,.T.);
#6792 = VERTEX_POINT('',#6793);
#6793 = CARTESIAN_POINT('',(2.015,1.650000000004,1.75));
#6794 = LINE('',#6795,#6796);
#6795 = CARTESIAN_POINT('',(2.015,1.650000000004,3.54048540449));
#6796 = VECTOR('',#6797,1.);
#6797 = DIRECTION('',(0.,0.,-1.));
#6798 = ORIENTED_EDGE('',*,*,#6799,.F.);
#6799 = EDGE_CURVE('',#6800,#6792,#6802,.T.);
#6800 = VERTEX_POINT('',#6801);
#6801 = CARTESIAN_POINT('',(2.015,1.400000000004,1.75));
#6802 = LINE('',#6803,#6804);
#6803 = CARTESIAN_POINT('',(2.015,1.400000000004,1.75));
#6804 = VECTOR('',#6805,1.);
#6805 = DIRECTION('',(0.,1.,-1.125E-14));
#6806 = ORIENTED_EDGE('',*,*,#6807,.F.);
#6807 = EDGE_CURVE('',#6808,#6800,#6810,.T.);
#6808 = VERTEX_POINT('',#6809);
#6809 = CARTESIAN_POINT('',(2.015,1.400000000004,3.54048540449));
#6810 = LINE('',#6811,#6812);
#6811 = CARTESIAN_POINT('',(2.015,1.400000000004,3.54048540449));
#6812 = VECTOR('',#6813,1.);
#6813 = DIRECTION('',(-0.,-0.,-1.));
#6814 = ORIENTED_EDGE('',*,*,#6815,.F.);
#6815 = EDGE_CURVE('',#6816,#6808,#6818,.T.);
#6816 = VERTEX_POINT('',#6817);
#6817 = CARTESIAN_POINT('',(2.015,1.357357643637,3.622400608922));
#6818 = CIRCLE('',#6819,0.100000000004);
#6819 = AXIS2_PLACEMENT_3D('',#6820,#6821,#6822);
#6820 = CARTESIAN_POINT('',(2.015,1.3,3.54048540449));
#6821 = DIRECTION('',(-1.,0.,0.));
#6822 = DIRECTION('',(0.,1.,0.));
#6823 = ORIENTED_EDGE('',*,*,#6824,.F.);
#6824 = EDGE_CURVE('',#6825,#6816,#6827,.T.);
#6825 = VERTEX_POINT('',#6826);
#6826 = CARTESIAN_POINT('',(2.015,0.299248247279,4.363296784502));
#6827 = LINE('',#6828,#6829);
#6828 = CARTESIAN_POINT('',(2.015,0.299248247279,4.363296784502));
#6829 = VECTOR('',#6830,1.);
#6830 = DIRECTION('',(0.,0.819152044289,-0.573576436351));
#6831 = ORIENTED_EDGE('',*,*,#6832,.F.);
#6832 = EDGE_CURVE('',#6833,#6825,#6835,.T.);
#6833 = VERTEX_POINT('',#6834);
#6834 = CARTESIAN_POINT('',(2.015,0.5,4.999999999996));
#6835 = CIRCLE('',#6836,0.349999999996);
#6836 = AXIS2_PLACEMENT_3D('',#6837,#6838,#6839);
#6837 = CARTESIAN_POINT('',(2.015,0.5,4.65));
#6838 = DIRECTION('',(1.,0.,0.));
#6839 = DIRECTION('',(0.,1.,0.));
#6840 = ORIENTED_EDGE('',*,*,#6841,.F.);
#6841 = EDGE_CURVE('',#6842,#6833,#6844,.T.);
#6842 = VERTEX_POINT('',#6843);
#6843 = CARTESIAN_POINT('',(2.015,2.075000000004,4.999999999996));
#6844 = LINE('',#6845,#6846);
#6845 = CARTESIAN_POINT('',(2.015,0.5,4.999999999996));
#6846 = VECTOR('',#6847,1.);
#6847 = DIRECTION('',(0.,-1.,0.));
#6848 = ORIENTED_EDGE('',*,*,#6849,.F.);
#6849 = EDGE_CURVE('',#6534,#6842,#6850,.T.);
#6850 = CIRCLE('',#6851,0.349999999996);
#6851 = AXIS2_PLACEMENT_3D('',#6852,#6853,#6854);
#6852 = CARTESIAN_POINT('',(2.015,2.075000000004,4.65));
#6853 = DIRECTION('',(1.,0.,0.));
#6854 = DIRECTION('',(0.,1.,0.));
#6855 = PLANE('',#6856);
#6856 = AXIS2_PLACEMENT_3D('',#6857,#6858,#6859);
#6857 = CARTESIAN_POINT('',(2.015,1.300950577928,3.9282612265));
#6858 = DIRECTION('',(-1.,-0.,-0.));
#6859 = DIRECTION('',(0.,0.,-1.));
#6860 = ADVANCED_FACE('',(#6861),#6880,.T.);
#6861 = FACE_BOUND('',#6862,.F.);
#6862 = EDGE_LOOP('',(#6863,#6872,#6878,#6879));
#6863 = ORIENTED_EDGE('',*,*,#6864,.T.);
#6864 = EDGE_CURVE('',#6542,#6865,#6867,.T.);
#6865 = VERTEX_POINT('',#6866);
#6866 = CARTESIAN_POINT('',(4.015,2.075000000004,4.999999999996));
#6867 = CIRCLE('',#6868,0.349999999996);
#6868 = AXIS2_PLACEMENT_3D('',#6869,#6870,#6871);
#6869 = CARTESIAN_POINT('',(4.015,2.075000000004,4.65));
#6870 = DIRECTION('',(1.,0.,0.));
#6871 = DIRECTION('',(0.,1.,0.));
#6872 = ORIENTED_EDGE('',*,*,#6873,.T.);
#6873 = EDGE_CURVE('',#6865,#6842,#6874,.T.);
#6874 = LINE('',#6875,#6876);
#6875 = CARTESIAN_POINT('',(4.015,2.075000000004,4.999999999996));
#6876 = VECTOR('',#6877,1.);
#6877 = DIRECTION('',(-1.,0.,0.));
#6878 = ORIENTED_EDGE('',*,*,#6849,.F.);
#6879 = ORIENTED_EDGE('',*,*,#6541,.F.);
#6880 = CYLINDRICAL_SURFACE('',#6881,0.349999999996);
#6881 = AXIS2_PLACEMENT_3D('',#6882,#6883,#6884);
#6882 = CARTESIAN_POINT('',(4.015,2.075000000004,4.65));
#6883 = DIRECTION('',(-1.,0.,0.));
#6884 = DIRECTION('',(0.,1.,0.));
#6885 = ADVANCED_FACE('',(#6886),#6996,.T.);
#6886 = FACE_BOUND('',#6887,.T.);
#6887 = EDGE_LOOP('',(#6888,#6889,#6895,#6896,#6897,#6905,#6914,#6922,
    #6931,#6939,#6947,#6955,#6964,#6972,#6981,#6989));
#6888 = ORIENTED_EDGE('',*,*,#6648,.F.);
#6889 = ORIENTED_EDGE('',*,*,#6890,.T.);
#6890 = EDGE_CURVE('',#6641,#6550,#6891,.T.);
#6891 = LINE('',#6892,#6893);
#6892 = CARTESIAN_POINT('',(4.015,2.175,4.5));
#6893 = VECTOR('',#6894,1.);
#6894 = DIRECTION('',(0.,1.,0.));
#6895 = ORIENTED_EDGE('',*,*,#6549,.T.);
#6896 = ORIENTED_EDGE('',*,*,#6864,.T.);
#6897 = ORIENTED_EDGE('',*,*,#6898,.T.);
#6898 = EDGE_CURVE('',#6865,#6899,#6901,.T.);
#6899 = VERTEX_POINT('',#6900);
#6900 = CARTESIAN_POINT('',(4.015,0.5,4.999999999996));
#6901 = LINE('',#6902,#6903);
#6902 = CARTESIAN_POINT('',(4.015,0.5,4.999999999996));
#6903 = VECTOR('',#6904,1.);
#6904 = DIRECTION('',(0.,-1.,-3.8E-16));
#6905 = ORIENTED_EDGE('',*,*,#6906,.T.);
#6906 = EDGE_CURVE('',#6899,#6907,#6909,.T.);
#6907 = VERTEX_POINT('',#6908);
#6908 = CARTESIAN_POINT('',(4.015,0.299248247279,4.363296784502));
#6909 = CIRCLE('',#6910,0.349999999996);
#6910 = AXIS2_PLACEMENT_3D('',#6911,#6912,#6913);
#6911 = CARTESIAN_POINT('',(4.015,0.5,4.65));
#6912 = DIRECTION('',(1.,0.,0.));
#6913 = DIRECTION('',(0.,1.,0.));
#6914 = ORIENTED_EDGE('',*,*,#6915,.T.);
#6915 = EDGE_CURVE('',#6907,#6916,#6918,.T.);
#6916 = VERTEX_POINT('',#6917);
#6917 = CARTESIAN_POINT('',(4.015,1.357357643637,3.622400608922));
#6918 = LINE('',#6919,#6920);
#6919 = CARTESIAN_POINT('',(4.015,0.299248247279,4.363296784502));
#6920 = VECTOR('',#6921,1.);
#6921 = DIRECTION('',(0.,0.819152044289,-0.573576436351));
#6922 = ORIENTED_EDGE('',*,*,#6923,.T.);
#6923 = EDGE_CURVE('',#6916,#6924,#6926,.T.);
#6924 = VERTEX_POINT('',#6925);
#6925 = CARTESIAN_POINT('',(4.015,1.400000000004,3.54048540449));
#6926 = CIRCLE('',#6927,0.100000000004);
#6927 = AXIS2_PLACEMENT_3D('',#6928,#6929,#6930);
#6928 = CARTESIAN_POINT('',(4.015,1.3,3.54048540449));
#6929 = DIRECTION('',(-1.,0.,0.));
#6930 = DIRECTION('',(0.,1.,0.));
#6931 = ORIENTED_EDGE('',*,*,#6932,.T.);
#6932 = EDGE_CURVE('',#6924,#6933,#6935,.T.);
#6933 = VERTEX_POINT('',#6934);
#6934 = CARTESIAN_POINT('',(4.015,1.400000000004,1.75));
#6935 = LINE('',#6936,#6937);
#6936 = CARTESIAN_POINT('',(4.015,1.400000000004,3.54048540449));
#6937 = VECTOR('',#6938,1.);
#6938 = DIRECTION('',(0.,-1.125E-14,-1.));
#6939 = ORIENTED_EDGE('',*,*,#6940,.F.);
#6940 = EDGE_CURVE('',#6941,#6933,#6943,.T.);
#6941 = VERTEX_POINT('',#6942);
#6942 = CARTESIAN_POINT('',(4.015,1.650000000004,1.75));
#6943 = LINE('',#6944,#6945);
#6944 = CARTESIAN_POINT('',(4.015,1.650000000004,1.75));
#6945 = VECTOR('',#6946,1.);
#6946 = DIRECTION('',(0.,-1.,1.125E-14));
#6947 = ORIENTED_EDGE('',*,*,#6948,.F.);
#6948 = EDGE_CURVE('',#6949,#6941,#6951,.T.);
#6949 = VERTEX_POINT('',#6950);
#6950 = CARTESIAN_POINT('',(4.015,1.650000000004,3.54048540449));
#6951 = LINE('',#6952,#6953);
#6952 = CARTESIAN_POINT('',(4.015,1.650000000004,3.54048540449));
#6953 = VECTOR('',#6954,1.);
#6954 = DIRECTION('',(0.,0.,-1.));
#6955 = ORIENTED_EDGE('',*,*,#6956,.F.);
#6956 = EDGE_CURVE('',#6957,#6949,#6959,.T.);
#6957 = VERTEX_POINT('',#6958);
#6958 = CARTESIAN_POINT('',(4.015,1.500751752725,3.827188619994));
#6959 = CIRCLE('',#6960,0.350000000004);
#6960 = AXIS2_PLACEMENT_3D('',#6961,#6962,#6963);
#6961 = CARTESIAN_POINT('',(4.015,1.3,3.54048540449));
#6962 = DIRECTION('',(-1.,0.,0.));
#6963 = DIRECTION('',(0.,1.,0.));
#6964 = ORIENTED_EDGE('',*,*,#6965,.F.);
#6965 = EDGE_CURVE('',#6966,#6957,#6968,.T.);
#6966 = VERTEX_POINT('',#6967);
#6967 = CARTESIAN_POINT('',(4.015,0.442642356367,4.568084795574));
#6968 = LINE('',#6969,#6970);
#6969 = CARTESIAN_POINT('',(4.015,0.442642356367,4.568084795574));
#6970 = VECTOR('',#6971,1.);
#6971 = DIRECTION('',(0.,0.819152044289,-0.573576436351));
#6972 = ORIENTED_EDGE('',*,*,#6973,.F.);
#6973 = EDGE_CURVE('',#6974,#6966,#6976,.T.);
#6974 = VERTEX_POINT('',#6975);
#6975 = CARTESIAN_POINT('',(4.015,0.5,4.749999999996));
#6976 = CIRCLE('',#6977,9.999999999616E-02);
#6977 = AXIS2_PLACEMENT_3D('',#6978,#6979,#6980);
#6978 = CARTESIAN_POINT('',(4.015,0.5,4.65));
#6979 = DIRECTION('',(1.,0.,0.));
#6980 = DIRECTION('',(0.,1.,0.));
#6981 = ORIENTED_EDGE('',*,*,#6982,.F.);
#6982 = EDGE_CURVE('',#6983,#6974,#6985,.T.);
#6983 = VERTEX_POINT('',#6984);
#6984 = CARTESIAN_POINT('',(4.015,2.075000000004,4.749999999996));
#6985 = LINE('',#6986,#6987);
#6986 = CARTESIAN_POINT('',(4.015,0.5,4.749999999996));
#6987 = VECTOR('',#6988,1.);
#6988 = DIRECTION('',(0.,-1.,0.));
#6989 = ORIENTED_EDGE('',*,*,#6990,.F.);
#6990 = EDGE_CURVE('',#6649,#6983,#6991,.T.);
#6991 = CIRCLE('',#6992,9.999999999616E-02);
#6992 = AXIS2_PLACEMENT_3D('',#6993,#6994,#6995);
#6993 = CARTESIAN_POINT('',(4.015,2.075000000004,4.65));
#6994 = DIRECTION('',(1.,0.,0.));
#6995 = DIRECTION('',(0.,1.,0.));
#6996 = PLANE('',#6997);
#6997 = AXIS2_PLACEMENT_3D('',#6998,#6999,#7000);
#6998 = CARTESIAN_POINT('',(4.015,1.300950577928,3.9282612265));
#6999 = DIRECTION('',(1.,0.,0.));
#7000 = DIRECTION('',(0.,0.,1.));
#7001 = ADVANCED_FACE('',(#7002),#7013,.T.);
#7002 = FACE_BOUND('',#7003,.T.);
#7003 = EDGE_LOOP('',(#7004,#7010,#7011,#7012));
#7004 = ORIENTED_EDGE('',*,*,#7005,.T.);
#7005 = EDGE_CURVE('',#6633,#6558,#7006,.T.);
#7006 = LINE('',#7007,#7008);
#7007 = CARTESIAN_POINT('',(4.39,1.087500000002,4.5));
#7008 = VECTOR('',#7009,1.);
#7009 = DIRECTION('',(0.,1.,0.));
#7010 = ORIENTED_EDGE('',*,*,#6557,.T.);
#7011 = ORIENTED_EDGE('',*,*,#6890,.F.);
#7012 = ORIENTED_EDGE('',*,*,#6640,.T.);
#7013 = PLANE('',#7014);
#7014 = AXIS2_PLACEMENT_3D('',#7015,#7016,#7017);
#7015 = CARTESIAN_POINT('',(-0.425,-2.E-16,4.5));
#7016 = DIRECTION('',(0.,0.,1.));
#7017 = DIRECTION('',(1.,0.,0.));
#7018 = ADVANCED_FACE('',(#7019),#7025,.F.);
#7019 = FACE_BOUND('',#7020,.F.);
#7020 = EDGE_LOOP('',(#7021,#7022,#7023,#7024));
#7021 = ORIENTED_EDGE('',*,*,#6697,.F.);
#7022 = ORIENTED_EDGE('',*,*,#6632,.T.);
#7023 = ORIENTED_EDGE('',*,*,#7005,.T.);
#7024 = ORIENTED_EDGE('',*,*,#6565,.F.);
#7025 = PLANE('',#7026);
#7026 = AXIS2_PLACEMENT_3D('',#7027,#7028,#7029);
#7027 = CARTESIAN_POINT('',(4.39,2.175000000004,0.4));
#7028 = DIRECTION('',(-1.,0.,0.));
#7029 = DIRECTION('',(0.,1.,0.));
#7030 = ADVANCED_FACE('',(#7031),#7042,.F.);
#7031 = FACE_BOUND('',#7032,.F.);
#7032 = EDGE_LOOP('',(#7033,#7034,#7040,#7041));
#7033 = ORIENTED_EDGE('',*,*,#6748,.T.);
#7034 = ORIENTED_EDGE('',*,*,#7035,.T.);
#7035 = EDGE_CURVE('',#6749,#6983,#7036,.T.);
#7036 = LINE('',#7037,#7038);
#7037 = CARTESIAN_POINT('',(2.015,2.075000000004,4.749999999996));
#7038 = VECTOR('',#7039,1.);
#7039 = DIRECTION('',(1.,0.,0.));
#7040 = ORIENTED_EDGE('',*,*,#6990,.F.);
#7041 = ORIENTED_EDGE('',*,*,#6656,.F.);
#7042 = CYLINDRICAL_SURFACE('',#7043,9.999999999616E-02);
#7043 = AXIS2_PLACEMENT_3D('',#7044,#7045,#7046);
#7044 = CARTESIAN_POINT('',(2.015,2.075000000004,4.65));
#7045 = DIRECTION('',(1.,0.,0.));
#7046 = DIRECTION('',(0.,1.,0.));
#7047 = ADVANCED_FACE('',(#7048),#7059,.T.);
#7048 = FACE_BOUND('',#7049,.T.);
#7049 = EDGE_LOOP('',(#7050,#7051,#7052,#7053));
#7050 = ORIENTED_EDGE('',*,*,#6757,.F.);
#7051 = ORIENTED_EDGE('',*,*,#7035,.T.);
#7052 = ORIENTED_EDGE('',*,*,#6982,.T.);
#7053 = ORIENTED_EDGE('',*,*,#7054,.F.);
#7054 = EDGE_CURVE('',#6758,#6974,#7055,.T.);
#7055 = LINE('',#7056,#7057);
#7056 = CARTESIAN_POINT('',(2.015,0.5,4.749999999996));
#7057 = VECTOR('',#7058,1.);
#7058 = DIRECTION('',(1.,0.,0.));
#7059 = PLANE('',#7060);
#7060 = AXIS2_PLACEMENT_3D('',#7061,#7062,#7063);
#7061 = CARTESIAN_POINT('',(2.015,0.5,4.749999999996));
#7062 = DIRECTION('',(0.,0.,-1.));
#7063 = DIRECTION('',(1.,0.,0.));
#7064 = ADVANCED_FACE('',(#7065),#7076,.F.);
#7065 = FACE_BOUND('',#7066,.F.);
#7066 = EDGE_LOOP('',(#7067,#7068,#7074,#7075));
#7067 = ORIENTED_EDGE('',*,*,#6765,.T.);
#7068 = ORIENTED_EDGE('',*,*,#7069,.T.);
#7069 = EDGE_CURVE('',#6766,#6966,#7070,.T.);
#7070 = LINE('',#7071,#7072);
#7071 = CARTESIAN_POINT('',(2.015,0.442642356367,4.568084795574));
#7072 = VECTOR('',#7073,1.);
#7073 = DIRECTION('',(1.,0.,0.));
#7074 = ORIENTED_EDGE('',*,*,#6973,.F.);
#7075 = ORIENTED_EDGE('',*,*,#7054,.F.);
#7076 = CYLINDRICAL_SURFACE('',#7077,9.999999999616E-02);
#7077 = AXIS2_PLACEMENT_3D('',#7078,#7079,#7080);
#7078 = CARTESIAN_POINT('',(2.015,0.5,4.65));
#7079 = DIRECTION('',(1.,0.,0.));
#7080 = DIRECTION('',(0.,1.,0.));
#7081 = ADVANCED_FACE('',(#7082),#7093,.T.);
#7082 = FACE_BOUND('',#7083,.T.);
#7083 = EDGE_LOOP('',(#7084,#7085,#7086,#7087));
#7084 = ORIENTED_EDGE('',*,*,#6774,.F.);
#7085 = ORIENTED_EDGE('',*,*,#7069,.T.);
#7086 = ORIENTED_EDGE('',*,*,#6965,.T.);
#7087 = ORIENTED_EDGE('',*,*,#7088,.F.);
#7088 = EDGE_CURVE('',#6775,#6957,#7089,.T.);
#7089 = LINE('',#7090,#7091);
#7090 = CARTESIAN_POINT('',(2.015,1.500751752725,3.827188619994));
#7091 = VECTOR('',#7092,1.);
#7092 = DIRECTION('',(1.,0.,0.));
#7093 = PLANE('',#7094);
#7094 = AXIS2_PLACEMENT_3D('',#7095,#7096,#7097);
#7095 = CARTESIAN_POINT('',(2.015,0.442642356367,4.568084795574));
#7096 = DIRECTION('',(0.,0.573576436351,0.819152044289));
#7097 = DIRECTION('',(1.,0.,0.));
#7098 = ADVANCED_FACE('',(#7099),#7110,.T.);
#7099 = FACE_BOUND('',#7100,.F.);
#7100 = EDGE_LOOP('',(#7101,#7102,#7108,#7109));
#7101 = ORIENTED_EDGE('',*,*,#6782,.T.);
#7102 = ORIENTED_EDGE('',*,*,#7103,.T.);
#7103 = EDGE_CURVE('',#6783,#6949,#7104,.T.);
#7104 = LINE('',#7105,#7106);
#7105 = CARTESIAN_POINT('',(2.015,1.650000000004,3.54048540449));
#7106 = VECTOR('',#7107,1.);
#7107 = DIRECTION('',(1.,0.,0.));
#7108 = ORIENTED_EDGE('',*,*,#6956,.F.);
#7109 = ORIENTED_EDGE('',*,*,#7088,.F.);
#7110 = CYLINDRICAL_SURFACE('',#7111,0.350000000004);
#7111 = AXIS2_PLACEMENT_3D('',#7112,#7113,#7114);
#7112 = CARTESIAN_POINT('',(2.015,1.3,3.54048540449));
#7113 = DIRECTION('',(1.,0.,0.));
#7114 = DIRECTION('',(0.,1.,0.));
#7115 = ADVANCED_FACE('',(#7116),#7127,.T.);
#7116 = FACE_BOUND('',#7117,.T.);
#7117 = EDGE_LOOP('',(#7118,#7119,#7120,#7121));
#7118 = ORIENTED_EDGE('',*,*,#6791,.F.);
#7119 = ORIENTED_EDGE('',*,*,#7103,.T.);
#7120 = ORIENTED_EDGE('',*,*,#6948,.T.);
#7121 = ORIENTED_EDGE('',*,*,#7122,.F.);
#7122 = EDGE_CURVE('',#6792,#6941,#7123,.T.);
#7123 = LINE('',#7124,#7125);
#7124 = CARTESIAN_POINT('',(2.015,1.650000000004,1.75));
#7125 = VECTOR('',#7126,1.);
#7126 = DIRECTION('',(1.,0.,0.));
#7127 = PLANE('',#7128);
#7128 = AXIS2_PLACEMENT_3D('',#7129,#7130,#7131);
#7129 = CARTESIAN_POINT('',(2.015,1.650000000004,3.54048540449));
#7130 = DIRECTION('',(0.,1.,0.));
#7131 = DIRECTION('',(1.,0.,0.));
#7132 = ADVANCED_FACE('',(#7133),#7144,.T.);
#7133 = FACE_BOUND('',#7134,.T.);
#7134 = EDGE_LOOP('',(#7135,#7136,#7137,#7143));
#7135 = ORIENTED_EDGE('',*,*,#7122,.T.);
#7136 = ORIENTED_EDGE('',*,*,#6940,.T.);
#7137 = ORIENTED_EDGE('',*,*,#7138,.T.);
#7138 = EDGE_CURVE('',#6933,#6800,#7139,.T.);
#7139 = LINE('',#7140,#7141);
#7140 = CARTESIAN_POINT('',(4.015,1.400000000004,1.75));
#7141 = VECTOR('',#7142,1.);
#7142 = DIRECTION('',(-1.,0.,0.));
#7143 = ORIENTED_EDGE('',*,*,#6799,.T.);
#7144 = PLANE('',#7145);
#7145 = AXIS2_PLACEMENT_3D('',#7146,#7147,#7148);
#7146 = CARTESIAN_POINT('',(3.015,1.525000000004,1.75));
#7147 = DIRECTION('',(-0.,-1.155E-14,-1.));
#7148 = DIRECTION('',(0.,-1.,1.155E-14));
#7149 = ADVANCED_FACE('',(#7150),#7161,.T.);
#7150 = FACE_BOUND('',#7151,.T.);
#7151 = EDGE_LOOP('',(#7152,#7153,#7159,#7160));
#7152 = ORIENTED_EDGE('',*,*,#6932,.F.);
#7153 = ORIENTED_EDGE('',*,*,#7154,.T.);
#7154 = EDGE_CURVE('',#6924,#6808,#7155,.T.);
#7155 = LINE('',#7156,#7157);
#7156 = CARTESIAN_POINT('',(4.015,1.400000000004,3.54048540449));
#7157 = VECTOR('',#7158,1.);
#7158 = DIRECTION('',(-1.,0.,0.));
#7159 = ORIENTED_EDGE('',*,*,#6807,.T.);
#7160 = ORIENTED_EDGE('',*,*,#7138,.F.);
#7161 = PLANE('',#7162);
#7162 = AXIS2_PLACEMENT_3D('',#7163,#7164,#7165);
#7163 = CARTESIAN_POINT('',(4.015,1.400000000004,3.54048540449));
#7164 = DIRECTION('',(0.,-1.,0.));
#7165 = DIRECTION('',(-1.,0.,0.));
#7166 = ADVANCED_FACE('',(#7167),#7178,.F.);
#7167 = FACE_BOUND('',#7168,.F.);
#7168 = EDGE_LOOP('',(#7169,#7170,#7171,#7172));
#7169 = ORIENTED_EDGE('',*,*,#6923,.T.);
#7170 = ORIENTED_EDGE('',*,*,#7154,.T.);
#7171 = ORIENTED_EDGE('',*,*,#6815,.F.);
#7172 = ORIENTED_EDGE('',*,*,#7173,.F.);
#7173 = EDGE_CURVE('',#6916,#6816,#7174,.T.);
#7174 = LINE('',#7175,#7176);
#7175 = CARTESIAN_POINT('',(4.015,1.357357643637,3.622400608922));
#7176 = VECTOR('',#7177,1.);
#7177 = DIRECTION('',(-1.,0.,0.));
#7178 = CYLINDRICAL_SURFACE('',#7179,0.100000000004);
#7179 = AXIS2_PLACEMENT_3D('',#7180,#7181,#7182);
#7180 = CARTESIAN_POINT('',(4.015,1.3,3.54048540449));
#7181 = DIRECTION('',(-1.,0.,0.));
#7182 = DIRECTION('',(0.,1.,0.));
#7183 = ADVANCED_FACE('',(#7184),#7195,.T.);
#7184 = FACE_BOUND('',#7185,.T.);
#7185 = EDGE_LOOP('',(#7186,#7187,#7193,#7194));
#7186 = ORIENTED_EDGE('',*,*,#6915,.F.);
#7187 = ORIENTED_EDGE('',*,*,#7188,.T.);
#7188 = EDGE_CURVE('',#6907,#6825,#7189,.T.);
#7189 = LINE('',#7190,#7191);
#7190 = CARTESIAN_POINT('',(4.015,0.299248247279,4.363296784502));
#7191 = VECTOR('',#7192,1.);
#7192 = DIRECTION('',(-1.,0.,0.));
#7193 = ORIENTED_EDGE('',*,*,#6824,.T.);
#7194 = ORIENTED_EDGE('',*,*,#7173,.F.);
#7195 = PLANE('',#7196);
#7196 = AXIS2_PLACEMENT_3D('',#7197,#7198,#7199);
#7197 = CARTESIAN_POINT('',(4.015,0.299248247279,4.363296784502));
#7198 = DIRECTION('',(0.,-0.573576436351,-0.819152044289));
#7199 = DIRECTION('',(-1.,0.,0.));
#7200 = ADVANCED_FACE('',(#7201),#7212,.T.);
#7201 = FACE_BOUND('',#7202,.F.);
#7202 = EDGE_LOOP('',(#7203,#7204,#7205,#7206));
#7203 = ORIENTED_EDGE('',*,*,#6906,.T.);
#7204 = ORIENTED_EDGE('',*,*,#7188,.T.);
#7205 = ORIENTED_EDGE('',*,*,#6832,.F.);
#7206 = ORIENTED_EDGE('',*,*,#7207,.F.);
#7207 = EDGE_CURVE('',#6899,#6833,#7208,.T.);
#7208 = LINE('',#7209,#7210);
#7209 = CARTESIAN_POINT('',(4.015,0.5,4.999999999996));
#7210 = VECTOR('',#7211,1.);
#7211 = DIRECTION('',(-1.,0.,0.));
#7212 = CYLINDRICAL_SURFACE('',#7213,0.349999999996);
#7213 = AXIS2_PLACEMENT_3D('',#7214,#7215,#7216);
#7214 = CARTESIAN_POINT('',(4.015,0.5,4.65));
#7215 = DIRECTION('',(-1.,0.,0.));
#7216 = DIRECTION('',(0.,1.,0.));
#7217 = ADVANCED_FACE('',(#7218),#7224,.T.);
#7218 = FACE_BOUND('',#7219,.T.);
#7219 = EDGE_LOOP('',(#7220,#7221,#7222,#7223));
#7220 = ORIENTED_EDGE('',*,*,#6898,.F.);
#7221 = ORIENTED_EDGE('',*,*,#6873,.T.);
#7222 = ORIENTED_EDGE('',*,*,#6841,.T.);
#7223 = ORIENTED_EDGE('',*,*,#7207,.F.);
#7224 = PLANE('',#7225);
#7225 = AXIS2_PLACEMENT_3D('',#7226,#7227,#7228);
#7226 = CARTESIAN_POINT('',(4.015,0.5,4.999999999996));
#7227 = DIRECTION('',(0.,0.,1.));
#7228 = DIRECTION('',(-1.,0.,0.));
#7229 = ( GEOMETRIC_REPRESENTATION_CONTEXT(3) 
GLOBAL_UNCERTAINTY_ASSIGNED_CONTEXT((#7233)) 
GLOBAL_UNIT_ASSIGNED_CONTEXT((#7230,#7231,#7232)) REPRESENTATION_CONTEXT
('Context #1','3D Context with UNIT and UNCERTAINTY') );
#7230 = ( LENGTH_UNIT() NAMED_UNIT(*) SI_UNIT(.MILLI.,.METRE.) );
#7231 = ( NAMED_UNIT(*) PLANE_ANGLE_UNIT() SI_UNIT($,.RADIAN.) );
#7232 = ( NAMED_UNIT(*) SI_UNIT($,.STERADIAN.) SOLID_ANGLE_UNIT() );
#7233 = UNCERTAINTY_MEASURE_WITH_UNIT(LENGTH_MEASURE(2.E-07),#7230,
  'distance_accuracy_value','confusion accuracy');
#7234 = CONTEXT_DEPENDENT_SHAPE_REPRESENTATION(#7235,#7237);
#7235 = ( REPRESENTATION_RELATIONSHIP('','',#6200,#3388) 
REPRESENTATION_RELATIONSHIP_WITH_TRANSFORMATION(#7236) 
SHAPE_REPRESENTATION_RELATIONSHIP() );
#7236 = ITEM_DEFINED_TRANSFORMATION('','',#11,#3397);
#7237 = PRODUCT_DEFINITION_SHAPE('Placement','Placement of an item',
  #7238);
#7238 = NEXT_ASSEMBLY_USAGE_OCCURRENCE('34','Ring1','',#3383,#6195,$);
#7239 = PRODUCT_RELATED_PRODUCT_CATEGORY('part',$,(#6197));
#7240 = SHAPE_DEFINITION_REPRESENTATION(#7241,#7247);
#7241 = PRODUCT_DEFINITION_SHAPE('','',#7242);
#7242 = PRODUCT_DEFINITION('design','',#7243,#7246);
#7243 = PRODUCT_DEFINITION_FORMATION('','',#7244);
#7244 = PRODUCT('Ring2','Ring2','',(#7245));
#7245 = PRODUCT_CONTEXT('',#2,'mechanical');
#7246 = PRODUCT_DEFINITION_CONTEXT('part definition',#2,'design');
#7247 = ADVANCED_BREP_SHAPE_REPRESENTATION('',(#11,#7248),#8276);
#7248 = MANIFOLD_SOLID_BREP('',#7249);
#7249 = CLOSED_SHELL('',(#7250,#7308,#7373,#7398,#7423,#7447,#7504,#7522
    ,#7541,#7622,#7639,#7663,#7737,#7754,#7771,#7788,#7907,#7932,#8048,
    #8065,#8077,#8094,#8111,#8128,#8145,#8162,#8179,#8196,#8213,#8230,
    #8247,#8264));
#7250 = ADVANCED_FACE('',(#7251),#7303,.T.);
#7251 = FACE_BOUND('',#7252,.T.);
#7252 = EDGE_LOOP('',(#7253,#7263,#7271,#7279,#7288,#7296));
#7253 = ORIENTED_EDGE('',*,*,#7254,.F.);
#7254 = EDGE_CURVE('',#7255,#7257,#7259,.T.);
#7255 = VERTEX_POINT('',#7256);
#7256 = CARTESIAN_POINT('',(3.32,2.525000000004,0.25));
#7257 = VERTEX_POINT('',#7258);
#7258 = CARTESIAN_POINT('',(3.32,3.9,0.25));
#7259 = LINE('',#7260,#7261);
#7260 = CARTESIAN_POINT('',(3.32,4.,0.25));
#7261 = VECTOR('',#7262,1.);
#7262 = DIRECTION('',(0.,1.,-6.123233995737E-17));
#7263 = ORIENTED_EDGE('',*,*,#7264,.T.);
#7264 = EDGE_CURVE('',#7255,#7265,#7267,.T.);
#7265 = VERTEX_POINT('',#7266);
#7266 = CARTESIAN_POINT('',(4.32,2.525000000004,0.25));
#7267 = LINE('',#7268,#7269);
#7268 = CARTESIAN_POINT('',(3.32,2.525000000004,0.25));
#7269 = VECTOR('',#7270,1.);
#7270 = DIRECTION('',(1.,0.,0.));
#7271 = ORIENTED_EDGE('',*,*,#7272,.T.);
#7272 = EDGE_CURVE('',#7265,#7273,#7275,.T.);
#7273 = VERTEX_POINT('',#7274);
#7274 = CARTESIAN_POINT('',(4.32,3.9,0.25));
#7275 = LINE('',#7276,#7277);
#7276 = CARTESIAN_POINT('',(4.32,4.,0.25));
#7277 = VECTOR('',#7278,1.);
#7278 = DIRECTION('',(0.,1.,0.));
#7279 = ORIENTED_EDGE('',*,*,#7280,.F.);
#7280 = EDGE_CURVE('',#7281,#7273,#7283,.T.);
#7281 = VERTEX_POINT('',#7282);
#7282 = CARTESIAN_POINT('',(4.22,4.,0.25));
#7283 = CIRCLE('',#7284,0.1);
#7284 = AXIS2_PLACEMENT_3D('',#7285,#7286,#7287);
#7285 = CARTESIAN_POINT('',(4.22,3.9,0.25));
#7286 = DIRECTION('',(0.,-6.123233995737E-17,-1.));
#7287 = DIRECTION('',(0.,1.,-6.123233995737E-17));
#7288 = ORIENTED_EDGE('',*,*,#7289,.F.);
#7289 = EDGE_CURVE('',#7290,#7281,#7292,.T.);
#7290 = VERTEX_POINT('',#7291);
#7291 = CARTESIAN_POINT('',(3.42,4.,0.25));
#7292 = LINE('',#7293,#7294);
#7293 = CARTESIAN_POINT('',(3.32,4.,0.25));
#7294 = VECTOR('',#7295,1.);
#7295 = DIRECTION('',(1.,0.,0.));
#7296 = ORIENTED_EDGE('',*,*,#7297,.T.);
#7297 = EDGE_CURVE('',#7290,#7257,#7298,.T.);
#7298 = CIRCLE('',#7299,0.1);
#7299 = AXIS2_PLACEMENT_3D('',#7300,#7301,#7302);
#7300 = CARTESIAN_POINT('',(3.42,3.9,0.25));
#7301 = DIRECTION('',(-0.,6.123233995737E-17,1.));
#7302 = DIRECTION('',(0.,-1.,6.123233995737E-17));
#7303 = PLANE('',#7304);
#7304 = AXIS2_PLACEMENT_3D('',#7305,#7306,#7307);
#7305 = CARTESIAN_POINT('',(3.32,4.,0.25));
#7306 = DIRECTION('',(0.,0.,1.));
#7307 = DIRECTION('',(1.,0.,0.));
#7308 = ADVANCED_FACE('',(#7309),#7368,.T.);
#7309 = FACE_BOUND('',#7310,.T.);
#7310 = EDGE_LOOP('',(#7311,#7312,#7320,#7328,#7337,#7345,#7353,#7361));
#7311 = ORIENTED_EDGE('',*,*,#7254,.T.);
#7312 = ORIENTED_EDGE('',*,*,#7313,.F.);
#7313 = EDGE_CURVE('',#7314,#7257,#7316,.T.);
#7314 = VERTEX_POINT('',#7315);
#7315 = CARTESIAN_POINT('',(3.32,3.9,6.123233995737E-18));
#7316 = LINE('',#7317,#7318);
#7317 = CARTESIAN_POINT('',(3.32,3.9,-3.749399456655E-34));
#7318 = VECTOR('',#7319,1.);
#7319 = DIRECTION('',(0.,6.123233995737E-17,1.));
#7320 = ORIENTED_EDGE('',*,*,#7321,.F.);
#7321 = EDGE_CURVE('',#7322,#7314,#7324,.T.);
#7322 = VERTEX_POINT('',#7323);
#7323 = CARTESIAN_POINT('',(3.32,2.525000000004,3.399077683617E-33));
#7324 = LINE('',#7325,#7326);
#7325 = CARTESIAN_POINT('',(3.32,4.,3.399077683617E-33));
#7326 = VECTOR('',#7327,1.);
#7327 = DIRECTION('',(0.,1.,-6.123233995737E-17));
#7328 = ORIENTED_EDGE('',*,*,#7329,.F.);
#7329 = EDGE_CURVE('',#7330,#7322,#7332,.T.);
#7330 = VERTEX_POINT('',#7331);
#7331 = CARTESIAN_POINT('',(3.32,2.175000000004,0.35));
#7332 = CIRCLE('',#7333,0.35);
#7333 = AXIS2_PLACEMENT_3D('',#7334,#7335,#7336);
#7334 = CARTESIAN_POINT('',(3.32,2.525000000004,0.35));
#7335 = DIRECTION('',(1.,-0.,0.));
#7336 = DIRECTION('',(0.,1.,-1.586032892322E-16));
#7337 = ORIENTED_EDGE('',*,*,#7338,.F.);
#7338 = EDGE_CURVE('',#7339,#7330,#7341,.T.);
#7339 = VERTEX_POINT('',#7340);
#7340 = CARTESIAN_POINT('',(3.32,2.175000000004,0.4));
#7341 = LINE('',#7342,#7343);
#7342 = CARTESIAN_POINT('',(3.32,2.175000000004,0.4));
#7343 = VECTOR('',#7344,1.);
#7344 = DIRECTION('',(0.,0.,-1.));
#7345 = ORIENTED_EDGE('',*,*,#7346,.T.);
#7346 = EDGE_CURVE('',#7339,#7347,#7349,.T.);
#7347 = VERTEX_POINT('',#7348);
#7348 = CARTESIAN_POINT('',(3.32,2.425000000004,0.4));
#7349 = LINE('',#7350,#7351);
#7350 = CARTESIAN_POINT('',(3.32,2.175000000004,0.4));
#7351 = VECTOR('',#7352,1.);
#7352 = DIRECTION('',(0.,1.,0.));
#7353 = ORIENTED_EDGE('',*,*,#7354,.T.);
#7354 = EDGE_CURVE('',#7347,#7355,#7357,.T.);
#7355 = VERTEX_POINT('',#7356);
#7356 = CARTESIAN_POINT('',(3.32,2.425000000004,0.35));
#7357 = LINE('',#7358,#7359);
#7358 = CARTESIAN_POINT('',(3.32,2.425000000004,0.4));
#7359 = VECTOR('',#7360,1.);
#7360 = DIRECTION('',(0.,0.,-1.));
#7361 = ORIENTED_EDGE('',*,*,#7362,.T.);
#7362 = EDGE_CURVE('',#7355,#7255,#7363,.T.);
#7363 = CIRCLE('',#7364,0.1);
#7364 = AXIS2_PLACEMENT_3D('',#7365,#7366,#7367);
#7365 = CARTESIAN_POINT('',(3.32,2.525000000004,0.35));
#7366 = DIRECTION('',(1.,-0.,0.));
#7367 = DIRECTION('',(0.,1.,-1.110223024625E-15));
#7368 = PLANE('',#7369);
#7369 = AXIS2_PLACEMENT_3D('',#7370,#7371,#7372);
#7370 = CARTESIAN_POINT('',(3.32,3.07518676895,0.153948660156));
#7371 = DIRECTION('',(-1.,-0.,-0.));
#7372 = DIRECTION('',(0.,0.,-1.));
#7373 = ADVANCED_FACE('',(#7374),#7393,.T.);
#7374 = FACE_BOUND('',#7375,.T.);
#7375 = EDGE_LOOP('',(#7376,#7385,#7386,#7387));
#7376 = ORIENTED_EDGE('',*,*,#7377,.T.);
#7377 = EDGE_CURVE('',#7378,#7314,#7380,.T.);
#7378 = VERTEX_POINT('',#7379);
#7379 = CARTESIAN_POINT('',(3.42,4.,-6.123233995737E-18));
#7380 = CIRCLE('',#7381,0.1);
#7381 = AXIS2_PLACEMENT_3D('',#7382,#7383,#7384);
#7382 = CARTESIAN_POINT('',(3.42,3.9,3.399077683617E-33));
#7383 = DIRECTION('',(-0.,6.123233995737E-17,1.));
#7384 = DIRECTION('',(0.,-1.,6.123233995737E-17));
#7385 = ORIENTED_EDGE('',*,*,#7313,.T.);
#7386 = ORIENTED_EDGE('',*,*,#7297,.F.);
#7387 = ORIENTED_EDGE('',*,*,#7388,.F.);
#7388 = EDGE_CURVE('',#7378,#7290,#7389,.T.);
#7389 = LINE('',#7390,#7391);
#7390 = CARTESIAN_POINT('',(3.42,4.,-6.123233995737E-18));
#7391 = VECTOR('',#7392,1.);
#7392 = DIRECTION('',(0.,6.123233995737E-17,1.));
#7393 = CYLINDRICAL_SURFACE('',#7394,0.1);
#7394 = AXIS2_PLACEMENT_3D('',#7395,#7396,#7397);
#7395 = CARTESIAN_POINT('',(3.42,3.9,0.));
#7396 = DIRECTION('',(0.,6.123233995737E-17,1.));
#7397 = DIRECTION('',(0.,1.,-6.123233995737E-17));
#7398 = ADVANCED_FACE('',(#7399),#7418,.F.);
#7399 = FACE_BOUND('',#7400,.F.);
#7400 = EDGE_LOOP('',(#7401,#7402,#7403,#7412));
#7401 = ORIENTED_EDGE('',*,*,#7362,.T.);
#7402 = ORIENTED_EDGE('',*,*,#7264,.T.);
#7403 = ORIENTED_EDGE('',*,*,#7404,.F.);
#7404 = EDGE_CURVE('',#7405,#7265,#7407,.T.);
#7405 = VERTEX_POINT('',#7406);
#7406 = CARTESIAN_POINT('',(4.32,2.425000000004,0.35));
#7407 = CIRCLE('',#7408,0.1);
#7408 = AXIS2_PLACEMENT_3D('',#7409,#7410,#7411);
#7409 = CARTESIAN_POINT('',(4.32,2.525000000004,0.35));
#7410 = DIRECTION('',(1.,-0.,0.));
#7411 = DIRECTION('',(0.,1.,-1.110223024625E-15));
#7412 = ORIENTED_EDGE('',*,*,#7413,.F.);
#7413 = EDGE_CURVE('',#7355,#7405,#7414,.T.);
#7414 = LINE('',#7415,#7416);
#7415 = CARTESIAN_POINT('',(3.32,2.425000000004,0.35));
#7416 = VECTOR('',#7417,1.);
#7417 = DIRECTION('',(1.,0.,0.));
#7418 = CYLINDRICAL_SURFACE('',#7419,0.1);
#7419 = AXIS2_PLACEMENT_3D('',#7420,#7421,#7422);
#7420 = CARTESIAN_POINT('',(3.32,2.525000000004,0.35));
#7421 = DIRECTION('',(1.,0.,0.));
#7422 = DIRECTION('',(0.,1.,-1.110223024625E-15));
#7423 = ADVANCED_FACE('',(#7424),#7442,.T.);
#7424 = FACE_BOUND('',#7425,.T.);
#7425 = EDGE_LOOP('',(#7426,#7427,#7435,#7441));
#7426 = ORIENTED_EDGE('',*,*,#7289,.T.);
#7427 = ORIENTED_EDGE('',*,*,#7428,.T.);
#7428 = EDGE_CURVE('',#7281,#7429,#7431,.T.);
#7429 = VERTEX_POINT('',#7430);
#7430 = CARTESIAN_POINT('',(4.22,4.,0.));
#7431 = LINE('',#7432,#7433);
#7432 = CARTESIAN_POINT('',(4.22,4.,0.25));
#7433 = VECTOR('',#7434,1.);
#7434 = DIRECTION('',(0.,-6.123233995737E-17,-1.));
#7435 = ORIENTED_EDGE('',*,*,#7436,.T.);
#7436 = EDGE_CURVE('',#7429,#7378,#7437,.T.);
#7437 = LINE('',#7438,#7439);
#7438 = CARTESIAN_POINT('',(4.32,4.,3.399077683617E-33));
#7439 = VECTOR('',#7440,1.);
#7440 = DIRECTION('',(-1.,0.,0.));
#7441 = ORIENTED_EDGE('',*,*,#7388,.T.);
#7442 = PLANE('',#7443);
#7443 = AXIS2_PLACEMENT_3D('',#7444,#7445,#7446);
#7444 = CARTESIAN_POINT('',(3.82,4.,0.125));
#7445 = DIRECTION('',(0.,1.,0.));
#7446 = DIRECTION('',(0.,0.,1.));
#7447 = ADVANCED_FACE('',(#7448),#7499,.T.);
#7448 = FACE_BOUND('',#7449,.T.);
#7449 = EDGE_LOOP('',(#7450,#7460,#7466,#7467,#7468,#7476,#7484,#7492));
#7450 = ORIENTED_EDGE('',*,*,#7451,.T.);
#7451 = EDGE_CURVE('',#7452,#7454,#7456,.T.);
#7452 = VERTEX_POINT('',#7453);
#7453 = CARTESIAN_POINT('',(4.32,2.525000000004,3.399077683617E-33));
#7454 = VERTEX_POINT('',#7455);
#7455 = CARTESIAN_POINT('',(4.32,3.9,0.));
#7456 = LINE('',#7457,#7458);
#7457 = CARTESIAN_POINT('',(4.32,4.,0.));
#7458 = VECTOR('',#7459,1.);
#7459 = DIRECTION('',(0.,1.,-6.123233995737E-17));
#7460 = ORIENTED_EDGE('',*,*,#7461,.F.);
#7461 = EDGE_CURVE('',#7273,#7454,#7462,.T.);
#7462 = LINE('',#7463,#7464);
#7463 = CARTESIAN_POINT('',(4.32,3.9,0.25));
#7464 = VECTOR('',#7465,1.);
#7465 = DIRECTION('',(0.,-6.123233995737E-17,-1.));
#7466 = ORIENTED_EDGE('',*,*,#7272,.F.);
#7467 = ORIENTED_EDGE('',*,*,#7404,.F.);
#7468 = ORIENTED_EDGE('',*,*,#7469,.F.);
#7469 = EDGE_CURVE('',#7470,#7405,#7472,.T.);
#7470 = VERTEX_POINT('',#7471);
#7471 = CARTESIAN_POINT('',(4.32,2.425000000004,0.4));
#7472 = LINE('',#7473,#7474);
#7473 = CARTESIAN_POINT('',(4.32,2.425000000004,0.4));
#7474 = VECTOR('',#7475,1.);
#7475 = DIRECTION('',(0.,0.,-1.));
#7476 = ORIENTED_EDGE('',*,*,#7477,.T.);
#7477 = EDGE_CURVE('',#7470,#7478,#7480,.T.);
#7478 = VERTEX_POINT('',#7479);
#7479 = CARTESIAN_POINT('',(4.32,2.175000000004,0.4));
#7480 = LINE('',#7481,#7482);
#7481 = CARTESIAN_POINT('',(4.32,2.425000000004,0.4));
#7482 = VECTOR('',#7483,1.);
#7483 = DIRECTION('',(0.,-1.,0.));
#7484 = ORIENTED_EDGE('',*,*,#7485,.T.);
#7485 = EDGE_CURVE('',#7478,#7486,#7488,.T.);
#7486 = VERTEX_POINT('',#7487);
#7487 = CARTESIAN_POINT('',(4.32,2.175000000004,0.35));
#7488 = LINE('',#7489,#7490);
#7489 = CARTESIAN_POINT('',(4.32,2.175000000004,0.4));
#7490 = VECTOR('',#7491,1.);
#7491 = DIRECTION('',(0.,0.,-1.));
#7492 = ORIENTED_EDGE('',*,*,#7493,.T.);
#7493 = EDGE_CURVE('',#7486,#7452,#7494,.T.);
#7494 = CIRCLE('',#7495,0.35);
#7495 = AXIS2_PLACEMENT_3D('',#7496,#7497,#7498);
#7496 = CARTESIAN_POINT('',(4.32,2.525000000004,0.35));
#7497 = DIRECTION('',(1.,-0.,0.));
#7498 = DIRECTION('',(0.,1.,-1.586032892322E-16));
#7499 = PLANE('',#7500);
#7500 = AXIS2_PLACEMENT_3D('',#7501,#7502,#7503);
#7501 = CARTESIAN_POINT('',(4.32,3.07518676895,0.153948660156));
#7502 = DIRECTION('',(1.,0.,0.));
#7503 = DIRECTION('',(0.,0.,1.));
#7504 = ADVANCED_FACE('',(#7505),#7517,.T.);
#7505 = FACE_BOUND('',#7506,.T.);
#7506 = EDGE_LOOP('',(#7507,#7508,#7509,#7516));
#7507 = ORIENTED_EDGE('',*,*,#7280,.T.);
#7508 = ORIENTED_EDGE('',*,*,#7461,.T.);
#7509 = ORIENTED_EDGE('',*,*,#7510,.F.);
#7510 = EDGE_CURVE('',#7429,#7454,#7511,.T.);
#7511 = CIRCLE('',#7512,0.1);
#7512 = AXIS2_PLACEMENT_3D('',#7513,#7514,#7515);
#7513 = CARTESIAN_POINT('',(4.22,3.9,0.));
#7514 = DIRECTION('',(0.,-6.123233995737E-17,-1.));
#7515 = DIRECTION('',(0.,1.,-6.123233995737E-17));
#7516 = ORIENTED_EDGE('',*,*,#7428,.F.);
#7517 = CYLINDRICAL_SURFACE('',#7518,0.1);
#7518 = AXIS2_PLACEMENT_3D('',#7519,#7520,#7521);
#7519 = CARTESIAN_POINT('',(4.22,3.9,0.25));
#7520 = DIRECTION('',(0.,-6.123233995737E-17,-1.));
#7521 = DIRECTION('',(0.,1.,-6.123233995737E-17));
#7522 = ADVANCED_FACE('',(#7523),#7536,.T.);
#7523 = FACE_BOUND('',#7524,.T.);
#7524 = EDGE_LOOP('',(#7525,#7526,#7532,#7533,#7534,#7535));
#7525 = ORIENTED_EDGE('',*,*,#7451,.F.);
#7526 = ORIENTED_EDGE('',*,*,#7527,.T.);
#7527 = EDGE_CURVE('',#7452,#7322,#7528,.T.);
#7528 = LINE('',#7529,#7530);
#7529 = CARTESIAN_POINT('',(4.32,2.525000000004,-1.110223024625E-16));
#7530 = VECTOR('',#7531,1.);
#7531 = DIRECTION('',(-1.,0.,0.));
#7532 = ORIENTED_EDGE('',*,*,#7321,.T.);
#7533 = ORIENTED_EDGE('',*,*,#7377,.F.);
#7534 = ORIENTED_EDGE('',*,*,#7436,.F.);
#7535 = ORIENTED_EDGE('',*,*,#7510,.T.);
#7536 = PLANE('',#7537);
#7537 = AXIS2_PLACEMENT_3D('',#7538,#7539,#7540);
#7538 = CARTESIAN_POINT('',(4.32,4.,3.399077683617E-33));
#7539 = DIRECTION('',(0.,0.,-1.));
#7540 = DIRECTION('',(-1.,0.,0.));
#7541 = ADVANCED_FACE('',(#7542),#7617,.T.);
#7542 = FACE_BOUND('',#7543,.T.);
#7543 = EDGE_LOOP('',(#7544,#7552,#7553,#7554,#7555,#7563,#7571,#7579,
    #7587,#7595,#7603,#7611));
#7544 = ORIENTED_EDGE('',*,*,#7545,.T.);
#7545 = EDGE_CURVE('',#7546,#7470,#7548,.T.);
#7546 = VERTEX_POINT('',#7547);
#7547 = CARTESIAN_POINT('',(4.39,2.425000000004,0.4));
#7548 = LINE('',#7549,#7550);
#7549 = CARTESIAN_POINT('',(4.39,2.425000000004,0.4));
#7550 = VECTOR('',#7551,1.);
#7551 = DIRECTION('',(-1.,0.,0.));
#7552 = ORIENTED_EDGE('',*,*,#7469,.T.);
#7553 = ORIENTED_EDGE('',*,*,#7413,.F.);
#7554 = ORIENTED_EDGE('',*,*,#7354,.F.);
#7555 = ORIENTED_EDGE('',*,*,#7556,.T.);
#7556 = EDGE_CURVE('',#7347,#7557,#7559,.T.);
#7557 = VERTEX_POINT('',#7558);
#7558 = CARTESIAN_POINT('',(1.64,2.425000000004,0.4));
#7559 = LINE('',#7560,#7561);
#7560 = CARTESIAN_POINT('',(4.39,2.425000000004,0.4));
#7561 = VECTOR('',#7562,1.);
#7562 = DIRECTION('',(-1.,0.,0.));
#7563 = ORIENTED_EDGE('',*,*,#7564,.T.);
#7564 = EDGE_CURVE('',#7557,#7565,#7567,.T.);
#7565 = VERTEX_POINT('',#7566);
#7566 = CARTESIAN_POINT('',(1.64,2.425000000004,4.5));
#7567 = LINE('',#7568,#7569);
#7568 = CARTESIAN_POINT('',(1.64,2.425000000004,0.4));
#7569 = VECTOR('',#7570,1.);
#7570 = DIRECTION('',(0.,0.,1.));
#7571 = ORIENTED_EDGE('',*,*,#7572,.F.);
#7572 = EDGE_CURVE('',#7573,#7565,#7575,.T.);
#7573 = VERTEX_POINT('',#7574);
#7574 = CARTESIAN_POINT('',(2.015,2.425,4.5));
#7575 = LINE('',#7576,#7577);
#7576 = CARTESIAN_POINT('',(1.9825,2.425000000004,4.5));
#7577 = VECTOR('',#7578,1.);
#7578 = DIRECTION('',(-1.,0.,0.));
#7579 = ORIENTED_EDGE('',*,*,#7580,.T.);
#7580 = EDGE_CURVE('',#7573,#7581,#7583,.T.);
#7581 = VERTEX_POINT('',#7582);
#7582 = CARTESIAN_POINT('',(2.015,2.425,4.65));
#7583 = LINE('',#7584,#7585);
#7584 = CARTESIAN_POINT('',(2.015,2.425,4.65));
#7585 = VECTOR('',#7586,1.);
#7586 = DIRECTION('',(0.,0.,1.));
#7587 = ORIENTED_EDGE('',*,*,#7588,.F.);
#7588 = EDGE_CURVE('',#7589,#7581,#7591,.T.);
#7589 = VERTEX_POINT('',#7590);
#7590 = CARTESIAN_POINT('',(4.015,2.425,4.65));
#7591 = LINE('',#7592,#7593);
#7592 = CARTESIAN_POINT('',(4.015,2.425,4.65));
#7593 = VECTOR('',#7594,1.);
#7594 = DIRECTION('',(-1.,0.,0.));
#7595 = ORIENTED_EDGE('',*,*,#7596,.F.);
#7596 = EDGE_CURVE('',#7597,#7589,#7599,.T.);
#7597 = VERTEX_POINT('',#7598);
#7598 = CARTESIAN_POINT('',(4.015,2.425,4.5));
#7599 = LINE('',#7600,#7601);
#7600 = CARTESIAN_POINT('',(4.015,2.425,4.65));
#7601 = VECTOR('',#7602,1.);
#7602 = DIRECTION('',(0.,0.,1.));
#7603 = ORIENTED_EDGE('',*,*,#7604,.F.);
#7604 = EDGE_CURVE('',#7605,#7597,#7607,.T.);
#7605 = VERTEX_POINT('',#7606);
#7606 = CARTESIAN_POINT('',(4.39,2.425000000004,4.5));
#7607 = LINE('',#7608,#7609);
#7608 = CARTESIAN_POINT('',(1.9825,2.425000000004,4.5));
#7609 = VECTOR('',#7610,1.);
#7610 = DIRECTION('',(-1.,0.,0.));
#7611 = ORIENTED_EDGE('',*,*,#7612,.F.);
#7612 = EDGE_CURVE('',#7546,#7605,#7613,.T.);
#7613 = LINE('',#7614,#7615);
#7614 = CARTESIAN_POINT('',(4.39,2.425000000004,0.4));
#7615 = VECTOR('',#7616,1.);
#7616 = DIRECTION('',(0.,0.,1.));
#7617 = PLANE('',#7618);
#7618 = AXIS2_PLACEMENT_3D('',#7619,#7620,#7621);
#7619 = CARTESIAN_POINT('',(3.020709219858,2.425000000003,2.498226950355
    ));
#7620 = DIRECTION('',(7.037588615016E-16,1.,3.106341637161E-13));
#7621 = DIRECTION('',(0.,-3.106341637161E-13,1.));
#7622 = ADVANCED_FACE('',(#7623),#7634,.T.);
#7623 = FACE_BOUND('',#7624,.F.);
#7624 = EDGE_LOOP('',(#7625,#7626,#7627,#7628));
#7625 = ORIENTED_EDGE('',*,*,#7493,.T.);
#7626 = ORIENTED_EDGE('',*,*,#7527,.T.);
#7627 = ORIENTED_EDGE('',*,*,#7329,.F.);
#7628 = ORIENTED_EDGE('',*,*,#7629,.F.);
#7629 = EDGE_CURVE('',#7486,#7330,#7630,.T.);
#7630 = LINE('',#7631,#7632);
#7631 = CARTESIAN_POINT('',(4.32,2.175000000004,0.35));
#7632 = VECTOR('',#7633,1.);
#7633 = DIRECTION('',(-1.,0.,0.));
#7634 = CYLINDRICAL_SURFACE('',#7635,0.35);
#7635 = AXIS2_PLACEMENT_3D('',#7636,#7637,#7638);
#7636 = CARTESIAN_POINT('',(4.32,2.525000000004,0.35));
#7637 = DIRECTION('',(-1.,0.,0.));
#7638 = DIRECTION('',(0.,1.,-1.586032892322E-16));
#7639 = ADVANCED_FACE('',(#7640),#7658,.F.);
#7640 = FACE_BOUND('',#7641,.F.);
#7641 = EDGE_LOOP('',(#7642,#7643,#7651,#7657));
#7642 = ORIENTED_EDGE('',*,*,#7556,.T.);
#7643 = ORIENTED_EDGE('',*,*,#7644,.T.);
#7644 = EDGE_CURVE('',#7557,#7645,#7647,.T.);
#7645 = VERTEX_POINT('',#7646);
#7646 = CARTESIAN_POINT('',(1.64,2.175000000004,0.4));
#7647 = LINE('',#7648,#7649);
#7648 = CARTESIAN_POINT('',(1.64,2.425000000004,0.4));
#7649 = VECTOR('',#7650,1.);
#7650 = DIRECTION('',(0.,-1.,0.));
#7651 = ORIENTED_EDGE('',*,*,#7652,.T.);
#7652 = EDGE_CURVE('',#7645,#7339,#7653,.T.);
#7653 = LINE('',#7654,#7655);
#7654 = CARTESIAN_POINT('',(1.64,2.175000000004,0.4));
#7655 = VECTOR('',#7656,1.);
#7656 = DIRECTION('',(1.,0.,0.));
#7657 = ORIENTED_EDGE('',*,*,#7346,.T.);
#7658 = PLANE('',#7659);
#7659 = AXIS2_PLACEMENT_3D('',#7660,#7661,#7662);
#7660 = CARTESIAN_POINT('',(3.015,2.300000000004,0.4));
#7661 = DIRECTION('',(0.,0.,1.));
#7662 = DIRECTION('',(1.,0.,0.));
#7663 = ADVANCED_FACE('',(#7664),#7732,.T.);
#7664 = FACE_BOUND('',#7665,.T.);
#7665 = EDGE_LOOP('',(#7666,#7667,#7668,#7669,#7670,#7678,#7686,#7694,
    #7702,#7710,#7718,#7726));
#7666 = ORIENTED_EDGE('',*,*,#7652,.T.);
#7667 = ORIENTED_EDGE('',*,*,#7338,.T.);
#7668 = ORIENTED_EDGE('',*,*,#7629,.F.);
#7669 = ORIENTED_EDGE('',*,*,#7485,.F.);
#7670 = ORIENTED_EDGE('',*,*,#7671,.T.);
#7671 = EDGE_CURVE('',#7478,#7672,#7674,.T.);
#7672 = VERTEX_POINT('',#7673);
#7673 = CARTESIAN_POINT('',(4.39,2.175000000004,0.4));
#7674 = LINE('',#7675,#7676);
#7675 = CARTESIAN_POINT('',(1.64,2.175000000004,0.4));
#7676 = VECTOR('',#7677,1.);
#7677 = DIRECTION('',(1.,0.,0.));
#7678 = ORIENTED_EDGE('',*,*,#7679,.T.);
#7679 = EDGE_CURVE('',#7672,#7680,#7682,.T.);
#7680 = VERTEX_POINT('',#7681);
#7681 = CARTESIAN_POINT('',(4.39,2.175000000004,4.5));
#7682 = LINE('',#7683,#7684);
#7683 = CARTESIAN_POINT('',(4.39,2.175000000004,0.4));
#7684 = VECTOR('',#7685,1.);
#7685 = DIRECTION('',(0.,0.,1.));
#7686 = ORIENTED_EDGE('',*,*,#7687,.F.);
#7687 = EDGE_CURVE('',#7688,#7680,#7690,.T.);
#7688 = VERTEX_POINT('',#7689);
#7689 = CARTESIAN_POINT('',(4.015,2.175,4.5));
#7690 = LINE('',#7691,#7692);
#7691 = CARTESIAN_POINT('',(0.6075,2.175000000004,4.5));
#7692 = VECTOR('',#7693,1.);
#7693 = DIRECTION('',(1.,0.,0.));
#7694 = ORIENTED_EDGE('',*,*,#7695,.T.);
#7695 = EDGE_CURVE('',#7688,#7696,#7698,.T.);
#7696 = VERTEX_POINT('',#7697);
#7697 = CARTESIAN_POINT('',(4.015,2.175,4.65));
#7698 = LINE('',#7699,#7700);
#7699 = CARTESIAN_POINT('',(4.015,2.175,4.65));
#7700 = VECTOR('',#7701,1.);
#7701 = DIRECTION('',(0.,0.,1.));
#7702 = ORIENTED_EDGE('',*,*,#7703,.F.);
#7703 = EDGE_CURVE('',#7704,#7696,#7706,.T.);
#7704 = VERTEX_POINT('',#7705);
#7705 = CARTESIAN_POINT('',(2.015,2.175,4.65));
#7706 = LINE('',#7707,#7708);
#7707 = CARTESIAN_POINT('',(2.015,2.175,4.65));
#7708 = VECTOR('',#7709,1.);
#7709 = DIRECTION('',(1.,0.,0.));
#7710 = ORIENTED_EDGE('',*,*,#7711,.F.);
#7711 = EDGE_CURVE('',#7712,#7704,#7714,.T.);
#7712 = VERTEX_POINT('',#7713);
#7713 = CARTESIAN_POINT('',(2.015,2.175,4.5));
#7714 = LINE('',#7715,#7716);
#7715 = CARTESIAN_POINT('',(2.015,2.175,4.65));
#7716 = VECTOR('',#7717,1.);
#7717 = DIRECTION('',(0.,0.,1.));
#7718 = ORIENTED_EDGE('',*,*,#7719,.F.);
#7719 = EDGE_CURVE('',#7720,#7712,#7722,.T.);
#7720 = VERTEX_POINT('',#7721);
#7721 = CARTESIAN_POINT('',(1.64,2.175000000004,4.5));
#7722 = LINE('',#7723,#7724);
#7723 = CARTESIAN_POINT('',(0.6075,2.175000000004,4.5));
#7724 = VECTOR('',#7725,1.);
#7725 = DIRECTION('',(1.,0.,0.));
#7726 = ORIENTED_EDGE('',*,*,#7727,.F.);
#7727 = EDGE_CURVE('',#7645,#7720,#7728,.T.);
#7728 = LINE('',#7729,#7730);
#7729 = CARTESIAN_POINT('',(1.64,2.175000000004,0.4));
#7730 = VECTOR('',#7731,1.);
#7731 = DIRECTION('',(0.,0.,1.));
#7732 = PLANE('',#7733);
#7733 = AXIS2_PLACEMENT_3D('',#7734,#7735,#7736);
#7734 = CARTESIAN_POINT('',(3.020709219858,2.175000000003,2.498226950355
    ));
#7735 = DIRECTION('',(-7.040033920302E-16,-1.,-3.107420977549E-13));
#7736 = DIRECTION('',(0.,3.107420977549E-13,-1.));
#7737 = ADVANCED_FACE('',(#7738),#7749,.F.);
#7738 = FACE_BOUND('',#7739,.F.);
#7739 = EDGE_LOOP('',(#7740,#7741,#7742,#7743));
#7740 = ORIENTED_EDGE('',*,*,#7545,.T.);
#7741 = ORIENTED_EDGE('',*,*,#7477,.T.);
#7742 = ORIENTED_EDGE('',*,*,#7671,.T.);
#7743 = ORIENTED_EDGE('',*,*,#7744,.T.);
#7744 = EDGE_CURVE('',#7672,#7546,#7745,.T.);
#7745 = LINE('',#7746,#7747);
#7746 = CARTESIAN_POINT('',(4.39,2.175000000004,0.4));
#7747 = VECTOR('',#7748,1.);
#7748 = DIRECTION('',(0.,1.,0.));
#7749 = PLANE('',#7750);
#7750 = AXIS2_PLACEMENT_3D('',#7751,#7752,#7753);
#7751 = CARTESIAN_POINT('',(3.015,2.300000000004,0.4));
#7752 = DIRECTION('',(0.,0.,1.));
#7753 = DIRECTION('',(1.,0.,0.));
#7754 = ADVANCED_FACE('',(#7755),#7766,.F.);
#7755 = FACE_BOUND('',#7756,.F.);
#7756 = EDGE_LOOP('',(#7757,#7758,#7759,#7765));
#7757 = ORIENTED_EDGE('',*,*,#7644,.F.);
#7758 = ORIENTED_EDGE('',*,*,#7564,.T.);
#7759 = ORIENTED_EDGE('',*,*,#7760,.T.);
#7760 = EDGE_CURVE('',#7565,#7720,#7761,.T.);
#7761 = LINE('',#7762,#7763);
#7762 = CARTESIAN_POINT('',(1.64,1.212500000002,4.5));
#7763 = VECTOR('',#7764,1.);
#7764 = DIRECTION('',(0.,-1.,0.));
#7765 = ORIENTED_EDGE('',*,*,#7727,.F.);
#7766 = PLANE('',#7767);
#7767 = AXIS2_PLACEMENT_3D('',#7768,#7769,#7770);
#7768 = CARTESIAN_POINT('',(1.64,2.425000000004,0.4));
#7769 = DIRECTION('',(1.,0.,0.));
#7770 = DIRECTION('',(0.,-1.,0.));
#7771 = ADVANCED_FACE('',(#7772),#7783,.T.);
#7772 = FACE_BOUND('',#7773,.T.);
#7773 = EDGE_LOOP('',(#7774,#7780,#7781,#7782));
#7774 = ORIENTED_EDGE('',*,*,#7775,.F.);
#7775 = EDGE_CURVE('',#7573,#7712,#7776,.T.);
#7776 = LINE('',#7777,#7778);
#7777 = CARTESIAN_POINT('',(2.015,2.425,4.5));
#7778 = VECTOR('',#7779,1.);
#7779 = DIRECTION('',(0.,-1.,0.));
#7780 = ORIENTED_EDGE('',*,*,#7572,.T.);
#7781 = ORIENTED_EDGE('',*,*,#7760,.T.);
#7782 = ORIENTED_EDGE('',*,*,#7719,.T.);
#7783 = PLANE('',#7784);
#7784 = AXIS2_PLACEMENT_3D('',#7785,#7786,#7787);
#7785 = CARTESIAN_POINT('',(-0.425,-2.E-16,4.5));
#7786 = DIRECTION('',(0.,0.,1.));
#7787 = DIRECTION('',(1.,0.,0.));
#7788 = ADVANCED_FACE('',(#7789),#7902,.T.);
#7789 = FACE_BOUND('',#7790,.T.);
#7790 = EDGE_LOOP('',(#7791,#7792,#7793,#7794,#7803,#7811,#7820,#7828,
    #7837,#7845,#7853,#7861,#7870,#7878,#7887,#7895));
#7791 = ORIENTED_EDGE('',*,*,#7580,.F.);
#7792 = ORIENTED_EDGE('',*,*,#7775,.T.);
#7793 = ORIENTED_EDGE('',*,*,#7711,.T.);
#7794 = ORIENTED_EDGE('',*,*,#7795,.T.);
#7795 = EDGE_CURVE('',#7704,#7796,#7798,.T.);
#7796 = VERTEX_POINT('',#7797);
#7797 = CARTESIAN_POINT('',(2.015,2.075000000004,4.749999999996));
#7798 = CIRCLE('',#7799,9.999999999616E-02);
#7799 = AXIS2_PLACEMENT_3D('',#7800,#7801,#7802);
#7800 = CARTESIAN_POINT('',(2.015,2.075000000004,4.65));
#7801 = DIRECTION('',(1.,0.,0.));
#7802 = DIRECTION('',(0.,1.,0.));
#7803 = ORIENTED_EDGE('',*,*,#7804,.T.);
#7804 = EDGE_CURVE('',#7796,#7805,#7807,.T.);
#7805 = VERTEX_POINT('',#7806);
#7806 = CARTESIAN_POINT('',(2.015,0.5,4.749999999996));
#7807 = LINE('',#7808,#7809);
#7808 = CARTESIAN_POINT('',(2.015,0.5,4.749999999996));
#7809 = VECTOR('',#7810,1.);
#7810 = DIRECTION('',(0.,-1.,0.));
#7811 = ORIENTED_EDGE('',*,*,#7812,.T.);
#7812 = EDGE_CURVE('',#7805,#7813,#7815,.T.);
#7813 = VERTEX_POINT('',#7814);
#7814 = CARTESIAN_POINT('',(2.015,0.442642356367,4.568084795574));
#7815 = CIRCLE('',#7816,9.999999999616E-02);
#7816 = AXIS2_PLACEMENT_3D('',#7817,#7818,#7819);
#7817 = CARTESIAN_POINT('',(2.015,0.5,4.65));
#7818 = DIRECTION('',(1.,0.,0.));
#7819 = DIRECTION('',(0.,1.,0.));
#7820 = ORIENTED_EDGE('',*,*,#7821,.T.);
#7821 = EDGE_CURVE('',#7813,#7822,#7824,.T.);
#7822 = VERTEX_POINT('',#7823);
#7823 = CARTESIAN_POINT('',(2.015,1.500751752725,3.827188619994));
#7824 = LINE('',#7825,#7826);
#7825 = CARTESIAN_POINT('',(2.015,0.442642356367,4.568084795574));
#7826 = VECTOR('',#7827,1.);
#7827 = DIRECTION('',(0.,0.819152044289,-0.573576436351));
#7828 = ORIENTED_EDGE('',*,*,#7829,.T.);
#7829 = EDGE_CURVE('',#7822,#7830,#7832,.T.);
#7830 = VERTEX_POINT('',#7831);
#7831 = CARTESIAN_POINT('',(2.015,1.650000000004,3.54048540449));
#7832 = CIRCLE('',#7833,0.350000000004);
#7833 = AXIS2_PLACEMENT_3D('',#7834,#7835,#7836);
#7834 = CARTESIAN_POINT('',(2.015,1.3,3.54048540449));
#7835 = DIRECTION('',(-1.,0.,0.));
#7836 = DIRECTION('',(0.,1.,0.));
#7837 = ORIENTED_EDGE('',*,*,#7838,.T.);
#7838 = EDGE_CURVE('',#7830,#7839,#7841,.T.);
#7839 = VERTEX_POINT('',#7840);
#7840 = CARTESIAN_POINT('',(2.015,1.650000000004,1.75));
#7841 = LINE('',#7842,#7843);
#7842 = CARTESIAN_POINT('',(2.015,1.650000000004,3.54048540449));
#7843 = VECTOR('',#7844,1.);
#7844 = DIRECTION('',(0.,0.,-1.));
#7845 = ORIENTED_EDGE('',*,*,#7846,.F.);
#7846 = EDGE_CURVE('',#7847,#7839,#7849,.T.);
#7847 = VERTEX_POINT('',#7848);
#7848 = CARTESIAN_POINT('',(2.015,1.400000000004,1.75));
#7849 = LINE('',#7850,#7851);
#7850 = CARTESIAN_POINT('',(2.015,1.400000000004,1.75));
#7851 = VECTOR('',#7852,1.);
#7852 = DIRECTION('',(0.,1.,-1.125E-14));
#7853 = ORIENTED_EDGE('',*,*,#7854,.F.);
#7854 = EDGE_CURVE('',#7855,#7847,#7857,.T.);
#7855 = VERTEX_POINT('',#7856);
#7856 = CARTESIAN_POINT('',(2.015,1.400000000004,3.54048540449));
#7857 = LINE('',#7858,#7859);
#7858 = CARTESIAN_POINT('',(2.015,1.400000000004,3.54048540449));
#7859 = VECTOR('',#7860,1.);
#7860 = DIRECTION('',(-0.,-0.,-1.));
#7861 = ORIENTED_EDGE('',*,*,#7862,.F.);
#7862 = EDGE_CURVE('',#7863,#7855,#7865,.T.);
#7863 = VERTEX_POINT('',#7864);
#7864 = CARTESIAN_POINT('',(2.015,1.357357643637,3.622400608922));
#7865 = CIRCLE('',#7866,0.100000000004);
#7866 = AXIS2_PLACEMENT_3D('',#7867,#7868,#7869);
#7867 = CARTESIAN_POINT('',(2.015,1.3,3.54048540449));
#7868 = DIRECTION('',(-1.,0.,0.));
#7869 = DIRECTION('',(0.,1.,0.));
#7870 = ORIENTED_EDGE('',*,*,#7871,.F.);
#7871 = EDGE_CURVE('',#7872,#7863,#7874,.T.);
#7872 = VERTEX_POINT('',#7873);
#7873 = CARTESIAN_POINT('',(2.015,0.299248247279,4.363296784502));
#7874 = LINE('',#7875,#7876);
#7875 = CARTESIAN_POINT('',(2.015,0.299248247279,4.363296784502));
#7876 = VECTOR('',#7877,1.);
#7877 = DIRECTION('',(0.,0.819152044289,-0.573576436351));
#7878 = ORIENTED_EDGE('',*,*,#7879,.F.);
#7879 = EDGE_CURVE('',#7880,#7872,#7882,.T.);
#7880 = VERTEX_POINT('',#7881);
#7881 = CARTESIAN_POINT('',(2.015,0.5,4.999999999996));
#7882 = CIRCLE('',#7883,0.349999999996);
#7883 = AXIS2_PLACEMENT_3D('',#7884,#7885,#7886);
#7884 = CARTESIAN_POINT('',(2.015,0.5,4.65));
#7885 = DIRECTION('',(1.,0.,0.));
#7886 = DIRECTION('',(0.,1.,0.));
#7887 = ORIENTED_EDGE('',*,*,#7888,.F.);
#7888 = EDGE_CURVE('',#7889,#7880,#7891,.T.);
#7889 = VERTEX_POINT('',#7890);
#7890 = CARTESIAN_POINT('',(2.015,2.075000000004,4.999999999996));
#7891 = LINE('',#7892,#7893);
#7892 = CARTESIAN_POINT('',(2.015,0.5,4.999999999996));
#7893 = VECTOR('',#7894,1.);
#7894 = DIRECTION('',(0.,-1.,0.));
#7895 = ORIENTED_EDGE('',*,*,#7896,.F.);
#7896 = EDGE_CURVE('',#7581,#7889,#7897,.T.);
#7897 = CIRCLE('',#7898,0.349999999996);
#7898 = AXIS2_PLACEMENT_3D('',#7899,#7900,#7901);
#7899 = CARTESIAN_POINT('',(2.015,2.075000000004,4.65));
#7900 = DIRECTION('',(1.,0.,0.));
#7901 = DIRECTION('',(0.,1.,0.));
#7902 = PLANE('',#7903);
#7903 = AXIS2_PLACEMENT_3D('',#7904,#7905,#7906);
#7904 = CARTESIAN_POINT('',(2.015,1.300950577928,3.9282612265));
#7905 = DIRECTION('',(-1.,-0.,-0.));
#7906 = DIRECTION('',(0.,0.,-1.));
#7907 = ADVANCED_FACE('',(#7908),#7927,.T.);
#7908 = FACE_BOUND('',#7909,.F.);
#7909 = EDGE_LOOP('',(#7910,#7919,#7925,#7926));
#7910 = ORIENTED_EDGE('',*,*,#7911,.T.);
#7911 = EDGE_CURVE('',#7589,#7912,#7914,.T.);
#7912 = VERTEX_POINT('',#7913);
#7913 = CARTESIAN_POINT('',(4.015,2.075000000004,4.999999999996));
#7914 = CIRCLE('',#7915,0.349999999996);
#7915 = AXIS2_PLACEMENT_3D('',#7916,#7917,#7918);
#7916 = CARTESIAN_POINT('',(4.015,2.075000000004,4.65));
#7917 = DIRECTION('',(1.,0.,0.));
#7918 = DIRECTION('',(0.,1.,0.));
#7919 = ORIENTED_EDGE('',*,*,#7920,.T.);
#7920 = EDGE_CURVE('',#7912,#7889,#7921,.T.);
#7921 = LINE('',#7922,#7923);
#7922 = CARTESIAN_POINT('',(4.015,2.075000000004,4.999999999996));
#7923 = VECTOR('',#7924,1.);
#7924 = DIRECTION('',(-1.,0.,0.));
#7925 = ORIENTED_EDGE('',*,*,#7896,.F.);
#7926 = ORIENTED_EDGE('',*,*,#7588,.F.);
#7927 = CYLINDRICAL_SURFACE('',#7928,0.349999999996);
#7928 = AXIS2_PLACEMENT_3D('',#7929,#7930,#7931);
#7929 = CARTESIAN_POINT('',(4.015,2.075000000004,4.65));
#7930 = DIRECTION('',(-1.,0.,0.));
#7931 = DIRECTION('',(0.,1.,0.));
#7932 = ADVANCED_FACE('',(#7933),#8043,.T.);
#7933 = FACE_BOUND('',#7934,.T.);
#7934 = EDGE_LOOP('',(#7935,#7936,#7942,#7943,#7944,#7952,#7961,#7969,
    #7978,#7986,#7994,#8002,#8011,#8019,#8028,#8036));
#7935 = ORIENTED_EDGE('',*,*,#7695,.F.);
#7936 = ORIENTED_EDGE('',*,*,#7937,.T.);
#7937 = EDGE_CURVE('',#7688,#7597,#7938,.T.);
#7938 = LINE('',#7939,#7940);
#7939 = CARTESIAN_POINT('',(4.015,2.175,4.5));
#7940 = VECTOR('',#7941,1.);
#7941 = DIRECTION('',(0.,1.,0.));
#7942 = ORIENTED_EDGE('',*,*,#7596,.T.);
#7943 = ORIENTED_EDGE('',*,*,#7911,.T.);
#7944 = ORIENTED_EDGE('',*,*,#7945,.T.);
#7945 = EDGE_CURVE('',#7912,#7946,#7948,.T.);
#7946 = VERTEX_POINT('',#7947);
#7947 = CARTESIAN_POINT('',(4.015,0.5,4.999999999996));
#7948 = LINE('',#7949,#7950);
#7949 = CARTESIAN_POINT('',(4.015,0.5,4.999999999996));
#7950 = VECTOR('',#7951,1.);
#7951 = DIRECTION('',(0.,-1.,-3.8E-16));
#7952 = ORIENTED_EDGE('',*,*,#7953,.T.);
#7953 = EDGE_CURVE('',#7946,#7954,#7956,.T.);
#7954 = VERTEX_POINT('',#7955);
#7955 = CARTESIAN_POINT('',(4.015,0.299248247279,4.363296784502));
#7956 = CIRCLE('',#7957,0.349999999996);
#7957 = AXIS2_PLACEMENT_3D('',#7958,#7959,#7960);
#7958 = CARTESIAN_POINT('',(4.015,0.5,4.65));
#7959 = DIRECTION('',(1.,0.,0.));
#7960 = DIRECTION('',(0.,1.,0.));
#7961 = ORIENTED_EDGE('',*,*,#7962,.T.);
#7962 = EDGE_CURVE('',#7954,#7963,#7965,.T.);
#7963 = VERTEX_POINT('',#7964);
#7964 = CARTESIAN_POINT('',(4.015,1.357357643637,3.622400608922));
#7965 = LINE('',#7966,#7967);
#7966 = CARTESIAN_POINT('',(4.015,0.299248247279,4.363296784502));
#7967 = VECTOR('',#7968,1.);
#7968 = DIRECTION('',(0.,0.819152044289,-0.573576436351));
#7969 = ORIENTED_EDGE('',*,*,#7970,.T.);
#7970 = EDGE_CURVE('',#7963,#7971,#7973,.T.);
#7971 = VERTEX_POINT('',#7972);
#7972 = CARTESIAN_POINT('',(4.015,1.400000000004,3.54048540449));
#7973 = CIRCLE('',#7974,0.100000000004);
#7974 = AXIS2_PLACEMENT_3D('',#7975,#7976,#7977);
#7975 = CARTESIAN_POINT('',(4.015,1.3,3.54048540449));
#7976 = DIRECTION('',(-1.,0.,0.));
#7977 = DIRECTION('',(0.,1.,0.));
#7978 = ORIENTED_EDGE('',*,*,#7979,.T.);
#7979 = EDGE_CURVE('',#7971,#7980,#7982,.T.);
#7980 = VERTEX_POINT('',#7981);
#7981 = CARTESIAN_POINT('',(4.015,1.400000000004,1.75));
#7982 = LINE('',#7983,#7984);
#7983 = CARTESIAN_POINT('',(4.015,1.400000000004,3.54048540449));
#7984 = VECTOR('',#7985,1.);
#7985 = DIRECTION('',(0.,-1.125E-14,-1.));
#7986 = ORIENTED_EDGE('',*,*,#7987,.F.);
#7987 = EDGE_CURVE('',#7988,#7980,#7990,.T.);
#7988 = VERTEX_POINT('',#7989);
#7989 = CARTESIAN_POINT('',(4.015,1.650000000004,1.75));
#7990 = LINE('',#7991,#7992);
#7991 = CARTESIAN_POINT('',(4.015,1.650000000004,1.75));
#7992 = VECTOR('',#7993,1.);
#7993 = DIRECTION('',(0.,-1.,1.125E-14));
#7994 = ORIENTED_EDGE('',*,*,#7995,.F.);
#7995 = EDGE_CURVE('',#7996,#7988,#7998,.T.);
#7996 = VERTEX_POINT('',#7997);
#7997 = CARTESIAN_POINT('',(4.015,1.650000000004,3.54048540449));
#7998 = LINE('',#7999,#8000);
#7999 = CARTESIAN_POINT('',(4.015,1.650000000004,3.54048540449));
#8000 = VECTOR('',#8001,1.);
#8001 = DIRECTION('',(0.,0.,-1.));
#8002 = ORIENTED_EDGE('',*,*,#8003,.F.);
#8003 = EDGE_CURVE('',#8004,#7996,#8006,.T.);
#8004 = VERTEX_POINT('',#8005);
#8005 = CARTESIAN_POINT('',(4.015,1.500751752725,3.827188619994));
#8006 = CIRCLE('',#8007,0.350000000004);
#8007 = AXIS2_PLACEMENT_3D('',#8008,#8009,#8010);
#8008 = CARTESIAN_POINT('',(4.015,1.3,3.54048540449));
#8009 = DIRECTION('',(-1.,0.,0.));
#8010 = DIRECTION('',(0.,1.,0.));
#8011 = ORIENTED_EDGE('',*,*,#8012,.F.);
#8012 = EDGE_CURVE('',#8013,#8004,#8015,.T.);
#8013 = VERTEX_POINT('',#8014);
#8014 = CARTESIAN_POINT('',(4.015,0.442642356367,4.568084795574));
#8015 = LINE('',#8016,#8017);
#8016 = CARTESIAN_POINT('',(4.015,0.442642356367,4.568084795574));
#8017 = VECTOR('',#8018,1.);
#8018 = DIRECTION('',(0.,0.819152044289,-0.573576436351));
#8019 = ORIENTED_EDGE('',*,*,#8020,.F.);
#8020 = EDGE_CURVE('',#8021,#8013,#8023,.T.);
#8021 = VERTEX_POINT('',#8022);
#8022 = CARTESIAN_POINT('',(4.015,0.5,4.749999999996));
#8023 = CIRCLE('',#8024,9.999999999616E-02);
#8024 = AXIS2_PLACEMENT_3D('',#8025,#8026,#8027);
#8025 = CARTESIAN_POINT('',(4.015,0.5,4.65));
#8026 = DIRECTION('',(1.,0.,0.));
#8027 = DIRECTION('',(0.,1.,0.));
#8028 = ORIENTED_EDGE('',*,*,#8029,.F.);
#8029 = EDGE_CURVE('',#8030,#8021,#8032,.T.);
#8030 = VERTEX_POINT('',#8031);
#8031 = CARTESIAN_POINT('',(4.015,2.075000000004,4.749999999996));
#8032 = LINE('',#8033,#8034);
#8033 = CARTESIAN_POINT('',(4.015,0.5,4.749999999996));
#8034 = VECTOR('',#8035,1.);
#8035 = DIRECTION('',(0.,-1.,0.));
#8036 = ORIENTED_EDGE('',*,*,#8037,.F.);
#8037 = EDGE_CURVE('',#7696,#8030,#8038,.T.);
#8038 = CIRCLE('',#8039,9.999999999616E-02);
#8039 = AXIS2_PLACEMENT_3D('',#8040,#8041,#8042);
#8040 = CARTESIAN_POINT('',(4.015,2.075000000004,4.65));
#8041 = DIRECTION('',(1.,0.,0.));
#8042 = DIRECTION('',(0.,1.,0.));
#8043 = PLANE('',#8044);
#8044 = AXIS2_PLACEMENT_3D('',#8045,#8046,#8047);
#8045 = CARTESIAN_POINT('',(4.015,1.300950577928,3.9282612265));
#8046 = DIRECTION('',(1.,0.,0.));
#8047 = DIRECTION('',(0.,0.,1.));
#8048 = ADVANCED_FACE('',(#8049),#8060,.T.);
#8049 = FACE_BOUND('',#8050,.T.);
#8050 = EDGE_LOOP('',(#8051,#8057,#8058,#8059));
#8051 = ORIENTED_EDGE('',*,*,#8052,.T.);
#8052 = EDGE_CURVE('',#7680,#7605,#8053,.T.);
#8053 = LINE('',#8054,#8055);
#8054 = CARTESIAN_POINT('',(4.39,1.087500000002,4.5));
#8055 = VECTOR('',#8056,1.);
#8056 = DIRECTION('',(0.,1.,0.));
#8057 = ORIENTED_EDGE('',*,*,#7604,.T.);
#8058 = ORIENTED_EDGE('',*,*,#7937,.F.);
#8059 = ORIENTED_EDGE('',*,*,#7687,.T.);
#8060 = PLANE('',#8061);
#8061 = AXIS2_PLACEMENT_3D('',#8062,#8063,#8064);
#8062 = CARTESIAN_POINT('',(-0.425,-2.E-16,4.5));
#8063 = DIRECTION('',(0.,0.,1.));
#8064 = DIRECTION('',(1.,0.,0.));
#8065 = ADVANCED_FACE('',(#8066),#8072,.F.);
#8066 = FACE_BOUND('',#8067,.F.);
#8067 = EDGE_LOOP('',(#8068,#8069,#8070,#8071));
#8068 = ORIENTED_EDGE('',*,*,#7744,.F.);
#8069 = ORIENTED_EDGE('',*,*,#7679,.T.);
#8070 = ORIENTED_EDGE('',*,*,#8052,.T.);
#8071 = ORIENTED_EDGE('',*,*,#7612,.F.);
#8072 = PLANE('',#8073);
#8073 = AXIS2_PLACEMENT_3D('',#8074,#8075,#8076);
#8074 = CARTESIAN_POINT('',(4.39,2.175000000004,0.4));
#8075 = DIRECTION('',(-1.,0.,0.));
#8076 = DIRECTION('',(0.,1.,0.));
#8077 = ADVANCED_FACE('',(#8078),#8089,.F.);
#8078 = FACE_BOUND('',#8079,.F.);
#8079 = EDGE_LOOP('',(#8080,#8081,#8087,#8088));
#8080 = ORIENTED_EDGE('',*,*,#7795,.T.);
#8081 = ORIENTED_EDGE('',*,*,#8082,.T.);
#8082 = EDGE_CURVE('',#7796,#8030,#8083,.T.);
#8083 = LINE('',#8084,#8085);
#8084 = CARTESIAN_POINT('',(2.015,2.075000000004,4.749999999996));
#8085 = VECTOR('',#8086,1.);
#8086 = DIRECTION('',(1.,0.,0.));
#8087 = ORIENTED_EDGE('',*,*,#8037,.F.);
#8088 = ORIENTED_EDGE('',*,*,#7703,.F.);
#8089 = CYLINDRICAL_SURFACE('',#8090,9.999999999616E-02);
#8090 = AXIS2_PLACEMENT_3D('',#8091,#8092,#8093);
#8091 = CARTESIAN_POINT('',(2.015,2.075000000004,4.65));
#8092 = DIRECTION('',(1.,0.,0.));
#8093 = DIRECTION('',(0.,1.,0.));
#8094 = ADVANCED_FACE('',(#8095),#8106,.T.);
#8095 = FACE_BOUND('',#8096,.T.);
#8096 = EDGE_LOOP('',(#8097,#8098,#8099,#8100));
#8097 = ORIENTED_EDGE('',*,*,#7804,.F.);
#8098 = ORIENTED_EDGE('',*,*,#8082,.T.);
#8099 = ORIENTED_EDGE('',*,*,#8029,.T.);
#8100 = ORIENTED_EDGE('',*,*,#8101,.F.);
#8101 = EDGE_CURVE('',#7805,#8021,#8102,.T.);
#8102 = LINE('',#8103,#8104);
#8103 = CARTESIAN_POINT('',(2.015,0.5,4.749999999996));
#8104 = VECTOR('',#8105,1.);
#8105 = DIRECTION('',(1.,0.,0.));
#8106 = PLANE('',#8107);
#8107 = AXIS2_PLACEMENT_3D('',#8108,#8109,#8110);
#8108 = CARTESIAN_POINT('',(2.015,0.5,4.749999999996));
#8109 = DIRECTION('',(0.,0.,-1.));
#8110 = DIRECTION('',(1.,0.,0.));
#8111 = ADVANCED_FACE('',(#8112),#8123,.F.);
#8112 = FACE_BOUND('',#8113,.F.);
#8113 = EDGE_LOOP('',(#8114,#8115,#8121,#8122));
#8114 = ORIENTED_EDGE('',*,*,#7812,.T.);
#8115 = ORIENTED_EDGE('',*,*,#8116,.T.);
#8116 = EDGE_CURVE('',#7813,#8013,#8117,.T.);
#8117 = LINE('',#8118,#8119);
#8118 = CARTESIAN_POINT('',(2.015,0.442642356367,4.568084795574));
#8119 = VECTOR('',#8120,1.);
#8120 = DIRECTION('',(1.,0.,0.));
#8121 = ORIENTED_EDGE('',*,*,#8020,.F.);
#8122 = ORIENTED_EDGE('',*,*,#8101,.F.);
#8123 = CYLINDRICAL_SURFACE('',#8124,9.999999999616E-02);
#8124 = AXIS2_PLACEMENT_3D('',#8125,#8126,#8127);
#8125 = CARTESIAN_POINT('',(2.015,0.5,4.65));
#8126 = DIRECTION('',(1.,0.,0.));
#8127 = DIRECTION('',(0.,1.,0.));
#8128 = ADVANCED_FACE('',(#8129),#8140,.T.);
#8129 = FACE_BOUND('',#8130,.T.);
#8130 = EDGE_LOOP('',(#8131,#8132,#8133,#8134));
#8131 = ORIENTED_EDGE('',*,*,#7821,.F.);
#8132 = ORIENTED_EDGE('',*,*,#8116,.T.);
#8133 = ORIENTED_EDGE('',*,*,#8012,.T.);
#8134 = ORIENTED_EDGE('',*,*,#8135,.F.);
#8135 = EDGE_CURVE('',#7822,#8004,#8136,.T.);
#8136 = LINE('',#8137,#8138);
#8137 = CARTESIAN_POINT('',(2.015,1.500751752725,3.827188619994));
#8138 = VECTOR('',#8139,1.);
#8139 = DIRECTION('',(1.,0.,0.));
#8140 = PLANE('',#8141);
#8141 = AXIS2_PLACEMENT_3D('',#8142,#8143,#8144);
#8142 = CARTESIAN_POINT('',(2.015,0.442642356367,4.568084795574));
#8143 = DIRECTION('',(0.,0.573576436351,0.819152044289));
#8144 = DIRECTION('',(1.,0.,0.));
#8145 = ADVANCED_FACE('',(#8146),#8157,.T.);
#8146 = FACE_BOUND('',#8147,.F.);
#8147 = EDGE_LOOP('',(#8148,#8149,#8155,#8156));
#8148 = ORIENTED_EDGE('',*,*,#7829,.T.);
#8149 = ORIENTED_EDGE('',*,*,#8150,.T.);
#8150 = EDGE_CURVE('',#7830,#7996,#8151,.T.);
#8151 = LINE('',#8152,#8153);
#8152 = CARTESIAN_POINT('',(2.015,1.650000000004,3.54048540449));
#8153 = VECTOR('',#8154,1.);
#8154 = DIRECTION('',(1.,0.,0.));
#8155 = ORIENTED_EDGE('',*,*,#8003,.F.);
#8156 = ORIENTED_EDGE('',*,*,#8135,.F.);
#8157 = CYLINDRICAL_SURFACE('',#8158,0.350000000004);
#8158 = AXIS2_PLACEMENT_3D('',#8159,#8160,#8161);
#8159 = CARTESIAN_POINT('',(2.015,1.3,3.54048540449));
#8160 = DIRECTION('',(1.,0.,0.));
#8161 = DIRECTION('',(0.,1.,0.));
#8162 = ADVANCED_FACE('',(#8163),#8174,.T.);
#8163 = FACE_BOUND('',#8164,.T.);
#8164 = EDGE_LOOP('',(#8165,#8166,#8167,#8168));
#8165 = ORIENTED_EDGE('',*,*,#7838,.F.);
#8166 = ORIENTED_EDGE('',*,*,#8150,.T.);
#8167 = ORIENTED_EDGE('',*,*,#7995,.T.);
#8168 = ORIENTED_EDGE('',*,*,#8169,.F.);
#8169 = EDGE_CURVE('',#7839,#7988,#8170,.T.);
#8170 = LINE('',#8171,#8172);
#8171 = CARTESIAN_POINT('',(2.015,1.650000000004,1.75));
#8172 = VECTOR('',#8173,1.);
#8173 = DIRECTION('',(1.,0.,0.));
#8174 = PLANE('',#8175);
#8175 = AXIS2_PLACEMENT_3D('',#8176,#8177,#8178);
#8176 = CARTESIAN_POINT('',(2.015,1.650000000004,3.54048540449));
#8177 = DIRECTION('',(0.,1.,0.));
#8178 = DIRECTION('',(1.,0.,0.));
#8179 = ADVANCED_FACE('',(#8180),#8191,.T.);
#8180 = FACE_BOUND('',#8181,.T.);
#8181 = EDGE_LOOP('',(#8182,#8183,#8184,#8190));
#8182 = ORIENTED_EDGE('',*,*,#8169,.T.);
#8183 = ORIENTED_EDGE('',*,*,#7987,.T.);
#8184 = ORIENTED_EDGE('',*,*,#8185,.T.);
#8185 = EDGE_CURVE('',#7980,#7847,#8186,.T.);
#8186 = LINE('',#8187,#8188);
#8187 = CARTESIAN_POINT('',(4.015,1.400000000004,1.75));
#8188 = VECTOR('',#8189,1.);
#8189 = DIRECTION('',(-1.,0.,0.));
#8190 = ORIENTED_EDGE('',*,*,#7846,.T.);
#8191 = PLANE('',#8192);
#8192 = AXIS2_PLACEMENT_3D('',#8193,#8194,#8195);
#8193 = CARTESIAN_POINT('',(3.015,1.525000000004,1.75));
#8194 = DIRECTION('',(-0.,-1.155E-14,-1.));
#8195 = DIRECTION('',(0.,-1.,1.155E-14));
#8196 = ADVANCED_FACE('',(#8197),#8208,.T.);
#8197 = FACE_BOUND('',#8198,.T.);
#8198 = EDGE_LOOP('',(#8199,#8200,#8206,#8207));
#8199 = ORIENTED_EDGE('',*,*,#7979,.F.);
#8200 = ORIENTED_EDGE('',*,*,#8201,.T.);
#8201 = EDGE_CURVE('',#7971,#7855,#8202,.T.);
#8202 = LINE('',#8203,#8204);
#8203 = CARTESIAN_POINT('',(4.015,1.400000000004,3.54048540449));
#8204 = VECTOR('',#8205,1.);
#8205 = DIRECTION('',(-1.,0.,0.));
#8206 = ORIENTED_EDGE('',*,*,#7854,.T.);
#8207 = ORIENTED_EDGE('',*,*,#8185,.F.);
#8208 = PLANE('',#8209);
#8209 = AXIS2_PLACEMENT_3D('',#8210,#8211,#8212);
#8210 = CARTESIAN_POINT('',(4.015,1.400000000004,3.54048540449));
#8211 = DIRECTION('',(0.,-1.,0.));
#8212 = DIRECTION('',(-1.,0.,0.));
#8213 = ADVANCED_FACE('',(#8214),#8225,.F.);
#8214 = FACE_BOUND('',#8215,.F.);
#8215 = EDGE_LOOP('',(#8216,#8217,#8218,#8219));
#8216 = ORIENTED_EDGE('',*,*,#7970,.T.);
#8217 = ORIENTED_EDGE('',*,*,#8201,.T.);
#8218 = ORIENTED_EDGE('',*,*,#7862,.F.);
#8219 = ORIENTED_EDGE('',*,*,#8220,.F.);
#8220 = EDGE_CURVE('',#7963,#7863,#8221,.T.);
#8221 = LINE('',#8222,#8223);
#8222 = CARTESIAN_POINT('',(4.015,1.357357643637,3.622400608922));
#8223 = VECTOR('',#8224,1.);
#8224 = DIRECTION('',(-1.,0.,0.));
#8225 = CYLINDRICAL_SURFACE('',#8226,0.100000000004);
#8226 = AXIS2_PLACEMENT_3D('',#8227,#8228,#8229);
#8227 = CARTESIAN_POINT('',(4.015,1.3,3.54048540449));
#8228 = DIRECTION('',(-1.,0.,0.));
#8229 = DIRECTION('',(0.,1.,0.));
#8230 = ADVANCED_FACE('',(#8231),#8242,.T.);
#8231 = FACE_BOUND('',#8232,.T.);
#8232 = EDGE_LOOP('',(#8233,#8234,#8240,#8241));
#8233 = ORIENTED_EDGE('',*,*,#7962,.F.);
#8234 = ORIENTED_EDGE('',*,*,#8235,.T.);
#8235 = EDGE_CURVE('',#7954,#7872,#8236,.T.);
#8236 = LINE('',#8237,#8238);
#8237 = CARTESIAN_POINT('',(4.015,0.299248247279,4.363296784502));
#8238 = VECTOR('',#8239,1.);
#8239 = DIRECTION('',(-1.,0.,0.));
#8240 = ORIENTED_EDGE('',*,*,#7871,.T.);
#8241 = ORIENTED_EDGE('',*,*,#8220,.F.);
#8242 = PLANE('',#8243);
#8243 = AXIS2_PLACEMENT_3D('',#8244,#8245,#8246);
#8244 = CARTESIAN_POINT('',(4.015,0.299248247279,4.363296784502));
#8245 = DIRECTION('',(0.,-0.573576436351,-0.819152044289));
#8246 = DIRECTION('',(-1.,0.,0.));
#8247 = ADVANCED_FACE('',(#8248),#8259,.T.);
#8248 = FACE_BOUND('',#8249,.F.);
#8249 = EDGE_LOOP('',(#8250,#8251,#8252,#8253));
#8250 = ORIENTED_EDGE('',*,*,#7953,.T.);
#8251 = ORIENTED_EDGE('',*,*,#8235,.T.);
#8252 = ORIENTED_EDGE('',*,*,#7879,.F.);
#8253 = ORIENTED_EDGE('',*,*,#8254,.F.);
#8254 = EDGE_CURVE('',#7946,#7880,#8255,.T.);
#8255 = LINE('',#8256,#8257);
#8256 = CARTESIAN_POINT('',(4.015,0.5,4.999999999996));
#8257 = VECTOR('',#8258,1.);
#8258 = DIRECTION('',(-1.,0.,0.));
#8259 = CYLINDRICAL_SURFACE('',#8260,0.349999999996);
#8260 = AXIS2_PLACEMENT_3D('',#8261,#8262,#8263);
#8261 = CARTESIAN_POINT('',(4.015,0.5,4.65));
#8262 = DIRECTION('',(-1.,0.,0.));
#8263 = DIRECTION('',(0.,1.,0.));
#8264 = ADVANCED_FACE('',(#8265),#8271,.T.);
#8265 = FACE_BOUND('',#8266,.T.);
#8266 = EDGE_LOOP('',(#8267,#8268,#8269,#8270));
#8267 = ORIENTED_EDGE('',*,*,#7945,.F.);
#8268 = ORIENTED_EDGE('',*,*,#7920,.T.);
#8269 = ORIENTED_EDGE('',*,*,#7888,.T.);
#8270 = ORIENTED_EDGE('',*,*,#8254,.F.);
#8271 = PLANE('',#8272);
#8272 = AXIS2_PLACEMENT_3D('',#8273,#8274,#8275);
#8273 = CARTESIAN_POINT('',(4.015,0.5,4.999999999996));
#8274 = DIRECTION('',(0.,0.,1.));
#8275 = DIRECTION('',(-1.,0.,0.));
#8276 = ( GEOMETRIC_REPRESENTATION_CONTEXT(3) 
GLOBAL_UNCERTAINTY_ASSIGNED_CONTEXT((#8280)) 
GLOBAL_UNIT_ASSIGNED_CONTEXT((#8277,#8278,#8279)) REPRESENTATION_CONTEXT
('Context #1','3D Context with UNIT and UNCERTAINTY') );
#8277 = ( LENGTH_UNIT() NAMED_UNIT(*) SI_UNIT(.MILLI.,.METRE.) );
#8278 = ( NAMED_UNIT(*) PLANE_ANGLE_UNIT() SI_UNIT($,.RADIAN.) );
#8279 = ( NAMED_UNIT(*) SI_UNIT($,.STERADIAN.) SOLID_ANGLE_UNIT() );
#8280 = UNCERTAINTY_MEASURE_WITH_UNIT(LENGTH_MEASURE(2.E-07),#8277,
  'distance_accuracy_value','confusion accuracy');
#8281 = CONTEXT_DEPENDENT_SHAPE_REPRESENTATION(#8282,#8284);
#8282 = ( REPRESENTATION_RELATIONSHIP('','',#7247,#3388) 
REPRESENTATION_RELATIONSHIP_WITH_TRANSFORMATION(#8283) 
SHAPE_REPRESENTATION_RELATIONSHIP() );
#8283 = ITEM_DEFINED_TRANSFORMATION('','',#11,#3401);
#8284 = PRODUCT_DEFINITION_SHAPE('Placement','Placement of an item',
  #8285);
#8285 = NEXT_ASSEMBLY_USAGE_OCCURRENCE('35','Ring2','',#3383,#7242,$);
#8286 = PRODUCT_RELATED_PRODUCT_CATEGORY('part',$,(#7244));
#8287 = MECHANICAL_DESIGN_GEOMETRIC_PRESENTATION_REPRESENTATION('',(
    #8288),#3370);
#8288 = STYLED_ITEM('color',(#8289),#37);
#8289 = PRESENTATION_STYLE_ASSIGNMENT((#8290,#8296));
#8290 = SURFACE_STYLE_USAGE(.BOTH.,#8291);
#8291 = SURFACE_SIDE_STYLE('',(#8292));
#8292 = SURFACE_STYLE_FILL_AREA(#8293);
#8293 = FILL_AREA_STYLE('',(#8294));
#8294 = FILL_AREA_STYLE_COLOUR('',#8295);
#8295 = COLOUR_RGB('',0.184313727102,0.184313727102,0.192156865571);
#8296 = CURVE_STYLE('',#8297,POSITIVE_LENGTH_MEASURE(0.1),#8298);
#8297 = DRAUGHTING_PRE_DEFINED_CURVE_FONT('continuous');
#8298 = COLOUR_RGB('',9.803921802644E-02,9.803921802644E-02,
  9.803921802644E-02);
#8299 = MECHANICAL_DESIGN_GEOMETRIC_PRESENTATION_REPRESENTATION('',(
    #8300),#5135);
#8300 = STYLED_ITEM('color',(#8301),#3424);
#8301 = PRESENTATION_STYLE_ASSIGNMENT((#8302,#8308));
#8302 = SURFACE_STYLE_USAGE(.BOTH.,#8303);
#8303 = SURFACE_SIDE_STYLE('',(#8304));
#8304 = SURFACE_STYLE_FILL_AREA(#8305);
#8305 = FILL_AREA_STYLE('',(#8306));
#8306 = FILL_AREA_STYLE_COLOUR('',#8307);
#8307 = COLOUR_RGB('',0.827450977613,0.823529417451,0.784313732475);
#8308 = CURVE_STYLE('',#8309,POSITIVE_LENGTH_MEASURE(0.1),#8298);
#8309 = DRAUGHTING_PRE_DEFINED_CURVE_FONT('continuous');
#8310 = MECHANICAL_DESIGN_GEOMETRIC_PRESENTATION_REPRESENTATION('',(
    #8311),#7229);
#8311 = STYLED_ITEM('color',(#8312),#6201);
#8312 = PRESENTATION_STYLE_ASSIGNMENT((#8313,#8318));
#8313 = SURFACE_STYLE_USAGE(.BOTH.,#8314);
#8314 = SURFACE_SIDE_STYLE('',(#8315));
#8315 = SURFACE_STYLE_FILL_AREA(#8316);
#8316 = FILL_AREA_STYLE('',(#8317));
#8317 = FILL_AREA_STYLE_COLOUR('',#8307);
#8318 = CURVE_STYLE('',#8319,POSITIVE_LENGTH_MEASURE(0.1),#8298);
#8319 = DRAUGHTING_PRE_DEFINED_CURVE_FONT('continuous');
#8320 = MECHANICAL_DESIGN_GEOMETRIC_PRESENTATION_REPRESENTATION('',(
    #8321),#8276);
#8321 = STYLED_ITEM('color',(#8322),#7248);
#8322 = PRESENTATION_STYLE_ASSIGNMENT((#8323,#8328));
#8323 = SURFACE_STYLE_USAGE(.BOTH.,#8324);
#8324 = SURFACE_SIDE_STYLE('',(#8325));
#8325 = SURFACE_STYLE_FILL_AREA(#8326);
#8326 = FILL_AREA_STYLE('',(#8327));
#8327 = FILL_AREA_STYLE_COLOUR('',#8307);
#8328 = CURVE_STYLE('',#8329,POSITIVE_LENGTH_MEASURE(0.1),#8298);
#8329 = DRAUGHTING_PRE_DEFINED_CURVE_FONT('continuous');
#8330 = MECHANICAL_DESIGN_GEOMETRIC_PRESENTATION_REPRESENTATION('',(
    #8331),#6182);
#8331 = STYLED_ITEM('color',(#8332),#5154);
#8332 = PRESENTATION_STYLE_ASSIGNMENT((#8333,#8338));
#8333 = SURFACE_STYLE_USAGE(.BOTH.,#8334);
#8334 = SURFACE_SIDE_STYLE('',(#8335));
#8335 = SURFACE_STYLE_FILL_AREA(#8336);
#8336 = FILL_AREA_STYLE('',(#8337));
#8337 = FILL_AREA_STYLE_COLOUR('',#8307);
#8338 = CURVE_STYLE('',#8339,POSITIVE_LENGTH_MEASURE(0.1),#8298);
#8339 = DRAUGHTING_PRE_DEFINED_CURVE_FONT('continuous');
ENDSEC;
END-ISO-10303-21;
