ISO-10303-21;
HEADER;
FILE_DESCRIPTION(('FreeCAD Model'),'2;1');
FILE_NAME('Open CASCADE Shape Model','2026-03-10T22:55:42',(''),(''),
  'Open CASCADE STEP processor 7.9','FreeCAD','Unknown');
FILE_SCHEMA(('AUTOMOTIVE_DESIGN { 1 0 10303 214 1 1 1 1 }'));
ENDSEC;
DATA;
#1 = APPLICATION_PROTOCOL_DEFINITION('international standard',
  'automotive_design',2000,#2);
#2 = APPLICATION_CONTEXT(
  'core data for automotive mechanical design processes');
#3 = SHAPE_DEFINITION_REPRESENTATION(#4,#10);
#4 = PRODUCT_DEFINITION_SHAPE('','',#5);
#5 = PRODUCT_DEFINITION('design','',#6,#9);
#6 = PRODUCT_DEFINITION_FORMATION('','',#7);
#7 = PRODUCT('SW_TD-1183SN-1.5-xxx','SW_TD-1183SN-1.5-xxx','',(#8));
#8 = PRODUCT_CONTEXT('',#2,'mechanical');
#9 = PRODUCT_DEFINITION_CONTEXT('part definition',#2,'design');
#10 = SHAPE_REPRESENTATION('',(#11,#15,#19,#23,#27),#31);
#11 = AXIS2_PLACEMENT_3D('',#12,#13,#14);
#12 = CARTESIAN_POINT('',(0.,0.,0.));
#13 = DIRECTION('',(0.,0.,1.));
#14 = DIRECTION('',(1.,0.,-0.));
#15 = AXIS2_PLACEMENT_3D('',#16,#17,#18);
#16 = CARTESIAN_POINT('',(0.,0.,0.));
#17 = DIRECTION('',(0.,0.,1.));
#18 = DIRECTION('',(1.,0.,0.));
#19 = AXIS2_PLACEMENT_3D('',#20,#21,#22);
#20 = CARTESIAN_POINT('',(0.,0.,0.));
#21 = DIRECTION('',(0.,0.,1.));
#22 = DIRECTION('',(1.,0.,0.));
#23 = AXIS2_PLACEMENT_3D('',#24,#25,#26);
#24 = CARTESIAN_POINT('',(0.,0.,0.));
#25 = DIRECTION('',(0.,0.,1.));
#26 = DIRECTION('',(1.,0.,0.));
#27 = AXIS2_PLACEMENT_3D('',#28,#29,#30);
#28 = CARTESIAN_POINT('',(0.,0.,0.));
#29 = DIRECTION('',(0.,0.,1.));
#30 = DIRECTION('',(1.,0.,0.));
#31 = ( GEOMETRIC_REPRESENTATION_CONTEXT(3) 
GLOBAL_UNCERTAINTY_ASSIGNED_CONTEXT((#35)) GLOBAL_UNIT_ASSIGNED_CONTEXT(
(#32,#33,#34)) REPRESENTATION_CONTEXT('Context #1',
  '3D Context with UNIT and UNCERTAINTY') );
#32 = ( LENGTH_UNIT() NAMED_UNIT(*) SI_UNIT(.MILLI.,.METRE.) );
#33 = ( NAMED_UNIT(*) PLANE_ANGLE_UNIT() SI_UNIT($,.RADIAN.) );
#34 = ( NAMED_UNIT(*) SI_UNIT($,.STERADIAN.) SOLID_ANGLE_UNIT() );
#35 = UNCERTAINTY_MEASURE_WITH_UNIT(LENGTH_MEASURE(1.E-06),#32,
  'distance_accuracy_value','confusion accuracy');
#36 = PRODUCT_RELATED_PRODUCT_CATEGORY('part',$,(#7));
#37 = SHAPE_DEFINITION_REPRESENTATION(#38,#44);
#38 = PRODUCT_DEFINITION_SHAPE('','',#39);
#39 = PRODUCT_DEFINITION('design','',#40,#43);
#40 = PRODUCT_DEFINITION_FORMATION('','',#41);
#41 = PRODUCT('Base002','Base002','',(#42));
#42 = PRODUCT_CONTEXT('',#2,'mechanical');
#43 = PRODUCT_DEFINITION_CONTEXT('part definition',#2,'design');
#44 = ADVANCED_BREP_SHAPE_REPRESENTATION('',(#11,#45),#1657);
#45 = MANIFOLD_SOLID_BREP('',#46);
#46 = CLOSED_SHELL('',(#47,#87,#118,#158,#278,#295,#401,#425,#442,#473,
    #650,#674,#698,#715,#773,#875,#899,#923,#947,#971,#995,#1012,#1036,
    #1076,#1100,#1124,#1203,#1215,#1239,#1263,#1280,#1304,#1321,#1345,
    #1369,#1386,#1398,#1410,#1422,#1453,#1477,#1501,#1518,#1530,#1542,
    #1566,#1590,#1609,#1621,#1633,#1645));
#47 = ADVANCED_FACE('',(#48),#82,.F.);
#48 = FACE_BOUND('',#49,.T.);
#49 = EDGE_LOOP('',(#50,#60,#68,#76));
#50 = ORIENTED_EDGE('',*,*,#51,.F.);
#51 = EDGE_CURVE('',#52,#54,#56,.T.);
#52 = VERTEX_POINT('',#53);
#53 = CARTESIAN_POINT('',(1.25,-1.25,0.65));
#54 = VERTEX_POINT('',#55);
#55 = CARTESIAN_POINT('',(1.25,-1.25,0.5));
#56 = LINE('',#57,#58);
#57 = CARTESIAN_POINT('',(1.25,-1.25,1.05));
#58 = VECTOR('',#59,1.);
#59 = DIRECTION('',(2.2E-16,0.,-1.));
#60 = ORIENTED_EDGE('',*,*,#61,.T.);
#61 = EDGE_CURVE('',#52,#62,#64,.T.);
#62 = VERTEX_POINT('',#63);
#63 = CARTESIAN_POINT('',(1.25,-1.1,0.971676038076));
#64 = LINE('',#65,#66);
#65 = CARTESIAN_POINT('',(1.25,-1.098395555688,0.975116780007));
#66 = VECTOR('',#67,1.);
#67 = DIRECTION('',(-1.1E-16,0.422618261741,0.906307787037));
#68 = ORIENTED_EDGE('',*,*,#69,.T.);
#69 = EDGE_CURVE('',#62,#70,#72,.T.);
#70 = VERTEX_POINT('',#71);
#71 = CARTESIAN_POINT('',(1.25,-1.1,0.5));
#72 = LINE('',#73,#74);
#73 = CARTESIAN_POINT('',(1.25,-1.1,1.05));
#74 = VECTOR('',#75,1.);
#75 = DIRECTION('',(2.2E-16,0.,-1.));
#76 = ORIENTED_EDGE('',*,*,#77,.F.);
#77 = EDGE_CURVE('',#54,#70,#78,.T.);
#78 = LINE('',#79,#80);
#79 = CARTESIAN_POINT('',(1.25,-1.25,0.5));
#80 = VECTOR('',#81,1.);
#81 = DIRECTION('',(2.2E-16,1.,-2.2E-16));
#82 = PLANE('',#83);
#83 = AXIS2_PLACEMENT_3D('',#84,#85,#86);
#84 = CARTESIAN_POINT('',(1.25,-1.25,1.05));
#85 = DIRECTION('',(1.,-2.2E-16,2.2E-16));
#86 = DIRECTION('',(-2.2E-16,2.2E-16,1.));
#87 = ADVANCED_FACE('',(#88),#113,.F.);
#88 = FACE_BOUND('',#89,.F.);
#89 = EDGE_LOOP('',(#90,#100,#106,#107));
#90 = ORIENTED_EDGE('',*,*,#91,.F.);
#91 = EDGE_CURVE('',#92,#94,#96,.T.);
#92 = VERTEX_POINT('',#93);
#93 = CARTESIAN_POINT('',(1.5,-1.25,0.5));
#94 = VERTEX_POINT('',#95);
#95 = CARTESIAN_POINT('',(1.5,-1.25,0.65));
#96 = LINE('',#97,#98);
#97 = CARTESIAN_POINT('',(1.5,-1.25,0.));
#98 = VECTOR('',#99,1.);
#99 = DIRECTION('',(0.,0.,1.));
#100 = ORIENTED_EDGE('',*,*,#101,.F.);
#101 = EDGE_CURVE('',#54,#92,#102,.T.);
#102 = LINE('',#103,#104);
#103 = CARTESIAN_POINT('',(1.25,-1.25,0.5));
#104 = VECTOR('',#105,1.);
#105 = DIRECTION('',(1.,-2.2E-16,2.2E-16));
#106 = ORIENTED_EDGE('',*,*,#51,.F.);
#107 = ORIENTED_EDGE('',*,*,#108,.F.);
#108 = EDGE_CURVE('',#94,#52,#109,.T.);
#109 = LINE('',#110,#111);
#110 = CARTESIAN_POINT('',(4.08426067361,-1.25,0.65));
#111 = VECTOR('',#112,1.);
#112 = DIRECTION('',(-1.,-0.,-0.));
#113 = PLANE('',#114);
#114 = AXIS2_PLACEMENT_3D('',#115,#116,#117);
#115 = CARTESIAN_POINT('',(-1.5,-1.25,0.));
#116 = DIRECTION('',(0.,1.,0.));
#117 = DIRECTION('',(1.,0.,0.));
#118 = ADVANCED_FACE('',(#119),#153,.T.);
#119 = FACE_BOUND('',#120,.T.);
#120 = EDGE_LOOP('',(#121,#122,#130,#138,#146,#152));
#121 = ORIENTED_EDGE('',*,*,#77,.T.);
#122 = ORIENTED_EDGE('',*,*,#123,.F.);
#123 = EDGE_CURVE('',#124,#70,#126,.T.);
#124 = VERTEX_POINT('',#125);
#125 = CARTESIAN_POINT('',(1.15,-1.1,0.5));
#126 = LINE('',#127,#128);
#127 = CARTESIAN_POINT('',(1.15,-1.1,0.5));
#128 = VECTOR('',#129,1.);
#129 = DIRECTION('',(1.,-2.2E-16,2.2E-16));
#130 = ORIENTED_EDGE('',*,*,#131,.T.);
#131 = EDGE_CURVE('',#124,#132,#134,.T.);
#132 = VERTEX_POINT('',#133);
#133 = CARTESIAN_POINT('',(1.15,-0.85,0.5));
#134 = LINE('',#135,#136);
#135 = CARTESIAN_POINT('',(1.15,-1.1,0.5));
#136 = VECTOR('',#137,1.);
#137 = DIRECTION('',(2.2E-16,1.,-2.2E-16));
#138 = ORIENTED_EDGE('',*,*,#139,.T.);
#139 = EDGE_CURVE('',#132,#140,#142,.T.);
#140 = VERTEX_POINT('',#141);
#141 = CARTESIAN_POINT('',(1.5,-0.85,0.5));
#142 = LINE('',#143,#144);
#143 = CARTESIAN_POINT('',(1.15,-0.85,0.5));
#144 = VECTOR('',#145,1.);
#145 = DIRECTION('',(1.,-2.2E-16,2.2E-16));
#146 = ORIENTED_EDGE('',*,*,#147,.F.);
#147 = EDGE_CURVE('',#92,#140,#148,.T.);
#148 = LINE('',#149,#150);
#149 = CARTESIAN_POINT('',(1.5,-1.25,0.5));
#150 = VECTOR('',#151,1.);
#151 = DIRECTION('',(2.2E-16,1.,-2.2E-16));
#152 = ORIENTED_EDGE('',*,*,#101,.F.);
#153 = PLANE('',#154);
#154 = AXIS2_PLACEMENT_3D('',#155,#156,#157);
#155 = CARTESIAN_POINT('',(1.335,-1.04,0.5));
#156 = DIRECTION('',(2.7E-16,-4.9E-16,-1.));
#157 = DIRECTION('',(0.,-1.,4.9E-16));
#158 = ADVANCED_FACE('',(#159),#273,.T.);
#159 = FACE_BOUND('',#160,.T.);
#160 = EDGE_LOOP('',(#161,#171,#179,#187,#195,#203,#211,#217,#218,#219,
    #227,#235,#243,#251,#259,#267));
#161 = ORIENTED_EDGE('',*,*,#162,.F.);
#162 = EDGE_CURVE('',#163,#165,#167,.T.);
#163 = VERTEX_POINT('',#164);
#164 = CARTESIAN_POINT('',(-1.15,-1.1,0.));
#165 = VERTEX_POINT('',#166);
#166 = CARTESIAN_POINT('',(-1.15,-1.1,0.5));
#167 = LINE('',#168,#169);
#168 = CARTESIAN_POINT('',(-1.15,-1.1,0.));
#169 = VECTOR('',#170,1.);
#170 = DIRECTION('',(0.,0.,1.));
#171 = ORIENTED_EDGE('',*,*,#172,.T.);
#172 = EDGE_CURVE('',#163,#173,#175,.T.);
#173 = VERTEX_POINT('',#174);
#174 = CARTESIAN_POINT('',(-0.85,-1.1,-0.));
#175 = LINE('',#176,#177);
#176 = CARTESIAN_POINT('',(-1.5,-1.1,2.8E-16));
#177 = VECTOR('',#178,1.);
#178 = DIRECTION('',(1.,0.,-4.3E-16));
#179 = ORIENTED_EDGE('',*,*,#180,.T.);
#180 = EDGE_CURVE('',#173,#181,#183,.T.);
#181 = VERTEX_POINT('',#182);
#182 = CARTESIAN_POINT('',(-0.85,-1.1,0.55));
#183 = LINE('',#184,#185);
#184 = CARTESIAN_POINT('',(-0.85,-1.1,0.));
#185 = VECTOR('',#186,1.);
#186 = DIRECTION('',(0.,0.,1.));
#187 = ORIENTED_EDGE('',*,*,#188,.F.);
#188 = EDGE_CURVE('',#189,#181,#191,.T.);
#189 = VERTEX_POINT('',#190);
#190 = CARTESIAN_POINT('',(0.85,-1.1,0.55));
#191 = LINE('',#192,#193);
#192 = CARTESIAN_POINT('',(0.85,-1.1,0.55));
#193 = VECTOR('',#194,1.);
#194 = DIRECTION('',(-1.,2.2E-16,-2.2E-16));
#195 = ORIENTED_EDGE('',*,*,#196,.F.);
#196 = EDGE_CURVE('',#197,#189,#199,.T.);
#197 = VERTEX_POINT('',#198);
#198 = CARTESIAN_POINT('',(0.85,-1.1,0.));
#199 = LINE('',#200,#201);
#200 = CARTESIAN_POINT('',(0.85,-1.1,1.9E-16));
#201 = VECTOR('',#202,1.);
#202 = DIRECTION('',(-2.2E-16,0.,1.));
#203 = ORIENTED_EDGE('',*,*,#204,.F.);
#204 = EDGE_CURVE('',#205,#197,#207,.T.);
#205 = VERTEX_POINT('',#206);
#206 = CARTESIAN_POINT('',(1.15,-1.1,0.));
#207 = LINE('',#208,#209);
#208 = CARTESIAN_POINT('',(1.5,-1.1,6.1E-16));
#209 = VECTOR('',#210,1.);
#210 = DIRECTION('',(-1.,2.2E-16,-6.5E-16));
#211 = ORIENTED_EDGE('',*,*,#212,.T.);
#212 = EDGE_CURVE('',#205,#124,#213,.T.);
#213 = LINE('',#214,#215);
#214 = CARTESIAN_POINT('',(1.15,-1.1,2.6E-16));
#215 = VECTOR('',#216,1.);
#216 = DIRECTION('',(-2.2E-16,0.,1.));
#217 = ORIENTED_EDGE('',*,*,#123,.T.);
#218 = ORIENTED_EDGE('',*,*,#69,.F.);
#219 = ORIENTED_EDGE('',*,*,#220,.F.);
#220 = EDGE_CURVE('',#221,#62,#223,.T.);
#221 = VERTEX_POINT('',#222);
#222 = CARTESIAN_POINT('',(1.5,-1.1,0.971676038076));
#223 = LINE('',#224,#225);
#224 = CARTESIAN_POINT('',(4.08426067361,-1.1,0.971676038076));
#225 = VECTOR('',#226,1.);
#226 = DIRECTION('',(-1.,-0.,-0.));
#227 = ORIENTED_EDGE('',*,*,#228,.F.);
#228 = EDGE_CURVE('',#229,#221,#231,.T.);
#229 = VERTEX_POINT('',#230);
#230 = CARTESIAN_POINT('',(1.5,-1.1,1.05));
#231 = LINE('',#232,#233);
#232 = CARTESIAN_POINT('',(1.5,-1.1,0.485838019038));
#233 = VECTOR('',#234,1.);
#234 = DIRECTION('',(0.,2.83E-15,-1.));
#235 = ORIENTED_EDGE('',*,*,#236,.T.);
#236 = EDGE_CURVE('',#229,#237,#239,.T.);
#237 = VERTEX_POINT('',#238);
#238 = CARTESIAN_POINT('',(-1.5,-1.1,1.05));
#239 = LINE('',#240,#241);
#240 = CARTESIAN_POINT('',(4.08426067361,-1.1,1.05));
#241 = VECTOR('',#242,1.);
#242 = DIRECTION('',(-1.,-0.,-0.));
#243 = ORIENTED_EDGE('',*,*,#244,.F.);
#244 = EDGE_CURVE('',#245,#237,#247,.T.);
#245 = VERTEX_POINT('',#246);
#246 = CARTESIAN_POINT('',(-1.5,-1.1,0.971676038076));
#247 = LINE('',#248,#249);
#248 = CARTESIAN_POINT('',(-1.5,-1.1,0.485838019038));
#249 = VECTOR('',#250,1.);
#250 = DIRECTION('',(0.,-2.83E-15,1.));
#251 = ORIENTED_EDGE('',*,*,#252,.F.);
#252 = EDGE_CURVE('',#253,#245,#255,.T.);
#253 = VERTEX_POINT('',#254);
#254 = CARTESIAN_POINT('',(-1.25,-1.1,0.971676038076));
#255 = LINE('',#256,#257);
#256 = CARTESIAN_POINT('',(4.08426067361,-1.1,0.971676038076));
#257 = VECTOR('',#258,1.);
#258 = DIRECTION('',(-1.,-0.,-0.));
#259 = ORIENTED_EDGE('',*,*,#260,.T.);
#260 = EDGE_CURVE('',#253,#261,#263,.T.);
#261 = VERTEX_POINT('',#262);
#262 = CARTESIAN_POINT('',(-1.25,-1.1,0.5));
#263 = LINE('',#264,#265);
#264 = CARTESIAN_POINT('',(-1.25,-1.1,1.05));
#265 = VECTOR('',#266,1.);
#266 = DIRECTION('',(0.,0.,-1.));
#267 = ORIENTED_EDGE('',*,*,#268,.F.);
#268 = EDGE_CURVE('',#165,#261,#269,.T.);
#269 = LINE('',#270,#271);
#270 = CARTESIAN_POINT('',(-1.15,-1.1,0.5));
#271 = VECTOR('',#272,1.);
#272 = DIRECTION('',(-1.,0.,0.));
#273 = PLANE('',#274);
#274 = AXIS2_PLACEMENT_3D('',#275,#276,#277);
#275 = CARTESIAN_POINT('',(-1.4E-16,-1.1,0.660417175982));
#276 = DIRECTION('',(-0.,-1.,-0.));
#277 = DIRECTION('',(0.,0.,-1.));
#278 = ADVANCED_FACE('',(#279),#290,.T.);
#279 = FACE_BOUND('',#280,.T.);
#280 = EDGE_LOOP('',(#281,#282,#283,#284));
#281 = ORIENTED_EDGE('',*,*,#220,.T.);
#282 = ORIENTED_EDGE('',*,*,#61,.F.);
#283 = ORIENTED_EDGE('',*,*,#108,.F.);
#284 = ORIENTED_EDGE('',*,*,#285,.T.);
#285 = EDGE_CURVE('',#94,#221,#286,.T.);
#286 = LINE('',#287,#288);
#287 = CARTESIAN_POINT('',(1.5,-1.299482222007,0.543885032464));
#288 = VECTOR('',#289,1.);
#289 = DIRECTION('',(0.,0.422618261741,0.906307787037));
#290 = PLANE('',#291);
#291 = AXIS2_PLACEMENT_3D('',#292,#293,#294);
#292 = CARTESIAN_POINT('',(4.08426067361,-1.1,0.971676038076));
#293 = DIRECTION('',(0.,-0.906307787037,0.422618261741));
#294 = DIRECTION('',(0.,-0.422618261741,-0.906307787037));
#295 = ADVANCED_FACE('',(#296),#396,.F.);
#296 = FACE_BOUND('',#297,.F.);
#297 = EDGE_LOOP('',(#298,#299,#300,#301,#302,#310,#318,#326,#334,#342,
    #350,#358,#366,#374,#382,#390));
#298 = ORIENTED_EDGE('',*,*,#147,.F.);
#299 = ORIENTED_EDGE('',*,*,#91,.T.);
#300 = ORIENTED_EDGE('',*,*,#285,.T.);
#301 = ORIENTED_EDGE('',*,*,#228,.F.);
#302 = ORIENTED_EDGE('',*,*,#303,.T.);
#303 = EDGE_CURVE('',#229,#304,#306,.T.);
#304 = VERTEX_POINT('',#305);
#305 = CARTESIAN_POINT('',(1.5,1.1,1.05));
#306 = LINE('',#307,#308);
#307 = CARTESIAN_POINT('',(1.5,-1.25,1.05));
#308 = VECTOR('',#309,1.);
#309 = DIRECTION('',(0.,1.,0.));
#310 = ORIENTED_EDGE('',*,*,#311,.T.);
#311 = EDGE_CURVE('',#304,#312,#314,.T.);
#312 = VERTEX_POINT('',#313);
#313 = CARTESIAN_POINT('',(1.5,1.1,0.971676038076));
#314 = LINE('',#315,#316);
#315 = CARTESIAN_POINT('',(1.5,1.1,0.485838019038));
#316 = VECTOR('',#317,1.);
#317 = DIRECTION('',(-0.,-2.83E-15,-1.));
#318 = ORIENTED_EDGE('',*,*,#319,.F.);
#319 = EDGE_CURVE('',#320,#312,#322,.T.);
#320 = VERTEX_POINT('',#321);
#321 = CARTESIAN_POINT('',(1.5,1.25,0.65));
#322 = LINE('',#323,#324);
#323 = CARTESIAN_POINT('',(1.5,1.076224478061,1.022662809414));
#324 = VECTOR('',#325,1.);
#325 = DIRECTION('',(0.,-0.422618261741,0.906307787037));
#326 = ORIENTED_EDGE('',*,*,#327,.F.);
#327 = EDGE_CURVE('',#328,#320,#330,.T.);
#328 = VERTEX_POINT('',#329);
#329 = CARTESIAN_POINT('',(1.5,1.25,0.5));
#330 = LINE('',#331,#332);
#331 = CARTESIAN_POINT('',(1.5,1.25,0.));
#332 = VECTOR('',#333,1.);
#333 = DIRECTION('',(0.,0.,1.));
#334 = ORIENTED_EDGE('',*,*,#335,.T.);
#335 = EDGE_CURVE('',#328,#336,#338,.T.);
#336 = VERTEX_POINT('',#337);
#337 = CARTESIAN_POINT('',(1.5,0.85,0.5));
#338 = LINE('',#339,#340);
#339 = CARTESIAN_POINT('',(1.5,1.1,0.5));
#340 = VECTOR('',#341,1.);
#341 = DIRECTION('',(2.2E-16,-1.,-6.7E-16));
#342 = ORIENTED_EDGE('',*,*,#343,.T.);
#343 = EDGE_CURVE('',#336,#344,#346,.T.);
#344 = VERTEX_POINT('',#345);
#345 = CARTESIAN_POINT('',(1.5,0.85,1.E-15));
#346 = LINE('',#347,#348);
#347 = CARTESIAN_POINT('',(1.5,0.85,0.5));
#348 = VECTOR('',#349,1.);
#349 = DIRECTION('',(0.,0.,-1.));
#350 = ORIENTED_EDGE('',*,*,#351,.F.);
#351 = EDGE_CURVE('',#352,#344,#354,.T.);
#352 = VERTEX_POINT('',#353);
#353 = CARTESIAN_POINT('',(1.5,0.7,0.));
#354 = LINE('',#355,#356);
#355 = CARTESIAN_POINT('',(1.5,-1.25,0.));
#356 = VECTOR('',#357,1.);
#357 = DIRECTION('',(0.,1.,0.));
#358 = ORIENTED_EDGE('',*,*,#359,.T.);
#359 = EDGE_CURVE('',#352,#360,#362,.T.);
#360 = VERTEX_POINT('',#361);
#361 = CARTESIAN_POINT('',(1.5,0.7,0.1));
#362 = LINE('',#363,#364);
#363 = CARTESIAN_POINT('',(1.5,0.7,0.));
#364 = VECTOR('',#365,1.);
#365 = DIRECTION('',(0.,0.,1.));
#366 = ORIENTED_EDGE('',*,*,#367,.F.);
#367 = EDGE_CURVE('',#368,#360,#370,.T.);
#368 = VERTEX_POINT('',#369);
#369 = CARTESIAN_POINT('',(1.5,-0.7,0.1));
#370 = LINE('',#371,#372);
#371 = CARTESIAN_POINT('',(1.5,-0.7,0.1));
#372 = VECTOR('',#373,1.);
#373 = DIRECTION('',(0.,1.,0.));
#374 = ORIENTED_EDGE('',*,*,#375,.F.);
#375 = EDGE_CURVE('',#376,#368,#378,.T.);
#376 = VERTEX_POINT('',#377);
#377 = CARTESIAN_POINT('',(1.5,-0.7,0.));
#378 = LINE('',#379,#380);
#379 = CARTESIAN_POINT('',(1.5,-0.7,0.));
#380 = VECTOR('',#381,1.);
#381 = DIRECTION('',(0.,0.,1.));
#382 = ORIENTED_EDGE('',*,*,#383,.F.);
#383 = EDGE_CURVE('',#384,#376,#386,.T.);
#384 = VERTEX_POINT('',#385);
#385 = CARTESIAN_POINT('',(1.5,-0.85,0.));
#386 = LINE('',#387,#388);
#387 = CARTESIAN_POINT('',(1.5,-1.25,0.));
#388 = VECTOR('',#389,1.);
#389 = DIRECTION('',(0.,1.,0.));
#390 = ORIENTED_EDGE('',*,*,#391,.F.);
#391 = EDGE_CURVE('',#140,#384,#392,.T.);
#392 = LINE('',#393,#394);
#393 = CARTESIAN_POINT('',(1.5,-0.85,0.5));
#394 = VECTOR('',#395,1.);
#395 = DIRECTION('',(2.2E-16,0.,-1.));
#396 = PLANE('',#397);
#397 = AXIS2_PLACEMENT_3D('',#398,#399,#400);
#398 = CARTESIAN_POINT('',(1.5,-1.25,0.));
#399 = DIRECTION('',(-1.,0.,0.));
#400 = DIRECTION('',(0.,1.,0.));
#401 = ADVANCED_FACE('',(#402),#420,.F.);
#402 = FACE_BOUND('',#403,.T.);
#403 = EDGE_LOOP('',(#404,#412,#418,#419));
#404 = ORIENTED_EDGE('',*,*,#405,.T.);
#405 = EDGE_CURVE('',#205,#406,#408,.T.);
#406 = VERTEX_POINT('',#407);
#407 = CARTESIAN_POINT('',(1.15,-0.85,0.));
#408 = LINE('',#409,#410);
#409 = CARTESIAN_POINT('',(1.15,-1.1,2.6E-16));
#410 = VECTOR('',#411,1.);
#411 = DIRECTION('',(2.2E-16,1.,-2.2E-16));
#412 = ORIENTED_EDGE('',*,*,#413,.T.);
#413 = EDGE_CURVE('',#406,#132,#414,.T.);
#414 = LINE('',#415,#416);
#415 = CARTESIAN_POINT('',(1.15,-0.85,2.6E-16));
#416 = VECTOR('',#417,1.);
#417 = DIRECTION('',(-2.2E-16,0.,1.));
#418 = ORIENTED_EDGE('',*,*,#131,.F.);
#419 = ORIENTED_EDGE('',*,*,#212,.F.);
#420 = PLANE('',#421);
#421 = AXIS2_PLACEMENT_3D('',#422,#423,#424);
#422 = CARTESIAN_POINT('',(1.15,-1.1,2.6E-16));
#423 = DIRECTION('',(-1.,2.2E-16,-2.2E-16));
#424 = DIRECTION('',(2.2E-16,-2.2E-16,-1.));
#425 = ADVANCED_FACE('',(#426),#437,.F.);
#426 = FACE_BOUND('',#427,.F.);
#427 = EDGE_LOOP('',(#428,#429,#435,#436));
#428 = ORIENTED_EDGE('',*,*,#391,.T.);
#429 = ORIENTED_EDGE('',*,*,#430,.T.);
#430 = EDGE_CURVE('',#384,#406,#431,.T.);
#431 = LINE('',#432,#433);
#432 = CARTESIAN_POINT('',(1.5,-0.85,3.3E-16));
#433 = VECTOR('',#434,1.);
#434 = DIRECTION('',(-1.,2.2E-16,-2.2E-16));
#435 = ORIENTED_EDGE('',*,*,#413,.T.);
#436 = ORIENTED_EDGE('',*,*,#139,.T.);
#437 = PLANE('',#438);
#438 = AXIS2_PLACEMENT_3D('',#439,#440,#441);
#439 = CARTESIAN_POINT('',(1.325,-0.85,0.25));
#440 = DIRECTION('',(2.2E-16,1.,-4.4E-16));
#441 = DIRECTION('',(2.2E-16,-4.4E-16,-1.));
#442 = ADVANCED_FACE('',(#443),#468,.F.);
#443 = FACE_BOUND('',#444,.F.);
#444 = EDGE_LOOP('',(#445,#453,#461,#467));
#445 = ORIENTED_EDGE('',*,*,#446,.T.);
#446 = EDGE_CURVE('',#163,#447,#449,.T.);
#447 = VERTEX_POINT('',#448);
#448 = CARTESIAN_POINT('',(-1.15,-0.85,-0.));
#449 = LINE('',#450,#451);
#450 = CARTESIAN_POINT('',(-1.15,-1.1,0.));
#451 = VECTOR('',#452,1.);
#452 = DIRECTION('',(0.,1.,-2.2E-16));
#453 = ORIENTED_EDGE('',*,*,#454,.T.);
#454 = EDGE_CURVE('',#447,#455,#457,.T.);
#455 = VERTEX_POINT('',#456);
#456 = CARTESIAN_POINT('',(-1.15,-0.85,0.5));
#457 = LINE('',#458,#459);
#458 = CARTESIAN_POINT('',(-1.15,-0.85,0.));
#459 = VECTOR('',#460,1.);
#460 = DIRECTION('',(0.,0.,1.));
#461 = ORIENTED_EDGE('',*,*,#462,.F.);
#462 = EDGE_CURVE('',#165,#455,#463,.T.);
#463 = LINE('',#464,#465);
#464 = CARTESIAN_POINT('',(-1.15,-1.1,0.5));
#465 = VECTOR('',#466,1.);
#466 = DIRECTION('',(0.,1.,-2.2E-16));
#467 = ORIENTED_EDGE('',*,*,#162,.F.);
#468 = PLANE('',#469);
#469 = AXIS2_PLACEMENT_3D('',#470,#471,#472);
#470 = CARTESIAN_POINT('',(-1.15,-1.1,0.));
#471 = DIRECTION('',(1.,0.,0.));
#472 = DIRECTION('',(0.,2.2E-16,1.));
#473 = ADVANCED_FACE('',(#474),#645,.F.);
#474 = FACE_BOUND('',#475,.F.);
#475 = EDGE_LOOP('',(#476,#484,#492,#498,#499,#500,#501,#502,#510,#518,
    #524,#525,#533,#541,#549,#557,#565,#573,#581,#589,#597,#605,#613,
    #621,#629,#637,#643,#644));
#476 = ORIENTED_EDGE('',*,*,#477,.F.);
#477 = EDGE_CURVE('',#478,#173,#480,.T.);
#478 = VERTEX_POINT('',#479);
#479 = CARTESIAN_POINT('',(-0.85,-1.25,0.));
#480 = LINE('',#481,#482);
#481 = CARTESIAN_POINT('',(-0.85,-1.25,0.));
#482 = VECTOR('',#483,1.);
#483 = DIRECTION('',(0.,1.,-2.2E-16));
#484 = ORIENTED_EDGE('',*,*,#485,.T.);
#485 = EDGE_CURVE('',#478,#486,#488,.T.);
#486 = VERTEX_POINT('',#487);
#487 = CARTESIAN_POINT('',(0.85,-1.25,0.));
#488 = LINE('',#489,#490);
#489 = CARTESIAN_POINT('',(-1.5,-1.25,0.));
#490 = VECTOR('',#491,1.);
#491 = DIRECTION('',(1.,0.,0.));
#492 = ORIENTED_EDGE('',*,*,#493,.T.);
#493 = EDGE_CURVE('',#486,#197,#494,.T.);
#494 = LINE('',#495,#496);
#495 = CARTESIAN_POINT('',(0.85,-1.25,1.9E-16));
#496 = VECTOR('',#497,1.);
#497 = DIRECTION('',(2.2E-16,1.,-2.2E-16));
#498 = ORIENTED_EDGE('',*,*,#204,.F.);
#499 = ORIENTED_EDGE('',*,*,#405,.T.);
#500 = ORIENTED_EDGE('',*,*,#430,.F.);
#501 = ORIENTED_EDGE('',*,*,#383,.T.);
#502 = ORIENTED_EDGE('',*,*,#503,.F.);
#503 = EDGE_CURVE('',#504,#376,#506,.T.);
#504 = VERTEX_POINT('',#505);
#505 = CARTESIAN_POINT('',(1.4,-0.7,0.));
#506 = LINE('',#507,#508);
#507 = CARTESIAN_POINT('',(1.4,-0.7,0.));
#508 = VECTOR('',#509,1.);
#509 = DIRECTION('',(1.,0.,0.));
#510 = ORIENTED_EDGE('',*,*,#511,.F.);
#511 = EDGE_CURVE('',#512,#504,#514,.T.);
#512 = VERTEX_POINT('',#513);
#513 = CARTESIAN_POINT('',(1.4,0.7,0.));
#514 = LINE('',#515,#516);
#515 = CARTESIAN_POINT('',(1.4,0.7,0.));
#516 = VECTOR('',#517,1.);
#517 = DIRECTION('',(0.,-1.,0.));
#518 = ORIENTED_EDGE('',*,*,#519,.F.);
#519 = EDGE_CURVE('',#352,#512,#520,.T.);
#520 = LINE('',#521,#522);
#521 = CARTESIAN_POINT('',(1.5,0.7,0.));
#522 = VECTOR('',#523,1.);
#523 = DIRECTION('',(-1.,0.,0.));
#524 = ORIENTED_EDGE('',*,*,#351,.T.);
#525 = ORIENTED_EDGE('',*,*,#526,.T.);
#526 = EDGE_CURVE('',#344,#527,#529,.T.);
#527 = VERTEX_POINT('',#528);
#528 = CARTESIAN_POINT('',(1.15,0.85,1.E-15));
#529 = LINE('',#530,#531);
#530 = CARTESIAN_POINT('',(1.5,0.85,0.));
#531 = VECTOR('',#532,1.);
#532 = DIRECTION('',(-1.,0.,0.));
#533 = ORIENTED_EDGE('',*,*,#534,.F.);
#534 = EDGE_CURVE('',#535,#527,#537,.T.);
#535 = VERTEX_POINT('',#536);
#536 = CARTESIAN_POINT('',(1.15,1.1,1.E-15));
#537 = LINE('',#538,#539);
#538 = CARTESIAN_POINT('',(1.15,1.1,0.));
#539 = VECTOR('',#540,1.);
#540 = DIRECTION('',(0.,-1.,-2.2E-16));
#541 = ORIENTED_EDGE('',*,*,#542,.T.);
#542 = EDGE_CURVE('',#535,#543,#545,.T.);
#543 = VERTEX_POINT('',#544);
#544 = CARTESIAN_POINT('',(0.85,1.1,1.E-15));
#545 = LINE('',#546,#547);
#546 = CARTESIAN_POINT('',(1.5,1.1,2.8E-16));
#547 = VECTOR('',#548,1.);
#548 = DIRECTION('',(-1.,0.,-4.3E-16));
#549 = ORIENTED_EDGE('',*,*,#550,.F.);
#550 = EDGE_CURVE('',#551,#543,#553,.T.);
#551 = VERTEX_POINT('',#552);
#552 = CARTESIAN_POINT('',(0.85,1.25,1.E-15));
#553 = LINE('',#554,#555);
#554 = CARTESIAN_POINT('',(0.85,1.25,0.));
#555 = VECTOR('',#556,1.);
#556 = DIRECTION('',(0.,-1.,-2.2E-16));
#557 = ORIENTED_EDGE('',*,*,#558,.T.);
#558 = EDGE_CURVE('',#551,#559,#561,.T.);
#559 = VERTEX_POINT('',#560);
#560 = CARTESIAN_POINT('',(-0.85,1.25,1.E-15));
#561 = LINE('',#562,#563);
#562 = CARTESIAN_POINT('',(1.5,1.25,0.));
#563 = VECTOR('',#564,1.);
#564 = DIRECTION('',(-1.,0.,0.));
#565 = ORIENTED_EDGE('',*,*,#566,.T.);
#566 = EDGE_CURVE('',#559,#567,#569,.T.);
#567 = VERTEX_POINT('',#568);
#568 = CARTESIAN_POINT('',(-0.85,1.1,0.));
#569 = LINE('',#570,#571);
#570 = CARTESIAN_POINT('',(-0.85,1.25,5.6E-16));
#571 = VECTOR('',#572,1.);
#572 = DIRECTION('',(-0.,-1.,-6.7E-16));
#573 = ORIENTED_EDGE('',*,*,#574,.F.);
#574 = EDGE_CURVE('',#575,#567,#577,.T.);
#575 = VERTEX_POINT('',#576);
#576 = CARTESIAN_POINT('',(-1.15,1.1,0.));
#577 = LINE('',#578,#579);
#578 = CARTESIAN_POINT('',(-1.5,1.1,1.25E-15));
#579 = VECTOR('',#580,1.);
#580 = DIRECTION('',(1.,0.,-4.3E-16));
#581 = ORIENTED_EDGE('',*,*,#582,.T.);
#582 = EDGE_CURVE('',#575,#583,#585,.T.);
#583 = VERTEX_POINT('',#584);
#584 = CARTESIAN_POINT('',(-1.15,0.85,0.));
#585 = LINE('',#586,#587);
#586 = CARTESIAN_POINT('',(-1.15,1.1,4.9E-16));
#587 = VECTOR('',#588,1.);
#588 = DIRECTION('',(-0.,-1.,-6.7E-16));
#589 = ORIENTED_EDGE('',*,*,#590,.F.);
#590 = EDGE_CURVE('',#591,#583,#593,.T.);
#591 = VERTEX_POINT('',#592);
#592 = CARTESIAN_POINT('',(-1.5,0.85,0.));
#593 = LINE('',#594,#595);
#594 = CARTESIAN_POINT('',(-1.5,0.85,7.5E-16));
#595 = VECTOR('',#596,1.);
#596 = DIRECTION('',(1.,0.,0.));
#597 = ORIENTED_EDGE('',*,*,#598,.T.);
#598 = EDGE_CURVE('',#591,#599,#601,.T.);
#599 = VERTEX_POINT('',#600);
#600 = CARTESIAN_POINT('',(-1.5,0.7,0.));
#601 = LINE('',#602,#603);
#602 = CARTESIAN_POINT('',(-1.5,1.25,0.));
#603 = VECTOR('',#604,1.);
#604 = DIRECTION('',(0.,-1.,0.));
#605 = ORIENTED_EDGE('',*,*,#606,.T.);
#606 = EDGE_CURVE('',#599,#607,#609,.T.);
#607 = VERTEX_POINT('',#608);
#608 = CARTESIAN_POINT('',(-1.4,0.7,0.));
#609 = LINE('',#610,#611);
#610 = CARTESIAN_POINT('',(-1.5,0.7,0.));
#611 = VECTOR('',#612,1.);
#612 = DIRECTION('',(1.,0.,0.));
#613 = ORIENTED_EDGE('',*,*,#614,.T.);
#614 = EDGE_CURVE('',#607,#615,#617,.T.);
#615 = VERTEX_POINT('',#616);
#616 = CARTESIAN_POINT('',(-1.4,-0.7,0.));
#617 = LINE('',#618,#619);
#618 = CARTESIAN_POINT('',(-1.4,0.7,0.));
#619 = VECTOR('',#620,1.);
#620 = DIRECTION('',(0.,-1.,0.));
#621 = ORIENTED_EDGE('',*,*,#622,.T.);
#622 = EDGE_CURVE('',#615,#623,#625,.T.);
#623 = VERTEX_POINT('',#624);
#624 = CARTESIAN_POINT('',(-1.5,-0.7,0.));
#625 = LINE('',#626,#627);
#626 = CARTESIAN_POINT('',(-1.4,-0.7,0.));
#627 = VECTOR('',#628,1.);
#628 = DIRECTION('',(-1.,0.,0.));
#629 = ORIENTED_EDGE('',*,*,#630,.T.);
#630 = EDGE_CURVE('',#623,#631,#633,.T.);
#631 = VERTEX_POINT('',#632);
#632 = CARTESIAN_POINT('',(-1.5,-0.85,-0.));
#633 = LINE('',#634,#635);
#634 = CARTESIAN_POINT('',(-1.5,1.25,0.));
#635 = VECTOR('',#636,1.);
#636 = DIRECTION('',(0.,-1.,0.));
#637 = ORIENTED_EDGE('',*,*,#638,.T.);
#638 = EDGE_CURVE('',#631,#447,#639,.T.);
#639 = LINE('',#640,#641);
#640 = CARTESIAN_POINT('',(-1.5,-0.85,0.));
#641 = VECTOR('',#642,1.);
#642 = DIRECTION('',(1.,0.,0.));
#643 = ORIENTED_EDGE('',*,*,#446,.F.);
#644 = ORIENTED_EDGE('',*,*,#172,.T.);
#645 = PLANE('',#646);
#646 = AXIS2_PLACEMENT_3D('',#647,#648,#649);
#647 = CARTESIAN_POINT('',(0.,0.,0.));
#648 = DIRECTION('',(0.,0.,1.));
#649 = DIRECTION('',(1.,0.,0.));
#650 = ADVANCED_FACE('',(#651),#669,.F.);
#651 = FACE_BOUND('',#652,.F.);
#652 = EDGE_LOOP('',(#653,#654,#655,#663));
#653 = ORIENTED_EDGE('',*,*,#477,.T.);
#654 = ORIENTED_EDGE('',*,*,#180,.T.);
#655 = ORIENTED_EDGE('',*,*,#656,.F.);
#656 = EDGE_CURVE('',#657,#181,#659,.T.);
#657 = VERTEX_POINT('',#658);
#658 = CARTESIAN_POINT('',(-0.85,-1.25,0.55));
#659 = LINE('',#660,#661);
#660 = CARTESIAN_POINT('',(-0.85,-1.25,0.55));
#661 = VECTOR('',#662,1.);
#662 = DIRECTION('',(0.,1.,-2.2E-16));
#663 = ORIENTED_EDGE('',*,*,#664,.F.);
#664 = EDGE_CURVE('',#478,#657,#665,.T.);
#665 = LINE('',#666,#667);
#666 = CARTESIAN_POINT('',(-0.85,-1.25,0.));
#667 = VECTOR('',#668,1.);
#668 = DIRECTION('',(0.,0.,1.));
#669 = PLANE('',#670);
#670 = AXIS2_PLACEMENT_3D('',#671,#672,#673);
#671 = CARTESIAN_POINT('',(-0.85,-1.25,0.));
#672 = DIRECTION('',(1.,0.,0.));
#673 = DIRECTION('',(0.,2.2E-16,1.));
#674 = ADVANCED_FACE('',(#675),#693,.T.);
#675 = FACE_BOUND('',#676,.T.);
#676 = EDGE_LOOP('',(#677,#685,#686,#687));
#677 = ORIENTED_EDGE('',*,*,#678,.T.);
#678 = EDGE_CURVE('',#679,#189,#681,.T.);
#679 = VERTEX_POINT('',#680);
#680 = CARTESIAN_POINT('',(0.85,-1.25,0.55));
#681 = LINE('',#682,#683);
#682 = CARTESIAN_POINT('',(0.85,-1.25,0.55));
#683 = VECTOR('',#684,1.);
#684 = DIRECTION('',(2.2E-16,1.,-2.2E-16));
#685 = ORIENTED_EDGE('',*,*,#188,.T.);
#686 = ORIENTED_EDGE('',*,*,#656,.F.);
#687 = ORIENTED_EDGE('',*,*,#688,.F.);
#688 = EDGE_CURVE('',#679,#657,#689,.T.);
#689 = LINE('',#690,#691);
#690 = CARTESIAN_POINT('',(0.85,-1.25,0.55));
#691 = VECTOR('',#692,1.);
#692 = DIRECTION('',(-1.,2.2E-16,-2.2E-16));
#693 = PLANE('',#694);
#694 = AXIS2_PLACEMENT_3D('',#695,#696,#697);
#695 = CARTESIAN_POINT('',(-1.6E-16,-1.175,0.55));
#696 = DIRECTION('',(0.,0.,1.));
#697 = DIRECTION('',(1.,0.,0.));
#698 = ADVANCED_FACE('',(#699),#710,.F.);
#699 = FACE_BOUND('',#700,.T.);
#700 = EDGE_LOOP('',(#701,#702,#703,#704));
#701 = ORIENTED_EDGE('',*,*,#493,.T.);
#702 = ORIENTED_EDGE('',*,*,#196,.T.);
#703 = ORIENTED_EDGE('',*,*,#678,.F.);
#704 = ORIENTED_EDGE('',*,*,#705,.F.);
#705 = EDGE_CURVE('',#486,#679,#706,.T.);
#706 = LINE('',#707,#708);
#707 = CARTESIAN_POINT('',(0.85,-1.25,1.9E-16));
#708 = VECTOR('',#709,1.);
#709 = DIRECTION('',(-2.2E-16,0.,1.));
#710 = PLANE('',#711);
#711 = AXIS2_PLACEMENT_3D('',#712,#713,#714);
#712 = CARTESIAN_POINT('',(0.85,-1.25,1.9E-16));
#713 = DIRECTION('',(-1.,2.2E-16,-2.2E-16));
#714 = DIRECTION('',(2.2E-16,-2.2E-16,-1.));
#715 = ADVANCED_FACE('',(#716,#734),#768,.T.);
#716 = FACE_BOUND('',#717,.T.);
#717 = EDGE_LOOP('',(#718,#726,#732,#733));
#718 = ORIENTED_EDGE('',*,*,#719,.T.);
#719 = EDGE_CURVE('',#304,#720,#722,.T.);
#720 = VERTEX_POINT('',#721);
#721 = CARTESIAN_POINT('',(-1.5,1.1,1.05));
#722 = LINE('',#723,#724);
#723 = CARTESIAN_POINT('',(4.08426067361,1.1,1.05));
#724 = VECTOR('',#725,1.);
#725 = DIRECTION('',(-1.,0.,0.));
#726 = ORIENTED_EDGE('',*,*,#727,.T.);
#727 = EDGE_CURVE('',#720,#237,#728,.T.);
#728 = LINE('',#729,#730);
#729 = CARTESIAN_POINT('',(-1.5,1.25,1.05));
#730 = VECTOR('',#731,1.);
#731 = DIRECTION('',(0.,-1.,0.));
#732 = ORIENTED_EDGE('',*,*,#236,.F.);
#733 = ORIENTED_EDGE('',*,*,#303,.T.);
#734 = FACE_BOUND('',#735,.T.);
#735 = EDGE_LOOP('',(#736,#746,#754,#762));
#736 = ORIENTED_EDGE('',*,*,#737,.F.);
#737 = EDGE_CURVE('',#738,#740,#742,.T.);
#738 = VERTEX_POINT('',#739);
#739 = CARTESIAN_POINT('',(-1.14,-0.92,1.05));
#740 = VERTEX_POINT('',#741);
#741 = CARTESIAN_POINT('',(1.14,-0.92,1.05));
#742 = LINE('',#743,#744);
#743 = CARTESIAN_POINT('',(-1.14,-0.92,1.05));
#744 = VECTOR('',#745,1.);
#745 = DIRECTION('',(1.,0.,0.));
#746 = ORIENTED_EDGE('',*,*,#747,.F.);
#747 = EDGE_CURVE('',#748,#738,#750,.T.);
#748 = VERTEX_POINT('',#749);
#749 = CARTESIAN_POINT('',(-1.14,0.92,1.05));
#750 = LINE('',#751,#752);
#751 = CARTESIAN_POINT('',(-1.14,0.92,1.05));
#752 = VECTOR('',#753,1.);
#753 = DIRECTION('',(0.,-1.,0.));
#754 = ORIENTED_EDGE('',*,*,#755,.F.);
#755 = EDGE_CURVE('',#756,#748,#758,.T.);
#756 = VERTEX_POINT('',#757);
#757 = CARTESIAN_POINT('',(1.14,0.92,1.05));
#758 = LINE('',#759,#760);
#759 = CARTESIAN_POINT('',(1.14,0.92,1.05));
#760 = VECTOR('',#761,1.);
#761 = DIRECTION('',(-1.,0.,0.));
#762 = ORIENTED_EDGE('',*,*,#763,.F.);
#763 = EDGE_CURVE('',#740,#756,#764,.T.);
#764 = LINE('',#765,#766);
#765 = CARTESIAN_POINT('',(1.14,-0.92,1.05));
#766 = VECTOR('',#767,1.);
#767 = DIRECTION('',(0.,1.,0.));
#768 = PLANE('',#769);
#769 = AXIS2_PLACEMENT_3D('',#770,#771,#772);
#770 = CARTESIAN_POINT('',(0.,0.,1.05));
#771 = DIRECTION('',(0.,0.,1.));
#772 = DIRECTION('',(1.,0.,0.));
#773 = ADVANCED_FACE('',(#774),#870,.F.);
#774 = FACE_BOUND('',#775,.F.);
#775 = EDGE_LOOP('',(#776,#777,#785,#793,#801,#809,#815,#816,#817,#825,
    #833,#841,#847,#848,#856,#864));
#776 = ORIENTED_EDGE('',*,*,#598,.F.);
#777 = ORIENTED_EDGE('',*,*,#778,.F.);
#778 = EDGE_CURVE('',#779,#591,#781,.T.);
#779 = VERTEX_POINT('',#780);
#780 = CARTESIAN_POINT('',(-1.5,0.85,0.5));
#781 = LINE('',#782,#783);
#782 = CARTESIAN_POINT('',(-1.5,0.85,0.5));
#783 = VECTOR('',#784,1.);
#784 = DIRECTION('',(-0.,8.9E-16,-1.));
#785 = ORIENTED_EDGE('',*,*,#786,.F.);
#786 = EDGE_CURVE('',#787,#779,#789,.T.);
#787 = VERTEX_POINT('',#788);
#788 = CARTESIAN_POINT('',(-1.5,1.25,0.5));
#789 = LINE('',#790,#791);
#790 = CARTESIAN_POINT('',(-1.5,1.25,0.5));
#791 = VECTOR('',#792,1.);
#792 = DIRECTION('',(-0.,-1.,-6.7E-16));
#793 = ORIENTED_EDGE('',*,*,#794,.T.);
#794 = EDGE_CURVE('',#787,#795,#797,.T.);
#795 = VERTEX_POINT('',#796);
#796 = CARTESIAN_POINT('',(-1.5,1.25,0.65));
#797 = LINE('',#798,#799);
#798 = CARTESIAN_POINT('',(-1.5,1.25,0.));
#799 = VECTOR('',#800,1.);
#800 = DIRECTION('',(0.,0.,1.));
#801 = ORIENTED_EDGE('',*,*,#802,.F.);
#802 = EDGE_CURVE('',#803,#795,#805,.T.);
#803 = VERTEX_POINT('',#804);
#804 = CARTESIAN_POINT('',(-1.5,1.1,0.971676038076));
#805 = LINE('',#806,#807);
#806 = CARTESIAN_POINT('',(-1.5,1.299482222007,0.543885032464));
#807 = VECTOR('',#808,1.);
#808 = DIRECTION('',(0.,0.422618261741,-0.906307787037));
#809 = ORIENTED_EDGE('',*,*,#810,.T.);
#810 = EDGE_CURVE('',#803,#720,#811,.T.);
#811 = LINE('',#812,#813);
#812 = CARTESIAN_POINT('',(-1.5,1.1,0.485838019038));
#813 = VECTOR('',#814,1.);
#814 = DIRECTION('',(0.,2.83E-15,1.));
#815 = ORIENTED_EDGE('',*,*,#727,.T.);
#816 = ORIENTED_EDGE('',*,*,#244,.F.);
#817 = ORIENTED_EDGE('',*,*,#818,.T.);
#818 = EDGE_CURVE('',#245,#819,#821,.T.);
#819 = VERTEX_POINT('',#820);
#820 = CARTESIAN_POINT('',(-1.5,-1.25,0.65));
#821 = LINE('',#822,#823);
#822 = CARTESIAN_POINT('',(-1.5,-1.076224478061,1.022662809414));
#823 = VECTOR('',#824,1.);
#824 = DIRECTION('',(0.,-0.422618261741,-0.906307787037));
#825 = ORIENTED_EDGE('',*,*,#826,.F.);
#826 = EDGE_CURVE('',#827,#819,#829,.T.);
#827 = VERTEX_POINT('',#828);
#828 = CARTESIAN_POINT('',(-1.5,-1.25,0.5));
#829 = LINE('',#830,#831);
#830 = CARTESIAN_POINT('',(-1.5,-1.25,0.));
#831 = VECTOR('',#832,1.);
#832 = DIRECTION('',(0.,0.,1.));
#833 = ORIENTED_EDGE('',*,*,#834,.T.);
#834 = EDGE_CURVE('',#827,#835,#837,.T.);
#835 = VERTEX_POINT('',#836);
#836 = CARTESIAN_POINT('',(-1.5,-0.85,0.5));
#837 = LINE('',#838,#839);
#838 = CARTESIAN_POINT('',(-1.5,-1.1,0.5));
#839 = VECTOR('',#840,1.);
#840 = DIRECTION('',(0.,1.,-2.2E-16));
#841 = ORIENTED_EDGE('',*,*,#842,.T.);
#842 = EDGE_CURVE('',#835,#631,#843,.T.);
#843 = LINE('',#844,#845);
#844 = CARTESIAN_POINT('',(-1.5,-0.85,0.5));
#845 = VECTOR('',#846,1.);
#846 = DIRECTION('',(0.,0.,-1.));
#847 = ORIENTED_EDGE('',*,*,#630,.F.);
#848 = ORIENTED_EDGE('',*,*,#849,.T.);
#849 = EDGE_CURVE('',#623,#850,#852,.T.);
#850 = VERTEX_POINT('',#851);
#851 = CARTESIAN_POINT('',(-1.5,-0.7,0.1));
#852 = LINE('',#853,#854);
#853 = CARTESIAN_POINT('',(-1.5,-0.7,0.));
#854 = VECTOR('',#855,1.);
#855 = DIRECTION('',(0.,0.,1.));
#856 = ORIENTED_EDGE('',*,*,#857,.T.);
#857 = EDGE_CURVE('',#850,#858,#860,.T.);
#858 = VERTEX_POINT('',#859);
#859 = CARTESIAN_POINT('',(-1.5,0.7,0.1));
#860 = LINE('',#861,#862);
#861 = CARTESIAN_POINT('',(-1.5,-0.7,0.1));
#862 = VECTOR('',#863,1.);
#863 = DIRECTION('',(0.,1.,0.));
#864 = ORIENTED_EDGE('',*,*,#865,.F.);
#865 = EDGE_CURVE('',#599,#858,#866,.T.);
#866 = LINE('',#867,#868);
#867 = CARTESIAN_POINT('',(-1.5,0.7,0.));
#868 = VECTOR('',#869,1.);
#869 = DIRECTION('',(0.,0.,1.));
#870 = PLANE('',#871);
#871 = AXIS2_PLACEMENT_3D('',#872,#873,#874);
#872 = CARTESIAN_POINT('',(-1.5,1.25,0.));
#873 = DIRECTION('',(1.,0.,0.));
#874 = DIRECTION('',(0.,-1.,0.));
#875 = ADVANCED_FACE('',(#876),#894,.T.);
#876 = FACE_BOUND('',#877,.T.);
#877 = EDGE_LOOP('',(#878,#886,#887,#888));
#878 = ORIENTED_EDGE('',*,*,#879,.T.);
#879 = EDGE_CURVE('',#880,#253,#882,.T.);
#880 = VERTEX_POINT('',#881);
#881 = CARTESIAN_POINT('',(-1.25,-1.25,0.65));
#882 = LINE('',#883,#884);
#883 = CARTESIAN_POINT('',(-1.25,-1.098395555688,0.975116780007));
#884 = VECTOR('',#885,1.);
#885 = DIRECTION('',(0.,0.422618261741,0.906307787037));
#886 = ORIENTED_EDGE('',*,*,#252,.T.);
#887 = ORIENTED_EDGE('',*,*,#818,.T.);
#888 = ORIENTED_EDGE('',*,*,#889,.F.);
#889 = EDGE_CURVE('',#880,#819,#890,.T.);
#890 = LINE('',#891,#892);
#891 = CARTESIAN_POINT('',(4.08426067361,-1.25,0.65));
#892 = VECTOR('',#893,1.);
#893 = DIRECTION('',(-1.,-0.,-0.));
#894 = PLANE('',#895);
#895 = AXIS2_PLACEMENT_3D('',#896,#897,#898);
#896 = CARTESIAN_POINT('',(4.08426067361,-1.1,0.971676038076));
#897 = DIRECTION('',(0.,-0.906307787037,0.422618261741));
#898 = DIRECTION('',(0.,-0.422618261741,-0.906307787037));
#899 = ADVANCED_FACE('',(#900),#918,.F.);
#900 = FACE_BOUND('',#901,.F.);
#901 = EDGE_LOOP('',(#902,#910,#911,#912));
#902 = ORIENTED_EDGE('',*,*,#903,.F.);
#903 = EDGE_CURVE('',#880,#904,#906,.T.);
#904 = VERTEX_POINT('',#905);
#905 = CARTESIAN_POINT('',(-1.25,-1.25,0.5));
#906 = LINE('',#907,#908);
#907 = CARTESIAN_POINT('',(-1.25,-1.25,1.05));
#908 = VECTOR('',#909,1.);
#909 = DIRECTION('',(0.,0.,-1.));
#910 = ORIENTED_EDGE('',*,*,#879,.T.);
#911 = ORIENTED_EDGE('',*,*,#260,.T.);
#912 = ORIENTED_EDGE('',*,*,#913,.F.);
#913 = EDGE_CURVE('',#904,#261,#914,.T.);
#914 = LINE('',#915,#916);
#915 = CARTESIAN_POINT('',(-1.25,-1.25,0.5));
#916 = VECTOR('',#917,1.);
#917 = DIRECTION('',(0.,1.,-2.2E-16));
#918 = PLANE('',#919);
#919 = AXIS2_PLACEMENT_3D('',#920,#921,#922);
#920 = CARTESIAN_POINT('',(-1.25,-1.25,1.05));
#921 = DIRECTION('',(-1.,0.,0.));
#922 = DIRECTION('',(-0.,-2.2E-16,-1.));
#923 = ADVANCED_FACE('',(#924),#942,.T.);
#924 = FACE_BOUND('',#925,.T.);
#925 = EDGE_LOOP('',(#926,#927,#928,#929,#935,#936));
#926 = ORIENTED_EDGE('',*,*,#462,.F.);
#927 = ORIENTED_EDGE('',*,*,#268,.T.);
#928 = ORIENTED_EDGE('',*,*,#913,.F.);
#929 = ORIENTED_EDGE('',*,*,#930,.T.);
#930 = EDGE_CURVE('',#904,#827,#931,.T.);
#931 = LINE('',#932,#933);
#932 = CARTESIAN_POINT('',(-1.25,-1.25,0.5));
#933 = VECTOR('',#934,1.);
#934 = DIRECTION('',(-1.,0.,0.));
#935 = ORIENTED_EDGE('',*,*,#834,.T.);
#936 = ORIENTED_EDGE('',*,*,#937,.F.);
#937 = EDGE_CURVE('',#455,#835,#938,.T.);
#938 = LINE('',#939,#940);
#939 = CARTESIAN_POINT('',(-1.15,-0.85,0.5));
#940 = VECTOR('',#941,1.);
#941 = DIRECTION('',(-1.,0.,0.));
#942 = PLANE('',#943);
#943 = AXIS2_PLACEMENT_3D('',#944,#945,#946);
#944 = CARTESIAN_POINT('',(-1.335,-1.04,0.5));
#945 = DIRECTION('',(-0.,-6.5E-16,-1.));
#946 = DIRECTION('',(0.,-1.,6.5E-16));
#947 = ADVANCED_FACE('',(#948),#966,.T.);
#948 = FACE_BOUND('',#949,.T.);
#949 = EDGE_LOOP('',(#950,#958,#964,#965));
#950 = ORIENTED_EDGE('',*,*,#951,.T.);
#951 = EDGE_CURVE('',#504,#952,#954,.T.);
#952 = VERTEX_POINT('',#953);
#953 = CARTESIAN_POINT('',(1.4,-0.7,0.1));
#954 = LINE('',#955,#956);
#955 = CARTESIAN_POINT('',(1.4,-0.7,0.));
#956 = VECTOR('',#957,1.);
#957 = DIRECTION('',(0.,0.,1.));
#958 = ORIENTED_EDGE('',*,*,#959,.T.);
#959 = EDGE_CURVE('',#952,#368,#960,.T.);
#960 = LINE('',#961,#962);
#961 = CARTESIAN_POINT('',(1.4,-0.7,0.1));
#962 = VECTOR('',#963,1.);
#963 = DIRECTION('',(1.,0.,0.));
#964 = ORIENTED_EDGE('',*,*,#375,.F.);
#965 = ORIENTED_EDGE('',*,*,#503,.F.);
#966 = PLANE('',#967);
#967 = AXIS2_PLACEMENT_3D('',#968,#969,#970);
#968 = CARTESIAN_POINT('',(1.4,-0.7,0.));
#969 = DIRECTION('',(0.,1.,0.));
#970 = DIRECTION('',(1.,0.,0.));
#971 = ADVANCED_FACE('',(#972),#990,.F.);
#972 = FACE_BOUND('',#973,.F.);
#973 = EDGE_LOOP('',(#974,#982,#988,#989));
#974 = ORIENTED_EDGE('',*,*,#975,.T.);
#975 = EDGE_CURVE('',#360,#976,#978,.T.);
#976 = VERTEX_POINT('',#977);
#977 = CARTESIAN_POINT('',(1.4,0.7,0.1));
#978 = LINE('',#979,#980);
#979 = CARTESIAN_POINT('',(1.5,0.7,0.1));
#980 = VECTOR('',#981,1.);
#981 = DIRECTION('',(-1.,0.,0.));
#982 = ORIENTED_EDGE('',*,*,#983,.T.);
#983 = EDGE_CURVE('',#976,#952,#984,.T.);
#984 = LINE('',#985,#986);
#985 = CARTESIAN_POINT('',(1.4,0.7,0.1));
#986 = VECTOR('',#987,1.);
#987 = DIRECTION('',(0.,-1.,0.));
#988 = ORIENTED_EDGE('',*,*,#959,.T.);
#989 = ORIENTED_EDGE('',*,*,#367,.T.);
#990 = PLANE('',#991);
#991 = AXIS2_PLACEMENT_3D('',#992,#993,#994);
#992 = CARTESIAN_POINT('',(-1.5E-16,1.E-17,0.1));
#993 = DIRECTION('',(0.,0.,1.));
#994 = DIRECTION('',(1.,0.,0.));
#995 = ADVANCED_FACE('',(#996),#1007,.T.);
#996 = FACE_BOUND('',#997,.T.);
#997 = EDGE_LOOP('',(#998,#999,#1000,#1006));
#998 = ORIENTED_EDGE('',*,*,#359,.T.);
#999 = ORIENTED_EDGE('',*,*,#975,.T.);
#1000 = ORIENTED_EDGE('',*,*,#1001,.F.);
#1001 = EDGE_CURVE('',#512,#976,#1002,.T.);
#1002 = LINE('',#1003,#1004);
#1003 = CARTESIAN_POINT('',(1.4,0.7,0.));
#1004 = VECTOR('',#1005,1.);
#1005 = DIRECTION('',(0.,0.,1.));
#1006 = ORIENTED_EDGE('',*,*,#519,.F.);
#1007 = PLANE('',#1008);
#1008 = AXIS2_PLACEMENT_3D('',#1009,#1010,#1011);
#1009 = CARTESIAN_POINT('',(1.5,0.7,0.));
#1010 = DIRECTION('',(0.,-1.,0.));
#1011 = DIRECTION('',(-1.,0.,0.));
#1012 = ADVANCED_FACE('',(#1013),#1031,.F.);
#1013 = FACE_BOUND('',#1014,.T.);
#1014 = EDGE_LOOP('',(#1015,#1016,#1017,#1025));
#1015 = ORIENTED_EDGE('',*,*,#343,.T.);
#1016 = ORIENTED_EDGE('',*,*,#526,.T.);
#1017 = ORIENTED_EDGE('',*,*,#1018,.T.);
#1018 = EDGE_CURVE('',#527,#1019,#1021,.T.);
#1019 = VERTEX_POINT('',#1020);
#1020 = CARTESIAN_POINT('',(1.15,0.85,0.5));
#1021 = LINE('',#1022,#1023);
#1022 = CARTESIAN_POINT('',(1.15,0.85,0.));
#1023 = VECTOR('',#1024,1.);
#1024 = DIRECTION('',(0.,0.,1.));
#1025 = ORIENTED_EDGE('',*,*,#1026,.T.);
#1026 = EDGE_CURVE('',#1019,#336,#1027,.T.);
#1027 = LINE('',#1028,#1029);
#1028 = CARTESIAN_POINT('',(1.15,0.85,0.5));
#1029 = VECTOR('',#1030,1.);
#1030 = DIRECTION('',(1.,0.,0.));
#1031 = PLANE('',#1032);
#1032 = AXIS2_PLACEMENT_3D('',#1033,#1034,#1035);
#1033 = CARTESIAN_POINT('',(1.325,0.85,0.25));
#1034 = DIRECTION('',(0.,-1.,-4.4E-16));
#1035 = DIRECTION('',(0.,-4.4E-16,1.));
#1036 = ADVANCED_FACE('',(#1037),#1071,.T.);
#1037 = FACE_BOUND('',#1038,.T.);
#1038 = EDGE_LOOP('',(#1039,#1047,#1055,#1063,#1069,#1070));
#1039 = ORIENTED_EDGE('',*,*,#1040,.F.);
#1040 = EDGE_CURVE('',#1041,#1019,#1043,.T.);
#1041 = VERTEX_POINT('',#1042);
#1042 = CARTESIAN_POINT('',(1.15,1.1,0.5));
#1043 = LINE('',#1044,#1045);
#1044 = CARTESIAN_POINT('',(1.15,1.1,0.5));
#1045 = VECTOR('',#1046,1.);
#1046 = DIRECTION('',(0.,-1.,-2.2E-16));
#1047 = ORIENTED_EDGE('',*,*,#1048,.T.);
#1048 = EDGE_CURVE('',#1041,#1049,#1051,.T.);
#1049 = VERTEX_POINT('',#1050);
#1050 = CARTESIAN_POINT('',(1.25,1.1,0.5));
#1051 = LINE('',#1052,#1053);
#1052 = CARTESIAN_POINT('',(1.15,1.1,0.5));
#1053 = VECTOR('',#1054,1.);
#1054 = DIRECTION('',(1.,0.,0.));
#1055 = ORIENTED_EDGE('',*,*,#1056,.F.);
#1056 = EDGE_CURVE('',#1057,#1049,#1059,.T.);
#1057 = VERTEX_POINT('',#1058);
#1058 = CARTESIAN_POINT('',(1.25,1.25,0.5));
#1059 = LINE('',#1060,#1061);
#1060 = CARTESIAN_POINT('',(1.25,1.25,0.5));
#1061 = VECTOR('',#1062,1.);
#1062 = DIRECTION('',(0.,-1.,-2.2E-16));
#1063 = ORIENTED_EDGE('',*,*,#1064,.T.);
#1064 = EDGE_CURVE('',#1057,#328,#1065,.T.);
#1065 = LINE('',#1066,#1067);
#1066 = CARTESIAN_POINT('',(1.25,1.25,0.5));
#1067 = VECTOR('',#1068,1.);
#1068 = DIRECTION('',(1.,0.,0.));
#1069 = ORIENTED_EDGE('',*,*,#335,.T.);
#1070 = ORIENTED_EDGE('',*,*,#1026,.F.);
#1071 = PLANE('',#1072);
#1072 = AXIS2_PLACEMENT_3D('',#1073,#1074,#1075);
#1073 = CARTESIAN_POINT('',(1.335,1.04,0.5));
#1074 = DIRECTION('',(2.7E-16,1.16E-15,-1.));
#1075 = DIRECTION('',(0.,-1.,-1.16E-15));
#1076 = ADVANCED_FACE('',(#1077),#1095,.F.);
#1077 = FACE_BOUND('',#1078,.F.);
#1078 = EDGE_LOOP('',(#1079,#1087,#1088,#1089));
#1079 = ORIENTED_EDGE('',*,*,#1080,.T.);
#1080 = EDGE_CURVE('',#1081,#1057,#1083,.T.);
#1081 = VERTEX_POINT('',#1082);
#1082 = CARTESIAN_POINT('',(1.25,1.25,0.65));
#1083 = LINE('',#1084,#1085);
#1084 = CARTESIAN_POINT('',(1.25,1.25,1.05));
#1085 = VECTOR('',#1086,1.);
#1086 = DIRECTION('',(0.,0.,-1.));
#1087 = ORIENTED_EDGE('',*,*,#1064,.T.);
#1088 = ORIENTED_EDGE('',*,*,#327,.T.);
#1089 = ORIENTED_EDGE('',*,*,#1090,.T.);
#1090 = EDGE_CURVE('',#320,#1081,#1091,.T.);
#1091 = LINE('',#1092,#1093);
#1092 = CARTESIAN_POINT('',(4.08426067361,1.25,0.65));
#1093 = VECTOR('',#1094,1.);
#1094 = DIRECTION('',(-1.,0.,0.));
#1095 = PLANE('',#1096);
#1096 = AXIS2_PLACEMENT_3D('',#1097,#1098,#1099);
#1097 = CARTESIAN_POINT('',(1.5,1.25,0.));
#1098 = DIRECTION('',(0.,-1.,0.));
#1099 = DIRECTION('',(-1.,0.,0.));
#1100 = ADVANCED_FACE('',(#1101),#1119,.T.);
#1101 = FACE_BOUND('',#1102,.F.);
#1102 = EDGE_LOOP('',(#1103,#1111,#1117,#1118));
#1103 = ORIENTED_EDGE('',*,*,#1104,.T.);
#1104 = EDGE_CURVE('',#312,#1105,#1107,.T.);
#1105 = VERTEX_POINT('',#1106);
#1106 = CARTESIAN_POINT('',(1.25,1.1,0.971676038076));
#1107 = LINE('',#1108,#1109);
#1108 = CARTESIAN_POINT('',(4.08426067361,1.1,0.971676038076));
#1109 = VECTOR('',#1110,1.);
#1110 = DIRECTION('',(-1.,0.,0.));
#1111 = ORIENTED_EDGE('',*,*,#1112,.T.);
#1112 = EDGE_CURVE('',#1105,#1081,#1113,.T.);
#1113 = LINE('',#1114,#1115);
#1114 = CARTESIAN_POINT('',(1.25,1.098395555688,0.975116780007));
#1115 = VECTOR('',#1116,1.);
#1116 = DIRECTION('',(1.1E-16,0.422618261741,-0.906307787037));
#1117 = ORIENTED_EDGE('',*,*,#1090,.F.);
#1118 = ORIENTED_EDGE('',*,*,#319,.T.);
#1119 = PLANE('',#1120);
#1120 = AXIS2_PLACEMENT_3D('',#1121,#1122,#1123);
#1121 = CARTESIAN_POINT('',(4.08426067361,1.1,0.971676038076));
#1122 = DIRECTION('',(0.,0.906307787037,0.422618261741));
#1123 = DIRECTION('',(0.,-0.422618261741,0.906307787037));
#1124 = ADVANCED_FACE('',(#1125),#1198,.T.);
#1125 = FACE_BOUND('',#1126,.T.);
#1126 = EDGE_LOOP('',(#1127,#1128,#1134,#1135,#1141,#1142,#1150,#1158,
    #1164,#1165,#1173,#1181,#1189,#1195,#1196,#1197));
#1127 = ORIENTED_EDGE('',*,*,#1104,.T.);
#1128 = ORIENTED_EDGE('',*,*,#1129,.T.);
#1129 = EDGE_CURVE('',#1105,#1049,#1130,.T.);
#1130 = LINE('',#1131,#1132);
#1131 = CARTESIAN_POINT('',(1.25,1.1,1.05));
#1132 = VECTOR('',#1133,1.);
#1133 = DIRECTION('',(0.,0.,-1.));
#1134 = ORIENTED_EDGE('',*,*,#1048,.F.);
#1135 = ORIENTED_EDGE('',*,*,#1136,.F.);
#1136 = EDGE_CURVE('',#535,#1041,#1137,.T.);
#1137 = LINE('',#1138,#1139);
#1138 = CARTESIAN_POINT('',(1.15,1.1,0.));
#1139 = VECTOR('',#1140,1.);
#1140 = DIRECTION('',(0.,0.,1.));
#1141 = ORIENTED_EDGE('',*,*,#542,.T.);
#1142 = ORIENTED_EDGE('',*,*,#1143,.T.);
#1143 = EDGE_CURVE('',#543,#1144,#1146,.T.);
#1144 = VERTEX_POINT('',#1145);
#1145 = CARTESIAN_POINT('',(0.85,1.1,0.55));
#1146 = LINE('',#1147,#1148);
#1147 = CARTESIAN_POINT('',(0.85,1.1,0.));
#1148 = VECTOR('',#1149,1.);
#1149 = DIRECTION('',(0.,0.,1.));
#1150 = ORIENTED_EDGE('',*,*,#1151,.F.);
#1151 = EDGE_CURVE('',#1152,#1144,#1154,.T.);
#1152 = VERTEX_POINT('',#1153);
#1153 = CARTESIAN_POINT('',(-0.85,1.1,0.55));
#1154 = LINE('',#1155,#1156);
#1155 = CARTESIAN_POINT('',(-0.85,1.1,0.55));
#1156 = VECTOR('',#1157,1.);
#1157 = DIRECTION('',(1.,0.,0.));
#1158 = ORIENTED_EDGE('',*,*,#1159,.F.);
#1159 = EDGE_CURVE('',#567,#1152,#1160,.T.);
#1160 = LINE('',#1161,#1162);
#1161 = CARTESIAN_POINT('',(-0.85,1.1,9.8E-16));
#1162 = VECTOR('',#1163,1.);
#1163 = DIRECTION('',(0.,-8.9E-16,1.));
#1164 = ORIENTED_EDGE('',*,*,#574,.F.);
#1165 = ORIENTED_EDGE('',*,*,#1166,.T.);
#1166 = EDGE_CURVE('',#575,#1167,#1169,.T.);
#1167 = VERTEX_POINT('',#1168);
#1168 = CARTESIAN_POINT('',(-1.15,1.1,0.5));
#1169 = LINE('',#1170,#1171);
#1170 = CARTESIAN_POINT('',(-1.15,1.1,9.8E-16));
#1171 = VECTOR('',#1172,1.);
#1172 = DIRECTION('',(0.,-8.9E-16,1.));
#1173 = ORIENTED_EDGE('',*,*,#1174,.T.);
#1174 = EDGE_CURVE('',#1167,#1175,#1177,.T.);
#1175 = VERTEX_POINT('',#1176);
#1176 = CARTESIAN_POINT('',(-1.25,1.1,0.5));
#1177 = LINE('',#1178,#1179);
#1178 = CARTESIAN_POINT('',(-1.15,1.1,0.5));
#1179 = VECTOR('',#1180,1.);
#1180 = DIRECTION('',(-1.,0.,0.));
#1181 = ORIENTED_EDGE('',*,*,#1182,.F.);
#1182 = EDGE_CURVE('',#1183,#1175,#1185,.T.);
#1183 = VERTEX_POINT('',#1184);
#1184 = CARTESIAN_POINT('',(-1.25,1.1,0.971676038076));
#1185 = LINE('',#1186,#1187);
#1186 = CARTESIAN_POINT('',(-1.25,1.1,1.05));
#1187 = VECTOR('',#1188,1.);
#1188 = DIRECTION('',(-0.,8.9E-16,-1.));
#1189 = ORIENTED_EDGE('',*,*,#1190,.T.);
#1190 = EDGE_CURVE('',#1183,#803,#1191,.T.);
#1191 = LINE('',#1192,#1193);
#1192 = CARTESIAN_POINT('',(4.08426067361,1.1,0.971676038076));
#1193 = VECTOR('',#1194,1.);
#1194 = DIRECTION('',(-1.,0.,0.));
#1195 = ORIENTED_EDGE('',*,*,#810,.T.);
#1196 = ORIENTED_EDGE('',*,*,#719,.F.);
#1197 = ORIENTED_EDGE('',*,*,#311,.T.);
#1198 = PLANE('',#1199);
#1199 = AXIS2_PLACEMENT_3D('',#1200,#1201,#1202);
#1200 = CARTESIAN_POINT('',(-8.E-17,1.1,0.660417175982));
#1201 = DIRECTION('',(0.,1.,5.E-16));
#1202 = DIRECTION('',(0.,-5.E-16,1.));
#1203 = ADVANCED_FACE('',(#1204),#1210,.F.);
#1204 = FACE_BOUND('',#1205,.T.);
#1205 = EDGE_LOOP('',(#1206,#1207,#1208,#1209));
#1206 = ORIENTED_EDGE('',*,*,#842,.T.);
#1207 = ORIENTED_EDGE('',*,*,#638,.T.);
#1208 = ORIENTED_EDGE('',*,*,#454,.T.);
#1209 = ORIENTED_EDGE('',*,*,#937,.T.);
#1210 = PLANE('',#1211);
#1211 = AXIS2_PLACEMENT_3D('',#1212,#1213,#1214);
#1212 = CARTESIAN_POINT('',(-1.325,-0.85,0.25));
#1213 = DIRECTION('',(0.,1.,-4.4E-16));
#1214 = DIRECTION('',(0.,4.4E-16,1.));
#1215 = ADVANCED_FACE('',(#1216),#1234,.F.);
#1216 = FACE_BOUND('',#1217,.F.);
#1217 = EDGE_LOOP('',(#1218,#1226,#1232,#1233));
#1218 = ORIENTED_EDGE('',*,*,#1219,.T.);
#1219 = EDGE_CURVE('',#615,#1220,#1222,.T.);
#1220 = VERTEX_POINT('',#1221);
#1221 = CARTESIAN_POINT('',(-1.4,-0.7,0.1));
#1222 = LINE('',#1223,#1224);
#1223 = CARTESIAN_POINT('',(-1.4,-0.7,0.));
#1224 = VECTOR('',#1225,1.);
#1225 = DIRECTION('',(0.,0.,1.));
#1226 = ORIENTED_EDGE('',*,*,#1227,.T.);
#1227 = EDGE_CURVE('',#1220,#850,#1228,.T.);
#1228 = LINE('',#1229,#1230);
#1229 = CARTESIAN_POINT('',(-1.4,-0.7,0.1));
#1230 = VECTOR('',#1231,1.);
#1231 = DIRECTION('',(-1.,0.,0.));
#1232 = ORIENTED_EDGE('',*,*,#849,.F.);
#1233 = ORIENTED_EDGE('',*,*,#622,.F.);
#1234 = PLANE('',#1235);
#1235 = AXIS2_PLACEMENT_3D('',#1236,#1237,#1238);
#1236 = CARTESIAN_POINT('',(-1.4,-0.7,0.));
#1237 = DIRECTION('',(0.,-1.,0.));
#1238 = DIRECTION('',(-1.,0.,0.));
#1239 = ADVANCED_FACE('',(#1240),#1258,.F.);
#1240 = FACE_BOUND('',#1241,.F.);
#1241 = EDGE_LOOP('',(#1242,#1250,#1256,#1257));
#1242 = ORIENTED_EDGE('',*,*,#1243,.T.);
#1243 = EDGE_CURVE('',#607,#1244,#1246,.T.);
#1244 = VERTEX_POINT('',#1245);
#1245 = CARTESIAN_POINT('',(-1.4,0.7,0.1));
#1246 = LINE('',#1247,#1248);
#1247 = CARTESIAN_POINT('',(-1.4,0.7,0.));
#1248 = VECTOR('',#1249,1.);
#1249 = DIRECTION('',(0.,0.,1.));
#1250 = ORIENTED_EDGE('',*,*,#1251,.T.);
#1251 = EDGE_CURVE('',#1244,#1220,#1252,.T.);
#1252 = LINE('',#1253,#1254);
#1253 = CARTESIAN_POINT('',(-1.4,0.7,0.1));
#1254 = VECTOR('',#1255,1.);
#1255 = DIRECTION('',(0.,-1.,0.));
#1256 = ORIENTED_EDGE('',*,*,#1219,.F.);
#1257 = ORIENTED_EDGE('',*,*,#614,.F.);
#1258 = PLANE('',#1259);
#1259 = AXIS2_PLACEMENT_3D('',#1260,#1261,#1262);
#1260 = CARTESIAN_POINT('',(-1.4,0.7,0.));
#1261 = DIRECTION('',(1.,0.,0.));
#1262 = DIRECTION('',(0.,-1.,0.));
#1263 = ADVANCED_FACE('',(#1264),#1275,.F.);
#1264 = FACE_BOUND('',#1265,.F.);
#1265 = EDGE_LOOP('',(#1266,#1267,#1273,#1274));
#1266 = ORIENTED_EDGE('',*,*,#865,.T.);
#1267 = ORIENTED_EDGE('',*,*,#1268,.T.);
#1268 = EDGE_CURVE('',#858,#1244,#1269,.T.);
#1269 = LINE('',#1270,#1271);
#1270 = CARTESIAN_POINT('',(-1.5,0.7,0.1));
#1271 = VECTOR('',#1272,1.);
#1272 = DIRECTION('',(1.,0.,0.));
#1273 = ORIENTED_EDGE('',*,*,#1243,.F.);
#1274 = ORIENTED_EDGE('',*,*,#606,.F.);
#1275 = PLANE('',#1276);
#1276 = AXIS2_PLACEMENT_3D('',#1277,#1278,#1279);
#1277 = CARTESIAN_POINT('',(-1.5,0.7,0.));
#1278 = DIRECTION('',(0.,1.,0.));
#1279 = DIRECTION('',(1.,0.,0.));
#1280 = ADVANCED_FACE('',(#1281),#1299,.F.);
#1281 = FACE_BOUND('',#1282,.F.);
#1282 = EDGE_LOOP('',(#1283,#1284,#1285,#1293));
#1283 = ORIENTED_EDGE('',*,*,#778,.T.);
#1284 = ORIENTED_EDGE('',*,*,#590,.T.);
#1285 = ORIENTED_EDGE('',*,*,#1286,.T.);
#1286 = EDGE_CURVE('',#583,#1287,#1289,.T.);
#1287 = VERTEX_POINT('',#1288);
#1288 = CARTESIAN_POINT('',(-1.15,0.85,0.5));
#1289 = LINE('',#1290,#1291);
#1290 = CARTESIAN_POINT('',(-1.15,0.85,7.5E-16));
#1291 = VECTOR('',#1292,1.);
#1292 = DIRECTION('',(0.,-8.9E-16,1.));
#1293 = ORIENTED_EDGE('',*,*,#1294,.T.);
#1294 = EDGE_CURVE('',#1287,#779,#1295,.T.);
#1295 = LINE('',#1296,#1297);
#1296 = CARTESIAN_POINT('',(-1.15,0.85,0.5));
#1297 = VECTOR('',#1298,1.);
#1298 = DIRECTION('',(-1.,0.,0.));
#1299 = PLANE('',#1300);
#1300 = AXIS2_PLACEMENT_3D('',#1301,#1302,#1303);
#1301 = CARTESIAN_POINT('',(-1.325,0.85,0.25));
#1302 = DIRECTION('',(-0.,-1.,-8.9E-16));
#1303 = DIRECTION('',(0.,8.9E-16,-1.));
#1304 = ADVANCED_FACE('',(#1305),#1316,.F.);
#1305 = FACE_BOUND('',#1306,.T.);
#1306 = EDGE_LOOP('',(#1307,#1308,#1309,#1315));
#1307 = ORIENTED_EDGE('',*,*,#582,.T.);
#1308 = ORIENTED_EDGE('',*,*,#1286,.T.);
#1309 = ORIENTED_EDGE('',*,*,#1310,.F.);
#1310 = EDGE_CURVE('',#1167,#1287,#1311,.T.);
#1311 = LINE('',#1312,#1313);
#1312 = CARTESIAN_POINT('',(-1.15,1.1,0.5));
#1313 = VECTOR('',#1314,1.);
#1314 = DIRECTION('',(-0.,-1.,-6.7E-16));
#1315 = ORIENTED_EDGE('',*,*,#1166,.F.);
#1316 = PLANE('',#1317);
#1317 = AXIS2_PLACEMENT_3D('',#1318,#1319,#1320);
#1318 = CARTESIAN_POINT('',(-1.15,1.1,4.9E-16));
#1319 = DIRECTION('',(1.,0.,0.));
#1320 = DIRECTION('',(0.,6.7E-16,-1.));
#1321 = ADVANCED_FACE('',(#1322),#1340,.F.);
#1322 = FACE_BOUND('',#1323,.T.);
#1323 = EDGE_LOOP('',(#1324,#1325,#1326,#1334));
#1324 = ORIENTED_EDGE('',*,*,#566,.T.);
#1325 = ORIENTED_EDGE('',*,*,#1159,.T.);
#1326 = ORIENTED_EDGE('',*,*,#1327,.F.);
#1327 = EDGE_CURVE('',#1328,#1152,#1330,.T.);
#1328 = VERTEX_POINT('',#1329);
#1329 = CARTESIAN_POINT('',(-0.85,1.25,0.55));
#1330 = LINE('',#1331,#1332);
#1331 = CARTESIAN_POINT('',(-0.85,1.25,0.55));
#1332 = VECTOR('',#1333,1.);
#1333 = DIRECTION('',(-0.,-1.,-6.7E-16));
#1334 = ORIENTED_EDGE('',*,*,#1335,.F.);
#1335 = EDGE_CURVE('',#559,#1328,#1336,.T.);
#1336 = LINE('',#1337,#1338);
#1337 = CARTESIAN_POINT('',(-0.85,1.25,1.11E-15));
#1338 = VECTOR('',#1339,1.);
#1339 = DIRECTION('',(0.,-8.9E-16,1.));
#1340 = PLANE('',#1341);
#1341 = AXIS2_PLACEMENT_3D('',#1342,#1343,#1344);
#1342 = CARTESIAN_POINT('',(-0.85,1.25,5.6E-16));
#1343 = DIRECTION('',(1.,0.,0.));
#1344 = DIRECTION('',(0.,6.7E-16,-1.));
#1345 = ADVANCED_FACE('',(#1346),#1364,.F.);
#1346 = FACE_BOUND('',#1347,.F.);
#1347 = EDGE_LOOP('',(#1348,#1349,#1357,#1363));
#1348 = ORIENTED_EDGE('',*,*,#558,.F.);
#1349 = ORIENTED_EDGE('',*,*,#1350,.T.);
#1350 = EDGE_CURVE('',#551,#1351,#1353,.T.);
#1351 = VERTEX_POINT('',#1352);
#1352 = CARTESIAN_POINT('',(0.85,1.25,0.55));
#1353 = LINE('',#1354,#1355);
#1354 = CARTESIAN_POINT('',(0.85,1.25,0.));
#1355 = VECTOR('',#1356,1.);
#1356 = DIRECTION('',(0.,0.,1.));
#1357 = ORIENTED_EDGE('',*,*,#1358,.F.);
#1358 = EDGE_CURVE('',#1328,#1351,#1359,.T.);
#1359 = LINE('',#1360,#1361);
#1360 = CARTESIAN_POINT('',(-0.85,1.25,0.55));
#1361 = VECTOR('',#1362,1.);
#1362 = DIRECTION('',(1.,0.,0.));
#1363 = ORIENTED_EDGE('',*,*,#1335,.F.);
#1364 = PLANE('',#1365);
#1365 = AXIS2_PLACEMENT_3D('',#1366,#1367,#1368);
#1366 = CARTESIAN_POINT('',(1.5,1.25,0.));
#1367 = DIRECTION('',(0.,-1.,0.));
#1368 = DIRECTION('',(-1.,0.,0.));
#1369 = ADVANCED_FACE('',(#1370),#1381,.F.);
#1370 = FACE_BOUND('',#1371,.F.);
#1371 = EDGE_LOOP('',(#1372,#1373,#1374,#1380));
#1372 = ORIENTED_EDGE('',*,*,#550,.T.);
#1373 = ORIENTED_EDGE('',*,*,#1143,.T.);
#1374 = ORIENTED_EDGE('',*,*,#1375,.F.);
#1375 = EDGE_CURVE('',#1351,#1144,#1376,.T.);
#1376 = LINE('',#1377,#1378);
#1377 = CARTESIAN_POINT('',(0.85,1.25,0.55));
#1378 = VECTOR('',#1379,1.);
#1379 = DIRECTION('',(0.,-1.,-2.2E-16));
#1380 = ORIENTED_EDGE('',*,*,#1350,.F.);
#1381 = PLANE('',#1382);
#1382 = AXIS2_PLACEMENT_3D('',#1383,#1384,#1385);
#1383 = CARTESIAN_POINT('',(0.85,1.25,0.));
#1384 = DIRECTION('',(-1.,0.,0.));
#1385 = DIRECTION('',(0.,-2.2E-16,1.));
#1386 = ADVANCED_FACE('',(#1387),#1393,.F.);
#1387 = FACE_BOUND('',#1388,.F.);
#1388 = EDGE_LOOP('',(#1389,#1390,#1391,#1392));
#1389 = ORIENTED_EDGE('',*,*,#534,.T.);
#1390 = ORIENTED_EDGE('',*,*,#1018,.T.);
#1391 = ORIENTED_EDGE('',*,*,#1040,.F.);
#1392 = ORIENTED_EDGE('',*,*,#1136,.F.);
#1393 = PLANE('',#1394);
#1394 = AXIS2_PLACEMENT_3D('',#1395,#1396,#1397);
#1395 = CARTESIAN_POINT('',(1.15,1.1,0.));
#1396 = DIRECTION('',(-1.,0.,0.));
#1397 = DIRECTION('',(0.,-2.2E-16,1.));
#1398 = ADVANCED_FACE('',(#1399),#1405,.T.);
#1399 = FACE_BOUND('',#1400,.T.);
#1400 = EDGE_LOOP('',(#1401,#1402,#1403,#1404));
#1401 = ORIENTED_EDGE('',*,*,#1001,.T.);
#1402 = ORIENTED_EDGE('',*,*,#983,.T.);
#1403 = ORIENTED_EDGE('',*,*,#951,.F.);
#1404 = ORIENTED_EDGE('',*,*,#511,.F.);
#1405 = PLANE('',#1406);
#1406 = AXIS2_PLACEMENT_3D('',#1407,#1408,#1409);
#1407 = CARTESIAN_POINT('',(1.4,0.7,0.));
#1408 = DIRECTION('',(1.,0.,0.));
#1409 = DIRECTION('',(0.,-1.,0.));
#1410 = ADVANCED_FACE('',(#1411),#1417,.F.);
#1411 = FACE_BOUND('',#1412,.F.);
#1412 = EDGE_LOOP('',(#1413,#1414,#1415,#1416));
#1413 = ORIENTED_EDGE('',*,*,#485,.F.);
#1414 = ORIENTED_EDGE('',*,*,#664,.T.);
#1415 = ORIENTED_EDGE('',*,*,#688,.F.);
#1416 = ORIENTED_EDGE('',*,*,#705,.F.);
#1417 = PLANE('',#1418);
#1418 = AXIS2_PLACEMENT_3D('',#1419,#1420,#1421);
#1419 = CARTESIAN_POINT('',(-1.5,-1.25,0.));
#1420 = DIRECTION('',(0.,1.,0.));
#1421 = DIRECTION('',(1.,0.,0.));
#1422 = ADVANCED_FACE('',(#1423),#1448,.F.);
#1423 = FACE_BOUND('',#1424,.F.);
#1424 = EDGE_LOOP('',(#1425,#1433,#1441,#1447));
#1425 = ORIENTED_EDGE('',*,*,#1426,.T.);
#1426 = EDGE_CURVE('',#738,#1427,#1429,.T.);
#1427 = VERTEX_POINT('',#1428);
#1428 = CARTESIAN_POINT('',(-1.14,-0.92,0.85));
#1429 = LINE('',#1430,#1431);
#1430 = CARTESIAN_POINT('',(-1.14,-0.92,1.05));
#1431 = VECTOR('',#1432,1.);
#1432 = DIRECTION('',(-0.,-0.,-1.));
#1433 = ORIENTED_EDGE('',*,*,#1434,.T.);
#1434 = EDGE_CURVE('',#1427,#1435,#1437,.T.);
#1435 = VERTEX_POINT('',#1436);
#1436 = CARTESIAN_POINT('',(1.14,-0.92,0.85));
#1437 = LINE('',#1438,#1439);
#1438 = CARTESIAN_POINT('',(-1.14,-0.92,0.85));
#1439 = VECTOR('',#1440,1.);
#1440 = DIRECTION('',(1.,0.,0.));
#1441 = ORIENTED_EDGE('',*,*,#1442,.F.);
#1442 = EDGE_CURVE('',#740,#1435,#1443,.T.);
#1443 = LINE('',#1444,#1445);
#1444 = CARTESIAN_POINT('',(1.14,-0.92,1.05));
#1445 = VECTOR('',#1446,1.);
#1446 = DIRECTION('',(-0.,-0.,-1.));
#1447 = ORIENTED_EDGE('',*,*,#737,.F.);
#1448 = PLANE('',#1449);
#1449 = AXIS2_PLACEMENT_3D('',#1450,#1451,#1452);
#1450 = CARTESIAN_POINT('',(-1.14,-0.92,1.05));
#1451 = DIRECTION('',(0.,-1.,0.));
#1452 = DIRECTION('',(1.,0.,0.));
#1453 = ADVANCED_FACE('',(#1454),#1472,.F.);
#1454 = FACE_BOUND('',#1455,.F.);
#1455 = EDGE_LOOP('',(#1456,#1457,#1465,#1471));
#1456 = ORIENTED_EDGE('',*,*,#1442,.T.);
#1457 = ORIENTED_EDGE('',*,*,#1458,.T.);
#1458 = EDGE_CURVE('',#1435,#1459,#1461,.T.);
#1459 = VERTEX_POINT('',#1460);
#1460 = CARTESIAN_POINT('',(1.14,0.92,0.85));
#1461 = LINE('',#1462,#1463);
#1462 = CARTESIAN_POINT('',(1.14,-0.92,0.85));
#1463 = VECTOR('',#1464,1.);
#1464 = DIRECTION('',(0.,1.,0.));
#1465 = ORIENTED_EDGE('',*,*,#1466,.F.);
#1466 = EDGE_CURVE('',#756,#1459,#1467,.T.);
#1467 = LINE('',#1468,#1469);
#1468 = CARTESIAN_POINT('',(1.14,0.92,1.05));
#1469 = VECTOR('',#1470,1.);
#1470 = DIRECTION('',(-0.,-0.,-1.));
#1471 = ORIENTED_EDGE('',*,*,#763,.F.);
#1472 = PLANE('',#1473);
#1473 = AXIS2_PLACEMENT_3D('',#1474,#1475,#1476);
#1474 = CARTESIAN_POINT('',(1.14,-0.92,1.05));
#1475 = DIRECTION('',(1.,0.,0.));
#1476 = DIRECTION('',(-0.,1.,0.));
#1477 = ADVANCED_FACE('',(#1478),#1496,.F.);
#1478 = FACE_BOUND('',#1479,.F.);
#1479 = EDGE_LOOP('',(#1480,#1481,#1489,#1495));
#1480 = ORIENTED_EDGE('',*,*,#1466,.T.);
#1481 = ORIENTED_EDGE('',*,*,#1482,.T.);
#1482 = EDGE_CURVE('',#1459,#1483,#1485,.T.);
#1483 = VERTEX_POINT('',#1484);
#1484 = CARTESIAN_POINT('',(-1.14,0.92,0.85));
#1485 = LINE('',#1486,#1487);
#1486 = CARTESIAN_POINT('',(1.14,0.92,0.85));
#1487 = VECTOR('',#1488,1.);
#1488 = DIRECTION('',(-1.,0.,0.));
#1489 = ORIENTED_EDGE('',*,*,#1490,.F.);
#1490 = EDGE_CURVE('',#748,#1483,#1491,.T.);
#1491 = LINE('',#1492,#1493);
#1492 = CARTESIAN_POINT('',(-1.14,0.92,1.05));
#1493 = VECTOR('',#1494,1.);
#1494 = DIRECTION('',(-0.,-0.,-1.));
#1495 = ORIENTED_EDGE('',*,*,#755,.F.);
#1496 = PLANE('',#1497);
#1497 = AXIS2_PLACEMENT_3D('',#1498,#1499,#1500);
#1498 = CARTESIAN_POINT('',(1.14,0.92,1.05));
#1499 = DIRECTION('',(0.,1.,0.));
#1500 = DIRECTION('',(-1.,0.,0.));
#1501 = ADVANCED_FACE('',(#1502),#1513,.F.);
#1502 = FACE_BOUND('',#1503,.F.);
#1503 = EDGE_LOOP('',(#1504,#1505,#1511,#1512));
#1504 = ORIENTED_EDGE('',*,*,#1490,.T.);
#1505 = ORIENTED_EDGE('',*,*,#1506,.T.);
#1506 = EDGE_CURVE('',#1483,#1427,#1507,.T.);
#1507 = LINE('',#1508,#1509);
#1508 = CARTESIAN_POINT('',(-1.14,0.92,0.85));
#1509 = VECTOR('',#1510,1.);
#1510 = DIRECTION('',(0.,-1.,0.));
#1511 = ORIENTED_EDGE('',*,*,#1426,.F.);
#1512 = ORIENTED_EDGE('',*,*,#747,.F.);
#1513 = PLANE('',#1514);
#1514 = AXIS2_PLACEMENT_3D('',#1515,#1516,#1517);
#1515 = CARTESIAN_POINT('',(-1.14,0.92,1.05));
#1516 = DIRECTION('',(-1.,0.,0.));
#1517 = DIRECTION('',(0.,-1.,0.));
#1518 = ADVANCED_FACE('',(#1519),#1525,.F.);
#1519 = FACE_BOUND('',#1520,.T.);
#1520 = EDGE_LOOP('',(#1521,#1522,#1523,#1524));
#1521 = ORIENTED_EDGE('',*,*,#1268,.T.);
#1522 = ORIENTED_EDGE('',*,*,#1251,.T.);
#1523 = ORIENTED_EDGE('',*,*,#1227,.T.);
#1524 = ORIENTED_EDGE('',*,*,#857,.T.);
#1525 = PLANE('',#1526);
#1526 = AXIS2_PLACEMENT_3D('',#1527,#1528,#1529);
#1527 = CARTESIAN_POINT('',(-1.5E-16,1.E-17,0.1));
#1528 = DIRECTION('',(0.,0.,1.));
#1529 = DIRECTION('',(1.,0.,0.));
#1530 = ADVANCED_FACE('',(#1531),#1537,.F.);
#1531 = FACE_BOUND('',#1532,.F.);
#1532 = EDGE_LOOP('',(#1533,#1534,#1535,#1536));
#1533 = ORIENTED_EDGE('',*,*,#903,.T.);
#1534 = ORIENTED_EDGE('',*,*,#930,.T.);
#1535 = ORIENTED_EDGE('',*,*,#826,.T.);
#1536 = ORIENTED_EDGE('',*,*,#889,.F.);
#1537 = PLANE('',#1538);
#1538 = AXIS2_PLACEMENT_3D('',#1539,#1540,#1541);
#1539 = CARTESIAN_POINT('',(-1.5,-1.25,0.));
#1540 = DIRECTION('',(0.,1.,0.));
#1541 = DIRECTION('',(1.,0.,0.));
#1542 = ADVANCED_FACE('',(#1543),#1561,.T.);
#1543 = FACE_BOUND('',#1544,.F.);
#1544 = EDGE_LOOP('',(#1545,#1553,#1554,#1555));
#1545 = ORIENTED_EDGE('',*,*,#1546,.F.);
#1546 = EDGE_CURVE('',#1183,#1547,#1549,.T.);
#1547 = VERTEX_POINT('',#1548);
#1548 = CARTESIAN_POINT('',(-1.25,1.25,0.65));
#1549 = LINE('',#1550,#1551);
#1550 = CARTESIAN_POINT('',(-1.25,1.098395555688,0.975116780007));
#1551 = VECTOR('',#1552,1.);
#1552 = DIRECTION('',(0.,0.422618261741,-0.906307787037));
#1553 = ORIENTED_EDGE('',*,*,#1190,.T.);
#1554 = ORIENTED_EDGE('',*,*,#802,.T.);
#1555 = ORIENTED_EDGE('',*,*,#1556,.F.);
#1556 = EDGE_CURVE('',#1547,#795,#1557,.T.);
#1557 = LINE('',#1558,#1559);
#1558 = CARTESIAN_POINT('',(4.08426067361,1.25,0.65));
#1559 = VECTOR('',#1560,1.);
#1560 = DIRECTION('',(-1.,0.,0.));
#1561 = PLANE('',#1562);
#1562 = AXIS2_PLACEMENT_3D('',#1563,#1564,#1565);
#1563 = CARTESIAN_POINT('',(4.08426067361,1.1,0.971676038076));
#1564 = DIRECTION('',(0.,0.906307787037,0.422618261741));
#1565 = DIRECTION('',(0.,-0.422618261741,0.906307787037));
#1566 = ADVANCED_FACE('',(#1567),#1585,.F.);
#1567 = FACE_BOUND('',#1568,.F.);
#1568 = EDGE_LOOP('',(#1569,#1570,#1578,#1584));
#1569 = ORIENTED_EDGE('',*,*,#794,.F.);
#1570 = ORIENTED_EDGE('',*,*,#1571,.F.);
#1571 = EDGE_CURVE('',#1572,#787,#1574,.T.);
#1572 = VERTEX_POINT('',#1573);
#1573 = CARTESIAN_POINT('',(-1.25,1.25,0.5));
#1574 = LINE('',#1575,#1576);
#1575 = CARTESIAN_POINT('',(-1.25,1.25,0.5));
#1576 = VECTOR('',#1577,1.);
#1577 = DIRECTION('',(-1.,0.,0.));
#1578 = ORIENTED_EDGE('',*,*,#1579,.F.);
#1579 = EDGE_CURVE('',#1547,#1572,#1580,.T.);
#1580 = LINE('',#1581,#1582);
#1581 = CARTESIAN_POINT('',(-1.25,1.25,1.05));
#1582 = VECTOR('',#1583,1.);
#1583 = DIRECTION('',(-0.,8.9E-16,-1.));
#1584 = ORIENTED_EDGE('',*,*,#1556,.T.);
#1585 = PLANE('',#1586);
#1586 = AXIS2_PLACEMENT_3D('',#1587,#1588,#1589);
#1587 = CARTESIAN_POINT('',(1.5,1.25,0.));
#1588 = DIRECTION('',(0.,-1.,0.));
#1589 = DIRECTION('',(-1.,0.,0.));
#1590 = ADVANCED_FACE('',(#1591),#1604,.T.);
#1591 = FACE_BOUND('',#1592,.T.);
#1592 = EDGE_LOOP('',(#1593,#1599,#1600,#1601,#1602,#1603));
#1593 = ORIENTED_EDGE('',*,*,#1594,.T.);
#1594 = EDGE_CURVE('',#1572,#1175,#1595,.T.);
#1595 = LINE('',#1596,#1597);
#1596 = CARTESIAN_POINT('',(-1.25,1.25,0.5));
#1597 = VECTOR('',#1598,1.);
#1598 = DIRECTION('',(-0.,-1.,-6.7E-16));
#1599 = ORIENTED_EDGE('',*,*,#1174,.F.);
#1600 = ORIENTED_EDGE('',*,*,#1310,.T.);
#1601 = ORIENTED_EDGE('',*,*,#1294,.T.);
#1602 = ORIENTED_EDGE('',*,*,#786,.F.);
#1603 = ORIENTED_EDGE('',*,*,#1571,.F.);
#1604 = PLANE('',#1605);
#1605 = AXIS2_PLACEMENT_3D('',#1606,#1607,#1608);
#1606 = CARTESIAN_POINT('',(-1.335,1.04,0.5));
#1607 = DIRECTION('',(0.,1.E-15,-1.));
#1608 = DIRECTION('',(0.,-1.,-1.E-15));
#1609 = ADVANCED_FACE('',(#1610),#1616,.F.);
#1610 = FACE_BOUND('',#1611,.F.);
#1611 = EDGE_LOOP('',(#1612,#1613,#1614,#1615));
#1612 = ORIENTED_EDGE('',*,*,#1080,.F.);
#1613 = ORIENTED_EDGE('',*,*,#1112,.F.);
#1614 = ORIENTED_EDGE('',*,*,#1129,.T.);
#1615 = ORIENTED_EDGE('',*,*,#1056,.F.);
#1616 = PLANE('',#1617);
#1617 = AXIS2_PLACEMENT_3D('',#1618,#1619,#1620);
#1618 = CARTESIAN_POINT('',(1.25,1.25,1.05));
#1619 = DIRECTION('',(1.,0.,-0.));
#1620 = DIRECTION('',(-0.,2.2E-16,-1.));
#1621 = ADVANCED_FACE('',(#1622),#1628,.T.);
#1622 = FACE_BOUND('',#1623,.T.);
#1623 = EDGE_LOOP('',(#1624,#1625,#1626,#1627));
#1624 = ORIENTED_EDGE('',*,*,#1327,.T.);
#1625 = ORIENTED_EDGE('',*,*,#1151,.T.);
#1626 = ORIENTED_EDGE('',*,*,#1375,.F.);
#1627 = ORIENTED_EDGE('',*,*,#1358,.F.);
#1628 = PLANE('',#1629);
#1629 = AXIS2_PLACEMENT_3D('',#1630,#1631,#1632);
#1630 = CARTESIAN_POINT('',(-1.7E-16,1.175,0.55));
#1631 = DIRECTION('',(0.,-4.E-16,1.));
#1632 = DIRECTION('',(0.,1.,4.E-16));
#1633 = ADVANCED_FACE('',(#1634),#1640,.F.);
#1634 = FACE_BOUND('',#1635,.T.);
#1635 = EDGE_LOOP('',(#1636,#1637,#1638,#1639));
#1636 = ORIENTED_EDGE('',*,*,#1579,.F.);
#1637 = ORIENTED_EDGE('',*,*,#1546,.F.);
#1638 = ORIENTED_EDGE('',*,*,#1182,.T.);
#1639 = ORIENTED_EDGE('',*,*,#1594,.F.);
#1640 = PLANE('',#1641);
#1641 = AXIS2_PLACEMENT_3D('',#1642,#1643,#1644);
#1642 = CARTESIAN_POINT('',(-1.25,1.25,1.05));
#1643 = DIRECTION('',(-1.,-0.,-0.));
#1644 = DIRECTION('',(0.,-6.7E-16,1.));
#1645 = ADVANCED_FACE('',(#1646),#1652,.T.);
#1646 = FACE_BOUND('',#1647,.T.);
#1647 = EDGE_LOOP('',(#1648,#1649,#1650,#1651));
#1648 = ORIENTED_EDGE('',*,*,#1434,.T.);
#1649 = ORIENTED_EDGE('',*,*,#1458,.T.);
#1650 = ORIENTED_EDGE('',*,*,#1482,.T.);
#1651 = ORIENTED_EDGE('',*,*,#1506,.T.);
#1652 = PLANE('',#1653);
#1653 = AXIS2_PLACEMENT_3D('',#1654,#1655,#1656);
#1654 = CARTESIAN_POINT('',(0.,0.,0.85));
#1655 = DIRECTION('',(0.,0.,1.));
#1656 = DIRECTION('',(1.,0.,0.));
#1657 = ( GEOMETRIC_REPRESENTATION_CONTEXT(3) 
GLOBAL_UNCERTAINTY_ASSIGNED_CONTEXT((#1661)) 
GLOBAL_UNIT_ASSIGNED_CONTEXT((#1658,#1659,#1660)) REPRESENTATION_CONTEXT
('Context #1','3D Context with UNIT and UNCERTAINTY') );
#1658 = ( LENGTH_UNIT() NAMED_UNIT(*) SI_UNIT(.MILLI.,.METRE.) );
#1659 = ( NAMED_UNIT(*) PLANE_ANGLE_UNIT() SI_UNIT($,.RADIAN.) );
#1660 = ( NAMED_UNIT(*) SI_UNIT($,.STERADIAN.) SOLID_ANGLE_UNIT() );
#1661 = UNCERTAINTY_MEASURE_WITH_UNIT(LENGTH_MEASURE(2.E-06),#1658,
  'distance_accuracy_value','confusion accuracy');
#1662 = CONTEXT_DEPENDENT_SHAPE_REPRESENTATION(#1663,#1665);
#1663 = ( REPRESENTATION_RELATIONSHIP('','',#44,#10) 
REPRESENTATION_RELATIONSHIP_WITH_TRANSFORMATION(#1664) 
SHAPE_REPRESENTATION_RELATIONSHIP() );
#1664 = ITEM_DEFINED_TRANSFORMATION('','',#11,#15);
#1665 = PRODUCT_DEFINITION_SHAPE('Placement','Placement of an item',
  #1666);
#1666 = NEXT_ASSEMBLY_USAGE_OCCURRENCE('11','Base002','',#5,#39,$);
#1667 = PRODUCT_RELATED_PRODUCT_CATEGORY('part',$,(#41));
#1668 = SHAPE_DEFINITION_REPRESENTATION(#1669,#1675);
#1669 = PRODUCT_DEFINITION_SHAPE('','',#1670);
#1670 = PRODUCT_DEFINITION('design','',#1671,#1674);
#1671 = PRODUCT_DEFINITION_FORMATION('','',#1672);
#1672 = PRODUCT('Shell002','Shell002','',(#1673));
#1673 = PRODUCT_CONTEXT('',#2,'mechanical');
#1674 = PRODUCT_DEFINITION_CONTEXT('part definition',#2,'design');
#1675 = ADVANCED_BREP_SHAPE_REPRESENTATION('',(#11,#1676),#3463);
#1676 = MANIFOLD_SOLID_BREP('',#1677);
#1677 = CLOSED_SHELL('',(#1678,#1727,#1759,#1790,#1814,#1831,#1887,#2061
    ,#2117,#2141,#2165,#2190,#2214,#2239,#2263,#2287,#2320,#2351,#2375,
    #2400,#2424,#2449,#2473,#2490,#2507,#2532,#2572,#2627,#2659,#2714,
    #2745,#2776,#2798,#2810,#2827,#2858,#2892,#2932,#2964,#2995,#3019,
    #3036,#3070,#3110,#3142,#3173,#3197,#3214,#3237,#3260,#3311,#3342,
    #3366,#3390,#3418,#3433,#3448));
#1678 = ADVANCED_FACE('',(#1679),#1722,.F.);
#1679 = FACE_BOUND('',#1680,.T.);
#1680 = EDGE_LOOP('',(#1681,#1691,#1699,#1707,#1716));
#1681 = ORIENTED_EDGE('',*,*,#1682,.T.);
#1682 = EDGE_CURVE('',#1683,#1685,#1687,.T.);
#1683 = VERTEX_POINT('',#1684);
#1684 = CARTESIAN_POINT('',(1.5,-0.911961341385,0.5));
#1685 = VERTEX_POINT('',#1686);
#1686 = CARTESIAN_POINT('',(1.363395489921,-0.85,0.5));
#1687 = LINE('',#1688,#1689);
#1688 = CARTESIAN_POINT('',(1.387358054673,-0.860868987079,0.5));
#1689 = VECTOR('',#1690,1.);
#1690 = DIRECTION('',(-0.910696733856,0.413075609234,-4.7E-16));
#1691 = ORIENTED_EDGE('',*,*,#1692,.T.);
#1692 = EDGE_CURVE('',#1685,#1693,#1695,.T.);
#1693 = VERTEX_POINT('',#1694);
#1694 = CARTESIAN_POINT('',(1.25,-1.1,0.5));
#1695 = LINE('',#1696,#1697);
#1696 = CARTESIAN_POINT('',(1.268537435249,-1.059131012921,0.5));
#1697 = VECTOR('',#1698,1.);
#1698 = DIRECTION('',(-0.413075609223,-0.910696733861,5.E-16));
#1699 = ORIENTED_EDGE('',*,*,#1700,.T.);
#1700 = EDGE_CURVE('',#1693,#1701,#1703,.T.);
#1701 = VERTEX_POINT('',#1702);
#1702 = CARTESIAN_POINT('',(1.25,-1.25,0.5));
#1703 = LINE('',#1704,#1705);
#1704 = CARTESIAN_POINT('',(1.25,-1.145,0.5));
#1705 = VECTOR('',#1706,1.);
#1706 = DIRECTION('',(-2.9332E-13,-1.,6.5E-16));
#1707 = ORIENTED_EDGE('',*,*,#1708,.T.);
#1708 = EDGE_CURVE('',#1701,#1709,#1711,.T.);
#1709 = VERTEX_POINT('',#1710);
#1710 = CARTESIAN_POINT('',(1.386604510073,-1.161961341393,0.5));
#1711 = CIRCLE('',#1712,0.149999999991);
#1712 = AXIS2_PLACEMENT_3D('',#1713,#1714,#1715);
#1713 = CARTESIAN_POINT('',(1.25,-1.100000000009,0.5));
#1714 = DIRECTION('',(-2.2E-16,0.,1.));
#1715 = DIRECTION('',(-1.,2.2E-16,-2.2E-16));
#1716 = ORIENTED_EDGE('',*,*,#1717,.T.);
#1717 = EDGE_CURVE('',#1709,#1683,#1718,.T.);
#1718 = LINE('',#1719,#1720);
#1719 = CARTESIAN_POINT('',(1.46183969029,-0.996092354306,0.5));
#1720 = VECTOR('',#1721,1.);
#1721 = DIRECTION('',(0.413075609215,0.910696733865,-5.E-16));
#1722 = PLANE('',#1723);
#1723 = AXIS2_PLACEMENT_3D('',#1724,#1725,#1726);
#1724 = CARTESIAN_POINT('',(1.335,-1.04,0.5));
#1725 = DIRECTION('',(2.2E-16,-6.5E-16,-1.));
#1726 = DIRECTION('',(2.2E-16,1.,-6.5E-16));
#1727 = ADVANCED_FACE('',(#1728),#1754,.T.);
#1728 = FACE_BOUND('',#1729,.F.);
#1729 = EDGE_LOOP('',(#1730,#1741,#1747,#1748));
#1730 = ORIENTED_EDGE('',*,*,#1731,.F.);
#1731 = EDGE_CURVE('',#1732,#1734,#1736,.T.);
#1732 = VERTEX_POINT('',#1733);
#1733 = CARTESIAN_POINT('',(1.25,-1.25,0.2));
#1734 = VERTEX_POINT('',#1735);
#1735 = CARTESIAN_POINT('',(1.386604510073,-1.161961341393,0.2));
#1736 = CIRCLE('',#1737,0.149999999991);
#1737 = AXIS2_PLACEMENT_3D('',#1738,#1739,#1740);
#1738 = CARTESIAN_POINT('',(1.25,-1.100000000009,0.2));
#1739 = DIRECTION('',(-2.2E-16,0.,1.));
#1740 = DIRECTION('',(-1.,2.2E-16,-2.2E-16));
#1741 = ORIENTED_EDGE('',*,*,#1742,.F.);
#1742 = EDGE_CURVE('',#1701,#1732,#1743,.T.);
#1743 = LINE('',#1744,#1745);
#1744 = CARTESIAN_POINT('',(1.25,-1.25,0.6));
#1745 = VECTOR('',#1746,1.);
#1746 = DIRECTION('',(2.2E-16,0.,-1.));
#1747 = ORIENTED_EDGE('',*,*,#1708,.T.);
#1748 = ORIENTED_EDGE('',*,*,#1749,.F.);
#1749 = EDGE_CURVE('',#1734,#1709,#1750,.T.);
#1750 = LINE('',#1751,#1752);
#1751 = CARTESIAN_POINT('',(1.386604510073,-1.161961341393,0.2));
#1752 = VECTOR('',#1753,1.);
#1753 = DIRECTION('',(-2.2E-16,0.,1.));
#1754 = CYLINDRICAL_SURFACE('',#1755,0.149999999991);
#1755 = AXIS2_PLACEMENT_3D('',#1756,#1757,#1758);
#1756 = CARTESIAN_POINT('',(1.25,-1.100000000009,0.2));
#1757 = DIRECTION('',(2.2E-16,0.,-1.));
#1758 = DIRECTION('',(-1.,2.2E-16,-2.2E-16));
#1759 = ADVANCED_FACE('',(#1760),#1785,.F.);
#1760 = FACE_BOUND('',#1761,.T.);
#1761 = EDGE_LOOP('',(#1762,#1772,#1778,#1779));
#1762 = ORIENTED_EDGE('',*,*,#1763,.F.);
#1763 = EDGE_CURVE('',#1764,#1766,#1768,.T.);
#1764 = VERTEX_POINT('',#1765);
#1765 = CARTESIAN_POINT('',(1.25,-1.1,0.2));
#1766 = VERTEX_POINT('',#1767);
#1767 = CARTESIAN_POINT('',(1.363395489921,-0.85,0.2));
#1768 = LINE('',#1769,#1770);
#1769 = CARTESIAN_POINT('',(1.25,-1.1,0.2));
#1770 = VECTOR('',#1771,1.);
#1771 = DIRECTION('',(0.413075609223,0.910696733861,9.E-17));
#1772 = ORIENTED_EDGE('',*,*,#1773,.F.);
#1773 = EDGE_CURVE('',#1693,#1764,#1774,.T.);
#1774 = LINE('',#1775,#1776);
#1775 = CARTESIAN_POINT('',(1.25,-1.1,0.6));
#1776 = VECTOR('',#1777,1.);
#1777 = DIRECTION('',(2.2E-16,0.,-1.));
#1778 = ORIENTED_EDGE('',*,*,#1692,.F.);
#1779 = ORIENTED_EDGE('',*,*,#1780,.F.);
#1780 = EDGE_CURVE('',#1766,#1685,#1781,.T.);
#1781 = LINE('',#1782,#1783);
#1782 = CARTESIAN_POINT('',(1.363395489921,-0.85,0.2));
#1783 = VECTOR('',#1784,1.);
#1784 = DIRECTION('',(-2.2E-16,0.,1.));
#1785 = PLANE('',#1786);
#1786 = AXIS2_PLACEMENT_3D('',#1787,#1788,#1789);
#1787 = CARTESIAN_POINT('',(1.25,-1.1,0.2));
#1788 = DIRECTION('',(0.910696733861,-0.413075609223,2.E-16));
#1789 = DIRECTION('',(-0.413075609223,-0.910696733861,-9.E-17));
#1790 = ADVANCED_FACE('',(#1791),#1809,.F.);
#1791 = FACE_BOUND('',#1792,.T.);
#1792 = EDGE_LOOP('',(#1793,#1801,#1802,#1803));
#1793 = ORIENTED_EDGE('',*,*,#1794,.F.);
#1794 = EDGE_CURVE('',#1766,#1795,#1797,.T.);
#1795 = VERTEX_POINT('',#1796);
#1796 = CARTESIAN_POINT('',(1.5,-0.911961341385,0.2));
#1797 = LINE('',#1798,#1799);
#1798 = CARTESIAN_POINT('',(1.363395489921,-0.85,0.2));
#1799 = VECTOR('',#1800,1.);
#1800 = DIRECTION('',(0.910696733856,-0.413075609234,2.E-16));
#1801 = ORIENTED_EDGE('',*,*,#1780,.T.);
#1802 = ORIENTED_EDGE('',*,*,#1682,.F.);
#1803 = ORIENTED_EDGE('',*,*,#1804,.F.);
#1804 = EDGE_CURVE('',#1795,#1683,#1805,.T.);
#1805 = LINE('',#1806,#1807);
#1806 = CARTESIAN_POINT('',(1.5,-0.911961341385,0.2));
#1807 = VECTOR('',#1808,1.);
#1808 = DIRECTION('',(-2.2E-16,0.,1.));
#1809 = PLANE('',#1810);
#1810 = AXIS2_PLACEMENT_3D('',#1811,#1812,#1813);
#1811 = CARTESIAN_POINT('',(1.363395489921,-0.85,0.2));
#1812 = DIRECTION('',(-0.413075609234,-0.910696733856,-9.E-17));
#1813 = DIRECTION('',(-0.910696733856,0.413075609234,-2.E-16));
#1814 = ADVANCED_FACE('',(#1815),#1826,.F.);
#1815 = FACE_BOUND('',#1816,.T.);
#1816 = EDGE_LOOP('',(#1817,#1823,#1824,#1825));
#1817 = ORIENTED_EDGE('',*,*,#1818,.F.);
#1818 = EDGE_CURVE('',#1795,#1734,#1819,.T.);
#1819 = LINE('',#1820,#1821);
#1820 = CARTESIAN_POINT('',(1.5,-0.911961341385,0.2));
#1821 = VECTOR('',#1822,1.);
#1822 = DIRECTION('',(-0.413075609215,-0.910696733865,-9.E-17));
#1823 = ORIENTED_EDGE('',*,*,#1804,.T.);
#1824 = ORIENTED_EDGE('',*,*,#1717,.F.);
#1825 = ORIENTED_EDGE('',*,*,#1749,.F.);
#1826 = PLANE('',#1827);
#1827 = AXIS2_PLACEMENT_3D('',#1828,#1829,#1830);
#1828 = CARTESIAN_POINT('',(1.5,-0.911961341385,0.2));
#1829 = DIRECTION('',(-0.910696733865,0.413075609215,-2.E-16));
#1830 = DIRECTION('',(0.413075609215,0.910696733865,9.E-17));
#1831 = ADVANCED_FACE('',(#1832),#1882,.T.);
#1832 = FACE_BOUND('',#1833,.T.);
#1833 = EDGE_LOOP('',(#1834,#1842,#1843,#1851,#1859,#1867,#1875));
#1834 = ORIENTED_EDGE('',*,*,#1835,.F.);
#1835 = EDGE_CURVE('',#1701,#1836,#1838,.T.);
#1836 = VERTEX_POINT('',#1837);
#1837 = CARTESIAN_POINT('',(1.25,-1.25,1.05));
#1838 = LINE('',#1839,#1840);
#1839 = CARTESIAN_POINT('',(1.25,-1.25,1.05));
#1840 = VECTOR('',#1841,1.);
#1841 = DIRECTION('',(0.,0.,1.));
#1842 = ORIENTED_EDGE('',*,*,#1700,.F.);
#1843 = ORIENTED_EDGE('',*,*,#1844,.F.);
#1844 = EDGE_CURVE('',#1845,#1693,#1847,.T.);
#1845 = VERTEX_POINT('',#1846);
#1846 = CARTESIAN_POINT('',(1.25,-1.1,1.05));
#1847 = LINE('',#1848,#1849);
#1848 = CARTESIAN_POINT('',(1.25,-1.1,0.6));
#1849 = VECTOR('',#1850,1.);
#1850 = DIRECTION('',(2.2E-16,-0.,-1.));
#1851 = ORIENTED_EDGE('',*,*,#1852,.T.);
#1852 = EDGE_CURVE('',#1845,#1853,#1855,.T.);
#1853 = VERTEX_POINT('',#1854);
#1854 = CARTESIAN_POINT('',(1.25,-1.,1.05));
#1855 = LINE('',#1856,#1857);
#1856 = CARTESIAN_POINT('',(1.25,-1.25,1.05));
#1857 = VECTOR('',#1858,1.);
#1858 = DIRECTION('',(0.,1.,0.));
#1859 = ORIENTED_EDGE('',*,*,#1860,.T.);
#1860 = EDGE_CURVE('',#1853,#1861,#1863,.T.);
#1861 = VERTEX_POINT('',#1862);
#1862 = CARTESIAN_POINT('',(1.25,-1.,1.2));
#1863 = LINE('',#1864,#1865);
#1864 = CARTESIAN_POINT('',(1.25,-1.,1.05));
#1865 = VECTOR('',#1866,1.);
#1866 = DIRECTION('',(0.,0.,1.));
#1867 = ORIENTED_EDGE('',*,*,#1868,.F.);
#1868 = EDGE_CURVE('',#1869,#1861,#1871,.T.);
#1869 = VERTEX_POINT('',#1870);
#1870 = CARTESIAN_POINT('',(1.25,-1.1,1.2));
#1871 = LINE('',#1872,#1873);
#1872 = CARTESIAN_POINT('',(1.25,-1.25,1.2));
#1873 = VECTOR('',#1874,1.);
#1874 = DIRECTION('',(0.,1.,0.));
#1875 = ORIENTED_EDGE('',*,*,#1876,.T.);
#1876 = EDGE_CURVE('',#1869,#1836,#1877,.T.);
#1877 = CIRCLE('',#1878,0.15);
#1878 = AXIS2_PLACEMENT_3D('',#1879,#1880,#1881);
#1879 = CARTESIAN_POINT('',(1.25,-1.1,1.05));
#1880 = DIRECTION('',(1.,0.,-0.));
#1881 = DIRECTION('',(0.,0.,1.));
#1882 = PLANE('',#1883);
#1883 = AXIS2_PLACEMENT_3D('',#1884,#1885,#1886);
#1884 = CARTESIAN_POINT('',(1.25,-1.149365212307,0.866132991446));
#1885 = DIRECTION('',(1.,-1.591E-14,-8.14E-15));
#1886 = DIRECTION('',(1.591E-14,1.,0.));
#1887 = ADVANCED_FACE('',(#1888,#2045),#2056,.T.);
#1888 = FACE_BOUND('',#1889,.T.);
#1889 = EDGE_LOOP('',(#1890,#1900,#1906,#1907,#1915,#1923,#1932,#1940,
    #1949,#1957,#1965,#1973,#1981,#1989,#1997,#2005,#2014,#2022,#2031,
    #2039));
#1890 = ORIENTED_EDGE('',*,*,#1891,.T.);
#1891 = EDGE_CURVE('',#1892,#1894,#1896,.T.);
#1892 = VERTEX_POINT('',#1893);
#1893 = CARTESIAN_POINT('',(-1.25,-1.,1.2));
#1894 = VERTEX_POINT('',#1895);
#1895 = CARTESIAN_POINT('',(-1.25,-1.1,1.2));
#1896 = LINE('',#1897,#1898);
#1897 = CARTESIAN_POINT('',(-1.25,-1.,1.2));
#1898 = VECTOR('',#1899,1.);
#1899 = DIRECTION('',(0.,-1.,0.));
#1900 = ORIENTED_EDGE('',*,*,#1901,.T.);
#1901 = EDGE_CURVE('',#1894,#1869,#1902,.T.);
#1902 = LINE('',#1903,#1904);
#1903 = CARTESIAN_POINT('',(-1.25,-1.1,1.2));
#1904 = VECTOR('',#1905,1.);
#1905 = DIRECTION('',(1.,0.,0.));
#1906 = ORIENTED_EDGE('',*,*,#1868,.T.);
#1907 = ORIENTED_EDGE('',*,*,#1908,.T.);
#1908 = EDGE_CURVE('',#1861,#1909,#1911,.T.);
#1909 = VERTEX_POINT('',#1910);
#1910 = CARTESIAN_POINT('',(1.5,-1.,1.2));
#1911 = LINE('',#1912,#1913);
#1912 = CARTESIAN_POINT('',(1.25,-1.,1.2));
#1913 = VECTOR('',#1914,1.);
#1914 = DIRECTION('',(1.,0.,0.));
#1915 = ORIENTED_EDGE('',*,*,#1916,.T.);
#1916 = EDGE_CURVE('',#1909,#1917,#1919,.T.);
#1917 = VERTEX_POINT('',#1918);
#1918 = CARTESIAN_POINT('',(1.5,-0.6,1.2));
#1919 = LINE('',#1920,#1921);
#1920 = CARTESIAN_POINT('',(1.5,-1.,1.2));
#1921 = VECTOR('',#1922,1.);
#1922 = DIRECTION('',(0.,1.,0.));
#1923 = ORIENTED_EDGE('',*,*,#1924,.F.);
#1924 = EDGE_CURVE('',#1925,#1917,#1927,.T.);
#1925 = VERTEX_POINT('',#1926);
#1926 = CARTESIAN_POINT('',(1.5,-0.4,1.2));
#1927 = CIRCLE('',#1928,0.1);
#1928 = AXIS2_PLACEMENT_3D('',#1929,#1930,#1931);
#1929 = CARTESIAN_POINT('',(1.5,-0.5,1.2));
#1930 = DIRECTION('',(0.,0.,1.));
#1931 = DIRECTION('',(1.,0.,0.));
#1932 = ORIENTED_EDGE('',*,*,#1933,.F.);
#1933 = EDGE_CURVE('',#1934,#1925,#1936,.T.);
#1934 = VERTEX_POINT('',#1935);
#1935 = CARTESIAN_POINT('',(1.5,0.4,1.2));
#1936 = LINE('',#1937,#1938);
#1937 = CARTESIAN_POINT('',(1.5,0.4,1.2));
#1938 = VECTOR('',#1939,1.);
#1939 = DIRECTION('',(0.,-1.,0.));
#1940 = ORIENTED_EDGE('',*,*,#1941,.F.);
#1941 = EDGE_CURVE('',#1942,#1934,#1944,.T.);
#1942 = VERTEX_POINT('',#1943);
#1943 = CARTESIAN_POINT('',(1.5,0.6,1.2));
#1944 = CIRCLE('',#1945,0.1);
#1945 = AXIS2_PLACEMENT_3D('',#1946,#1947,#1948);
#1946 = CARTESIAN_POINT('',(1.5,0.5,1.2));
#1947 = DIRECTION('',(0.,0.,1.));
#1948 = DIRECTION('',(1.,0.,0.));
#1949 = ORIENTED_EDGE('',*,*,#1950,.F.);
#1950 = EDGE_CURVE('',#1951,#1942,#1953,.T.);
#1951 = VERTEX_POINT('',#1952);
#1952 = CARTESIAN_POINT('',(1.5,1.,1.2));
#1953 = LINE('',#1954,#1955);
#1954 = CARTESIAN_POINT('',(1.5,1.,1.2));
#1955 = VECTOR('',#1956,1.);
#1956 = DIRECTION('',(0.,-1.,0.));
#1957 = ORIENTED_EDGE('',*,*,#1958,.T.);
#1958 = EDGE_CURVE('',#1951,#1959,#1961,.T.);
#1959 = VERTEX_POINT('',#1960);
#1960 = CARTESIAN_POINT('',(1.25,1.,1.2));
#1961 = LINE('',#1962,#1963);
#1962 = CARTESIAN_POINT('',(1.5,1.,1.2));
#1963 = VECTOR('',#1964,1.);
#1964 = DIRECTION('',(-1.,0.,0.));
#1965 = ORIENTED_EDGE('',*,*,#1966,.T.);
#1966 = EDGE_CURVE('',#1959,#1967,#1969,.T.);
#1967 = VERTEX_POINT('',#1968);
#1968 = CARTESIAN_POINT('',(1.25,1.1,1.2));
#1969 = LINE('',#1970,#1971);
#1970 = CARTESIAN_POINT('',(1.25,1.,1.2));
#1971 = VECTOR('',#1972,1.);
#1972 = DIRECTION('',(0.,1.,0.));
#1973 = ORIENTED_EDGE('',*,*,#1974,.F.);
#1974 = EDGE_CURVE('',#1975,#1967,#1977,.T.);
#1975 = VERTEX_POINT('',#1976);
#1976 = CARTESIAN_POINT('',(-1.25,1.1,1.2));
#1977 = LINE('',#1978,#1979);
#1978 = CARTESIAN_POINT('',(-1.25,1.1,1.2));
#1979 = VECTOR('',#1980,1.);
#1980 = DIRECTION('',(1.,0.,0.));
#1981 = ORIENTED_EDGE('',*,*,#1982,.T.);
#1982 = EDGE_CURVE('',#1975,#1983,#1985,.T.);
#1983 = VERTEX_POINT('',#1984);
#1984 = CARTESIAN_POINT('',(-1.25,1.,1.2));
#1985 = LINE('',#1986,#1987);
#1986 = CARTESIAN_POINT('',(-1.25,1.25,1.2));
#1987 = VECTOR('',#1988,1.);
#1988 = DIRECTION('',(0.,-1.,0.));
#1989 = ORIENTED_EDGE('',*,*,#1990,.T.);
#1990 = EDGE_CURVE('',#1983,#1991,#1993,.T.);
#1991 = VERTEX_POINT('',#1992);
#1992 = CARTESIAN_POINT('',(-1.5,1.,1.2));
#1993 = LINE('',#1994,#1995);
#1994 = CARTESIAN_POINT('',(-1.25,1.,1.2));
#1995 = VECTOR('',#1996,1.);
#1996 = DIRECTION('',(-1.,0.,0.));
#1997 = ORIENTED_EDGE('',*,*,#1998,.F.);
#1998 = EDGE_CURVE('',#1999,#1991,#2001,.T.);
#1999 = VERTEX_POINT('',#2000);
#2000 = CARTESIAN_POINT('',(-1.5,0.6,1.2));
#2001 = LINE('',#2002,#2003);
#2002 = CARTESIAN_POINT('',(-1.5,0.6,1.2));
#2003 = VECTOR('',#2004,1.);
#2004 = DIRECTION('',(0.,1.,0.));
#2005 = ORIENTED_EDGE('',*,*,#2006,.F.);
#2006 = EDGE_CURVE('',#2007,#1999,#2009,.T.);
#2007 = VERTEX_POINT('',#2008);
#2008 = CARTESIAN_POINT('',(-1.5,0.4,1.2));
#2009 = CIRCLE('',#2010,9.999999999966E-02);
#2010 = AXIS2_PLACEMENT_3D('',#2011,#2012,#2013);
#2011 = CARTESIAN_POINT('',(-1.5,0.5,1.2));
#2012 = DIRECTION('',(0.,0.,1.));
#2013 = DIRECTION('',(1.,0.,0.));
#2014 = ORIENTED_EDGE('',*,*,#2015,.T.);
#2015 = EDGE_CURVE('',#2007,#2016,#2018,.T.);
#2016 = VERTEX_POINT('',#2017);
#2017 = CARTESIAN_POINT('',(-1.5,-0.4,1.2));
#2018 = LINE('',#2019,#2020);
#2019 = CARTESIAN_POINT('',(-1.5,0.4,1.2));
#2020 = VECTOR('',#2021,1.);
#2021 = DIRECTION('',(0.,-1.,0.));
#2022 = ORIENTED_EDGE('',*,*,#2023,.F.);
#2023 = EDGE_CURVE('',#2024,#2016,#2026,.T.);
#2024 = VERTEX_POINT('',#2025);
#2025 = CARTESIAN_POINT('',(-1.5,-0.6,1.2));
#2026 = CIRCLE('',#2027,0.1);
#2027 = AXIS2_PLACEMENT_3D('',#2028,#2029,#2030);
#2028 = CARTESIAN_POINT('',(-1.5,-0.5,1.2));
#2029 = DIRECTION('',(0.,0.,1.));
#2030 = DIRECTION('',(1.,0.,0.));
#2031 = ORIENTED_EDGE('',*,*,#2032,.T.);
#2032 = EDGE_CURVE('',#2024,#2033,#2035,.T.);
#2033 = VERTEX_POINT('',#2034);
#2034 = CARTESIAN_POINT('',(-1.5,-1.,1.2));
#2035 = LINE('',#2036,#2037);
#2036 = CARTESIAN_POINT('',(-1.5,-0.6,1.2));
#2037 = VECTOR('',#2038,1.);
#2038 = DIRECTION('',(0.,-1.,0.));
#2039 = ORIENTED_EDGE('',*,*,#2040,.T.);
#2040 = EDGE_CURVE('',#2033,#1892,#2041,.T.);
#2041 = LINE('',#2042,#2043);
#2042 = CARTESIAN_POINT('',(-1.5,-1.,1.2));
#2043 = VECTOR('',#2044,1.);
#2044 = DIRECTION('',(1.,0.,0.));
#2045 = FACE_BOUND('',#2046,.T.);
#2046 = EDGE_LOOP('',(#2047));
#2047 = ORIENTED_EDGE('',*,*,#2048,.F.);
#2048 = EDGE_CURVE('',#2049,#2049,#2051,.T.);
#2049 = VERTEX_POINT('',#2050);
#2050 = CARTESIAN_POINT('',(0.8,0.,1.2));
#2051 = CIRCLE('',#2052,0.8);
#2052 = AXIS2_PLACEMENT_3D('',#2053,#2054,#2055);
#2053 = CARTESIAN_POINT('',(0.,0.,1.2));
#2054 = DIRECTION('',(0.,0.,1.));
#2055 = DIRECTION('',(1.,0.,0.));
#2056 = PLANE('',#2057);
#2057 = AXIS2_PLACEMENT_3D('',#2058,#2059,#2060);
#2058 = CARTESIAN_POINT('',(5.855E-14,-2.429E-14,1.2));
#2059 = DIRECTION('',(0.,0.,1.));
#2060 = DIRECTION('',(1.,0.,0.));
#2061 = ADVANCED_FACE('',(#2062),#2112,.T.);
#2062 = FACE_BOUND('',#2063,.T.);
#2063 = EDGE_LOOP('',(#2064,#2073,#2074,#2082,#2090,#2098,#2106));
#2064 = ORIENTED_EDGE('',*,*,#2065,.F.);
#2065 = EDGE_CURVE('',#1894,#2066,#2068,.T.);
#2066 = VERTEX_POINT('',#2067);
#2067 = CARTESIAN_POINT('',(-1.25,-1.25,1.05));
#2068 = CIRCLE('',#2069,0.15);
#2069 = AXIS2_PLACEMENT_3D('',#2070,#2071,#2072);
#2070 = CARTESIAN_POINT('',(-1.25,-1.1,1.05));
#2071 = DIRECTION('',(1.,0.,-0.));
#2072 = DIRECTION('',(0.,0.,1.));
#2073 = ORIENTED_EDGE('',*,*,#1891,.F.);
#2074 = ORIENTED_EDGE('',*,*,#2075,.F.);
#2075 = EDGE_CURVE('',#2076,#1892,#2078,.T.);
#2076 = VERTEX_POINT('',#2077);
#2077 = CARTESIAN_POINT('',(-1.25,-1.,1.05));
#2078 = LINE('',#2079,#2080);
#2079 = CARTESIAN_POINT('',(-1.25,-1.,1.05));
#2080 = VECTOR('',#2081,1.);
#2081 = DIRECTION('',(0.,0.,1.));
#2082 = ORIENTED_EDGE('',*,*,#2083,.T.);
#2083 = EDGE_CURVE('',#2076,#2084,#2086,.T.);
#2084 = VERTEX_POINT('',#2085);
#2085 = CARTESIAN_POINT('',(-1.25,-1.1,1.05));
#2086 = LINE('',#2087,#2088);
#2087 = CARTESIAN_POINT('',(-1.25,-1.,1.05));
#2088 = VECTOR('',#2089,1.);
#2089 = DIRECTION('',(0.,-1.,0.));
#2090 = ORIENTED_EDGE('',*,*,#2091,.T.);
#2091 = EDGE_CURVE('',#2084,#2092,#2094,.T.);
#2092 = VERTEX_POINT('',#2093);
#2093 = CARTESIAN_POINT('',(-1.25,-1.1,0.5));
#2094 = LINE('',#2095,#2096);
#2095 = CARTESIAN_POINT('',(-1.25,-1.1,1.05));
#2096 = VECTOR('',#2097,1.);
#2097 = DIRECTION('',(0.,0.,-1.));
#2098 = ORIENTED_EDGE('',*,*,#2099,.T.);
#2099 = EDGE_CURVE('',#2092,#2100,#2102,.T.);
#2100 = VERTEX_POINT('',#2101);
#2101 = CARTESIAN_POINT('',(-1.25,-1.25,0.5));
#2102 = LINE('',#2103,#2104);
#2103 = CARTESIAN_POINT('',(-1.25,-1.145,0.5));
#2104 = VECTOR('',#2105,1.);
#2105 = DIRECTION('',(2.931E-13,-1.,6.5E-16));
#2106 = ORIENTED_EDGE('',*,*,#2107,.F.);
#2107 = EDGE_CURVE('',#2066,#2100,#2108,.T.);
#2108 = LINE('',#2109,#2110);
#2109 = CARTESIAN_POINT('',(-1.25,-1.25,0.6));
#2110 = VECTOR('',#2111,1.);
#2111 = DIRECTION('',(0.,0.,-1.));
#2112 = PLANE('',#2113);
#2113 = AXIS2_PLACEMENT_3D('',#2114,#2115,#2116);
#2114 = CARTESIAN_POINT('',(-1.25,-1.155687148193,0.720350435477));
#2115 = DIRECTION('',(-1.,-0.,-0.));
#2116 = DIRECTION('',(0.,0.,-1.));
#2117 = ADVANCED_FACE('',(#2118),#2136,.F.);
#2118 = FACE_BOUND('',#2119,.F.);
#2119 = EDGE_LOOP('',(#2120,#2128,#2129,#2130));
#2120 = ORIENTED_EDGE('',*,*,#2121,.T.);
#2121 = EDGE_CURVE('',#2122,#2033,#2124,.T.);
#2122 = VERTEX_POINT('',#2123);
#2123 = CARTESIAN_POINT('',(-1.5,-1.,1.05));
#2124 = LINE('',#2125,#2126);
#2125 = CARTESIAN_POINT('',(-1.5,-1.,1.05));
#2126 = VECTOR('',#2127,1.);
#2127 = DIRECTION('',(0.,0.,1.));
#2128 = ORIENTED_EDGE('',*,*,#2040,.T.);
#2129 = ORIENTED_EDGE('',*,*,#2075,.F.);
#2130 = ORIENTED_EDGE('',*,*,#2131,.F.);
#2131 = EDGE_CURVE('',#2122,#2076,#2132,.T.);
#2132 = LINE('',#2133,#2134);
#2133 = CARTESIAN_POINT('',(-1.5,-1.,1.05));
#2134 = VECTOR('',#2135,1.);
#2135 = DIRECTION('',(1.,0.,0.));
#2136 = PLANE('',#2137);
#2137 = AXIS2_PLACEMENT_3D('',#2138,#2139,#2140);
#2138 = CARTESIAN_POINT('',(-1.5,-1.,1.05));
#2139 = DIRECTION('',(0.,1.,0.));
#2140 = DIRECTION('',(1.,0.,0.));
#2141 = ADVANCED_FACE('',(#2142),#2160,.F.);
#2142 = FACE_BOUND('',#2143,.F.);
#2143 = EDGE_LOOP('',(#2144,#2152,#2153,#2154));
#2144 = ORIENTED_EDGE('',*,*,#2145,.T.);
#2145 = EDGE_CURVE('',#2146,#2024,#2148,.T.);
#2146 = VERTEX_POINT('',#2147);
#2147 = CARTESIAN_POINT('',(-1.5,-0.6,1.05));
#2148 = LINE('',#2149,#2150);
#2149 = CARTESIAN_POINT('',(-1.5,-0.6,1.05));
#2150 = VECTOR('',#2151,1.);
#2151 = DIRECTION('',(0.,0.,1.));
#2152 = ORIENTED_EDGE('',*,*,#2032,.T.);
#2153 = ORIENTED_EDGE('',*,*,#2121,.F.);
#2154 = ORIENTED_EDGE('',*,*,#2155,.F.);
#2155 = EDGE_CURVE('',#2146,#2122,#2156,.T.);
#2156 = LINE('',#2157,#2158);
#2157 = CARTESIAN_POINT('',(-1.5,-0.6,1.05));
#2158 = VECTOR('',#2159,1.);
#2159 = DIRECTION('',(0.,-1.,0.));
#2160 = PLANE('',#2161);
#2161 = AXIS2_PLACEMENT_3D('',#2162,#2163,#2164);
#2162 = CARTESIAN_POINT('',(-1.5,-0.6,1.05));
#2163 = DIRECTION('',(1.,0.,0.));
#2164 = DIRECTION('',(0.,-1.,0.));
#2165 = ADVANCED_FACE('',(#2166),#2185,.F.);
#2166 = FACE_BOUND('',#2167,.T.);
#2167 = EDGE_LOOP('',(#2168,#2169,#2170,#2178));
#2168 = ORIENTED_EDGE('',*,*,#2145,.T.);
#2169 = ORIENTED_EDGE('',*,*,#2023,.T.);
#2170 = ORIENTED_EDGE('',*,*,#2171,.F.);
#2171 = EDGE_CURVE('',#2172,#2016,#2174,.T.);
#2172 = VERTEX_POINT('',#2173);
#2173 = CARTESIAN_POINT('',(-1.5,-0.4,1.05));
#2174 = LINE('',#2175,#2176);
#2175 = CARTESIAN_POINT('',(-1.5,-0.4,1.05));
#2176 = VECTOR('',#2177,1.);
#2177 = DIRECTION('',(0.,0.,1.));
#2178 = ORIENTED_EDGE('',*,*,#2179,.F.);
#2179 = EDGE_CURVE('',#2146,#2172,#2180,.T.);
#2180 = CIRCLE('',#2181,0.1);
#2181 = AXIS2_PLACEMENT_3D('',#2182,#2183,#2184);
#2182 = CARTESIAN_POINT('',(-1.5,-0.5,1.05));
#2183 = DIRECTION('',(0.,0.,1.));
#2184 = DIRECTION('',(1.,0.,0.));
#2185 = CYLINDRICAL_SURFACE('',#2186,0.1);
#2186 = AXIS2_PLACEMENT_3D('',#2187,#2188,#2189);
#2187 = CARTESIAN_POINT('',(-1.5,-0.5,1.05));
#2188 = DIRECTION('',(-0.,-0.,-1.));
#2189 = DIRECTION('',(1.,0.,0.));
#2190 = ADVANCED_FACE('',(#2191),#2209,.F.);
#2191 = FACE_BOUND('',#2192,.F.);
#2192 = EDGE_LOOP('',(#2193,#2201,#2202,#2203));
#2193 = ORIENTED_EDGE('',*,*,#2194,.T.);
#2194 = EDGE_CURVE('',#2195,#2007,#2197,.T.);
#2195 = VERTEX_POINT('',#2196);
#2196 = CARTESIAN_POINT('',(-1.5,0.4,1.05));
#2197 = LINE('',#2198,#2199);
#2198 = CARTESIAN_POINT('',(-1.5,0.4,1.05));
#2199 = VECTOR('',#2200,1.);
#2200 = DIRECTION('',(0.,0.,1.));
#2201 = ORIENTED_EDGE('',*,*,#2015,.T.);
#2202 = ORIENTED_EDGE('',*,*,#2171,.F.);
#2203 = ORIENTED_EDGE('',*,*,#2204,.F.);
#2204 = EDGE_CURVE('',#2195,#2172,#2205,.T.);
#2205 = LINE('',#2206,#2207);
#2206 = CARTESIAN_POINT('',(-1.5,0.4,1.05));
#2207 = VECTOR('',#2208,1.);
#2208 = DIRECTION('',(0.,-1.,0.));
#2209 = PLANE('',#2210);
#2210 = AXIS2_PLACEMENT_3D('',#2211,#2212,#2213);
#2211 = CARTESIAN_POINT('',(-1.5,0.4,1.05));
#2212 = DIRECTION('',(1.,0.,0.));
#2213 = DIRECTION('',(0.,-1.,0.));
#2214 = ADVANCED_FACE('',(#2215),#2234,.F.);
#2215 = FACE_BOUND('',#2216,.T.);
#2216 = EDGE_LOOP('',(#2217,#2218,#2219,#2227));
#2217 = ORIENTED_EDGE('',*,*,#2194,.T.);
#2218 = ORIENTED_EDGE('',*,*,#2006,.T.);
#2219 = ORIENTED_EDGE('',*,*,#2220,.F.);
#2220 = EDGE_CURVE('',#2221,#1999,#2223,.T.);
#2221 = VERTEX_POINT('',#2222);
#2222 = CARTESIAN_POINT('',(-1.5,0.6,1.05));
#2223 = LINE('',#2224,#2225);
#2224 = CARTESIAN_POINT('',(-1.5,0.6,1.05));
#2225 = VECTOR('',#2226,1.);
#2226 = DIRECTION('',(0.,0.,1.));
#2227 = ORIENTED_EDGE('',*,*,#2228,.F.);
#2228 = EDGE_CURVE('',#2195,#2221,#2229,.T.);
#2229 = CIRCLE('',#2230,9.999999999966E-02);
#2230 = AXIS2_PLACEMENT_3D('',#2231,#2232,#2233);
#2231 = CARTESIAN_POINT('',(-1.5,0.5,1.05));
#2232 = DIRECTION('',(0.,0.,1.));
#2233 = DIRECTION('',(1.,0.,0.));
#2234 = CYLINDRICAL_SURFACE('',#2235,9.999999999966E-02);
#2235 = AXIS2_PLACEMENT_3D('',#2236,#2237,#2238);
#2236 = CARTESIAN_POINT('',(-1.5,0.5,1.05));
#2237 = DIRECTION('',(-0.,-0.,-1.));
#2238 = DIRECTION('',(1.,0.,0.));
#2239 = ADVANCED_FACE('',(#2240),#2258,.T.);
#2240 = FACE_BOUND('',#2241,.T.);
#2241 = EDGE_LOOP('',(#2242,#2243,#2244,#2252));
#2242 = ORIENTED_EDGE('',*,*,#2220,.T.);
#2243 = ORIENTED_EDGE('',*,*,#1998,.T.);
#2244 = ORIENTED_EDGE('',*,*,#2245,.F.);
#2245 = EDGE_CURVE('',#2246,#1991,#2248,.T.);
#2246 = VERTEX_POINT('',#2247);
#2247 = CARTESIAN_POINT('',(-1.5,1.,1.05));
#2248 = LINE('',#2249,#2250);
#2249 = CARTESIAN_POINT('',(-1.5,1.,1.05));
#2250 = VECTOR('',#2251,1.);
#2251 = DIRECTION('',(0.,0.,1.));
#2252 = ORIENTED_EDGE('',*,*,#2253,.F.);
#2253 = EDGE_CURVE('',#2221,#2246,#2254,.T.);
#2254 = LINE('',#2255,#2256);
#2255 = CARTESIAN_POINT('',(-1.5,0.6,1.05));
#2256 = VECTOR('',#2257,1.);
#2257 = DIRECTION('',(0.,1.,0.));
#2258 = PLANE('',#2259);
#2259 = AXIS2_PLACEMENT_3D('',#2260,#2261,#2262);
#2260 = CARTESIAN_POINT('',(-1.5,0.6,1.05));
#2261 = DIRECTION('',(-1.,0.,0.));
#2262 = DIRECTION('',(0.,1.,0.));
#2263 = ADVANCED_FACE('',(#2264),#2282,.F.);
#2264 = FACE_BOUND('',#2265,.F.);
#2265 = EDGE_LOOP('',(#2266,#2274,#2275,#2276));
#2266 = ORIENTED_EDGE('',*,*,#2267,.T.);
#2267 = EDGE_CURVE('',#2268,#1983,#2270,.T.);
#2268 = VERTEX_POINT('',#2269);
#2269 = CARTESIAN_POINT('',(-1.25,1.,1.05));
#2270 = LINE('',#2271,#2272);
#2271 = CARTESIAN_POINT('',(-1.25,1.,1.05));
#2272 = VECTOR('',#2273,1.);
#2273 = DIRECTION('',(0.,0.,1.));
#2274 = ORIENTED_EDGE('',*,*,#1990,.T.);
#2275 = ORIENTED_EDGE('',*,*,#2245,.F.);
#2276 = ORIENTED_EDGE('',*,*,#2277,.F.);
#2277 = EDGE_CURVE('',#2268,#2246,#2278,.T.);
#2278 = LINE('',#2279,#2280);
#2279 = CARTESIAN_POINT('',(-1.25,1.,1.05));
#2280 = VECTOR('',#2281,1.);
#2281 = DIRECTION('',(-1.,0.,0.));
#2282 = PLANE('',#2283);
#2283 = AXIS2_PLACEMENT_3D('',#2284,#2285,#2286);
#2284 = CARTESIAN_POINT('',(-1.25,1.,1.05));
#2285 = DIRECTION('',(0.,-1.,0.));
#2286 = DIRECTION('',(-1.,0.,0.));
#2287 = ADVANCED_FACE('',(#2288),#2315,.T.);
#2288 = FACE_BOUND('',#2289,.F.);
#2289 = EDGE_LOOP('',(#2290,#2299,#2307,#2314));
#2290 = ORIENTED_EDGE('',*,*,#2291,.T.);
#2291 = EDGE_CURVE('',#1975,#2292,#2294,.T.);
#2292 = VERTEX_POINT('',#2293);
#2293 = CARTESIAN_POINT('',(-1.25,1.25,1.05));
#2294 = CIRCLE('',#2295,0.15);
#2295 = AXIS2_PLACEMENT_3D('',#2296,#2297,#2298);
#2296 = CARTESIAN_POINT('',(-1.25,1.1,1.05));
#2297 = DIRECTION('',(-1.,0.,0.));
#2298 = DIRECTION('',(0.,-4.4E-16,1.));
#2299 = ORIENTED_EDGE('',*,*,#2300,.F.);
#2300 = EDGE_CURVE('',#2301,#2292,#2303,.T.);
#2301 = VERTEX_POINT('',#2302);
#2302 = CARTESIAN_POINT('',(1.25,1.25,1.05));
#2303 = LINE('',#2304,#2305);
#2304 = CARTESIAN_POINT('',(1.25,1.25,1.05));
#2305 = VECTOR('',#2306,1.);
#2306 = DIRECTION('',(-1.,0.,0.));
#2307 = ORIENTED_EDGE('',*,*,#2308,.F.);
#2308 = EDGE_CURVE('',#1967,#2301,#2309,.T.);
#2309 = CIRCLE('',#2310,0.15);
#2310 = AXIS2_PLACEMENT_3D('',#2311,#2312,#2313);
#2311 = CARTESIAN_POINT('',(1.25,1.1,1.05));
#2312 = DIRECTION('',(-1.,0.,0.));
#2313 = DIRECTION('',(0.,-4.4E-16,1.));
#2314 = ORIENTED_EDGE('',*,*,#1974,.F.);
#2315 = CYLINDRICAL_SURFACE('',#2316,0.15);
#2316 = AXIS2_PLACEMENT_3D('',#2317,#2318,#2319);
#2317 = CARTESIAN_POINT('',(-1.25,1.1,1.05));
#2318 = DIRECTION('',(1.,0.,0.));
#2319 = DIRECTION('',(0.,-4.4E-16,1.));
#2320 = ADVANCED_FACE('',(#2321),#2346,.F.);
#2321 = FACE_BOUND('',#2322,.F.);
#2322 = EDGE_LOOP('',(#2323,#2331,#2332,#2340));
#2323 = ORIENTED_EDGE('',*,*,#2324,.T.);
#2324 = EDGE_CURVE('',#2325,#1951,#2327,.T.);
#2325 = VERTEX_POINT('',#2326);
#2326 = CARTESIAN_POINT('',(1.5,1.,1.05));
#2327 = LINE('',#2328,#2329);
#2328 = CARTESIAN_POINT('',(1.5,1.,1.05));
#2329 = VECTOR('',#2330,1.);
#2330 = DIRECTION('',(0.,0.,1.));
#2331 = ORIENTED_EDGE('',*,*,#1958,.T.);
#2332 = ORIENTED_EDGE('',*,*,#2333,.F.);
#2333 = EDGE_CURVE('',#2334,#1959,#2336,.T.);
#2334 = VERTEX_POINT('',#2335);
#2335 = CARTESIAN_POINT('',(1.25,1.,1.05));
#2336 = LINE('',#2337,#2338);
#2337 = CARTESIAN_POINT('',(1.25,1.,1.05));
#2338 = VECTOR('',#2339,1.);
#2339 = DIRECTION('',(0.,0.,1.));
#2340 = ORIENTED_EDGE('',*,*,#2341,.F.);
#2341 = EDGE_CURVE('',#2325,#2334,#2342,.T.);
#2342 = LINE('',#2343,#2344);
#2343 = CARTESIAN_POINT('',(1.5,1.,1.05));
#2344 = VECTOR('',#2345,1.);
#2345 = DIRECTION('',(-1.,0.,0.));
#2346 = PLANE('',#2347);
#2347 = AXIS2_PLACEMENT_3D('',#2348,#2349,#2350);
#2348 = CARTESIAN_POINT('',(1.5,1.,1.05));
#2349 = DIRECTION('',(0.,-1.,0.));
#2350 = DIRECTION('',(-1.,0.,0.));
#2351 = ADVANCED_FACE('',(#2352),#2370,.T.);
#2352 = FACE_BOUND('',#2353,.T.);
#2353 = EDGE_LOOP('',(#2354,#2355,#2356,#2364));
#2354 = ORIENTED_EDGE('',*,*,#2324,.T.);
#2355 = ORIENTED_EDGE('',*,*,#1950,.T.);
#2356 = ORIENTED_EDGE('',*,*,#2357,.F.);
#2357 = EDGE_CURVE('',#2358,#1942,#2360,.T.);
#2358 = VERTEX_POINT('',#2359);
#2359 = CARTESIAN_POINT('',(1.5,0.6,1.05));
#2360 = LINE('',#2361,#2362);
#2361 = CARTESIAN_POINT('',(1.5,0.6,1.05));
#2362 = VECTOR('',#2363,1.);
#2363 = DIRECTION('',(0.,0.,1.));
#2364 = ORIENTED_EDGE('',*,*,#2365,.F.);
#2365 = EDGE_CURVE('',#2325,#2358,#2366,.T.);
#2366 = LINE('',#2367,#2368);
#2367 = CARTESIAN_POINT('',(1.5,1.,1.05));
#2368 = VECTOR('',#2369,1.);
#2369 = DIRECTION('',(0.,-1.,0.));
#2370 = PLANE('',#2371);
#2371 = AXIS2_PLACEMENT_3D('',#2372,#2373,#2374);
#2372 = CARTESIAN_POINT('',(1.5,1.,1.05));
#2373 = DIRECTION('',(1.,0.,0.));
#2374 = DIRECTION('',(0.,-1.,0.));
#2375 = ADVANCED_FACE('',(#2376),#2395,.F.);
#2376 = FACE_BOUND('',#2377,.T.);
#2377 = EDGE_LOOP('',(#2378,#2379,#2380,#2388));
#2378 = ORIENTED_EDGE('',*,*,#2357,.T.);
#2379 = ORIENTED_EDGE('',*,*,#1941,.T.);
#2380 = ORIENTED_EDGE('',*,*,#2381,.F.);
#2381 = EDGE_CURVE('',#2382,#1934,#2384,.T.);
#2382 = VERTEX_POINT('',#2383);
#2383 = CARTESIAN_POINT('',(1.5,0.4,1.05));
#2384 = LINE('',#2385,#2386);
#2385 = CARTESIAN_POINT('',(1.5,0.4,1.05));
#2386 = VECTOR('',#2387,1.);
#2387 = DIRECTION('',(0.,0.,1.));
#2388 = ORIENTED_EDGE('',*,*,#2389,.F.);
#2389 = EDGE_CURVE('',#2358,#2382,#2390,.T.);
#2390 = CIRCLE('',#2391,0.1);
#2391 = AXIS2_PLACEMENT_3D('',#2392,#2393,#2394);
#2392 = CARTESIAN_POINT('',(1.5,0.5,1.05));
#2393 = DIRECTION('',(0.,0.,1.));
#2394 = DIRECTION('',(1.,0.,0.));
#2395 = CYLINDRICAL_SURFACE('',#2396,0.1);
#2396 = AXIS2_PLACEMENT_3D('',#2397,#2398,#2399);
#2397 = CARTESIAN_POINT('',(1.5,0.5,1.05));
#2398 = DIRECTION('',(-0.,-0.,-1.));
#2399 = DIRECTION('',(1.,0.,0.));
#2400 = ADVANCED_FACE('',(#2401),#2419,.T.);
#2401 = FACE_BOUND('',#2402,.T.);
#2402 = EDGE_LOOP('',(#2403,#2404,#2405,#2413));
#2403 = ORIENTED_EDGE('',*,*,#2381,.T.);
#2404 = ORIENTED_EDGE('',*,*,#1933,.T.);
#2405 = ORIENTED_EDGE('',*,*,#2406,.F.);
#2406 = EDGE_CURVE('',#2407,#1925,#2409,.T.);
#2407 = VERTEX_POINT('',#2408);
#2408 = CARTESIAN_POINT('',(1.5,-0.4,1.05));
#2409 = LINE('',#2410,#2411);
#2410 = CARTESIAN_POINT('',(1.5,-0.4,1.05));
#2411 = VECTOR('',#2412,1.);
#2412 = DIRECTION('',(0.,0.,1.));
#2413 = ORIENTED_EDGE('',*,*,#2414,.F.);
#2414 = EDGE_CURVE('',#2382,#2407,#2415,.T.);
#2415 = LINE('',#2416,#2417);
#2416 = CARTESIAN_POINT('',(1.5,0.4,1.05));
#2417 = VECTOR('',#2418,1.);
#2418 = DIRECTION('',(0.,-1.,0.));
#2419 = PLANE('',#2420);
#2420 = AXIS2_PLACEMENT_3D('',#2421,#2422,#2423);
#2421 = CARTESIAN_POINT('',(1.5,0.4,1.05));
#2422 = DIRECTION('',(1.,0.,0.));
#2423 = DIRECTION('',(0.,-1.,0.));
#2424 = ADVANCED_FACE('',(#2425),#2444,.F.);
#2425 = FACE_BOUND('',#2426,.T.);
#2426 = EDGE_LOOP('',(#2427,#2428,#2429,#2437));
#2427 = ORIENTED_EDGE('',*,*,#2406,.T.);
#2428 = ORIENTED_EDGE('',*,*,#1924,.T.);
#2429 = ORIENTED_EDGE('',*,*,#2430,.F.);
#2430 = EDGE_CURVE('',#2431,#1917,#2433,.T.);
#2431 = VERTEX_POINT('',#2432);
#2432 = CARTESIAN_POINT('',(1.5,-0.6,1.05));
#2433 = LINE('',#2434,#2435);
#2434 = CARTESIAN_POINT('',(1.5,-0.6,1.05));
#2435 = VECTOR('',#2436,1.);
#2436 = DIRECTION('',(0.,0.,1.));
#2437 = ORIENTED_EDGE('',*,*,#2438,.F.);
#2438 = EDGE_CURVE('',#2407,#2431,#2439,.T.);
#2439 = CIRCLE('',#2440,0.1);
#2440 = AXIS2_PLACEMENT_3D('',#2441,#2442,#2443);
#2441 = CARTESIAN_POINT('',(1.5,-0.5,1.05));
#2442 = DIRECTION('',(0.,0.,1.));
#2443 = DIRECTION('',(1.,0.,0.));
#2444 = CYLINDRICAL_SURFACE('',#2445,0.1);
#2445 = AXIS2_PLACEMENT_3D('',#2446,#2447,#2448);
#2446 = CARTESIAN_POINT('',(1.5,-0.5,1.05));
#2447 = DIRECTION('',(-0.,-0.,-1.));
#2448 = DIRECTION('',(1.,0.,0.));
#2449 = ADVANCED_FACE('',(#2450),#2468,.F.);
#2450 = FACE_BOUND('',#2451,.F.);
#2451 = EDGE_LOOP('',(#2452,#2460,#2461,#2462));
#2452 = ORIENTED_EDGE('',*,*,#2453,.T.);
#2453 = EDGE_CURVE('',#2454,#1909,#2456,.T.);
#2454 = VERTEX_POINT('',#2455);
#2455 = CARTESIAN_POINT('',(1.5,-1.,1.05));
#2456 = LINE('',#2457,#2458);
#2457 = CARTESIAN_POINT('',(1.5,-1.,1.05));
#2458 = VECTOR('',#2459,1.);
#2459 = DIRECTION('',(0.,0.,1.));
#2460 = ORIENTED_EDGE('',*,*,#1916,.T.);
#2461 = ORIENTED_EDGE('',*,*,#2430,.F.);
#2462 = ORIENTED_EDGE('',*,*,#2463,.F.);
#2463 = EDGE_CURVE('',#2454,#2431,#2464,.T.);
#2464 = LINE('',#2465,#2466);
#2465 = CARTESIAN_POINT('',(1.5,-1.,1.05));
#2466 = VECTOR('',#2467,1.);
#2467 = DIRECTION('',(0.,1.,0.));
#2468 = PLANE('',#2469);
#2469 = AXIS2_PLACEMENT_3D('',#2470,#2471,#2472);
#2470 = CARTESIAN_POINT('',(1.5,-1.,1.05));
#2471 = DIRECTION('',(-1.,0.,0.));
#2472 = DIRECTION('',(0.,1.,0.));
#2473 = ADVANCED_FACE('',(#2474),#2485,.F.);
#2474 = FACE_BOUND('',#2475,.F.);
#2475 = EDGE_LOOP('',(#2476,#2477,#2478,#2479));
#2476 = ORIENTED_EDGE('',*,*,#1860,.T.);
#2477 = ORIENTED_EDGE('',*,*,#1908,.T.);
#2478 = ORIENTED_EDGE('',*,*,#2453,.F.);
#2479 = ORIENTED_EDGE('',*,*,#2480,.F.);
#2480 = EDGE_CURVE('',#1853,#2454,#2481,.T.);
#2481 = LINE('',#2482,#2483);
#2482 = CARTESIAN_POINT('',(1.25,-1.,1.05));
#2483 = VECTOR('',#2484,1.);
#2484 = DIRECTION('',(1.,0.,0.));
#2485 = PLANE('',#2486);
#2486 = AXIS2_PLACEMENT_3D('',#2487,#2488,#2489);
#2487 = CARTESIAN_POINT('',(1.25,-1.,1.05));
#2488 = DIRECTION('',(0.,1.,0.));
#2489 = DIRECTION('',(1.,0.,0.));
#2490 = ADVANCED_FACE('',(#2491),#2502,.T.);
#2491 = FACE_BOUND('',#2492,.T.);
#2492 = EDGE_LOOP('',(#2493,#2494,#2500,#2501));
#2493 = ORIENTED_EDGE('',*,*,#2065,.T.);
#2494 = ORIENTED_EDGE('',*,*,#2495,.T.);
#2495 = EDGE_CURVE('',#2066,#1836,#2496,.T.);
#2496 = LINE('',#2497,#2498);
#2497 = CARTESIAN_POINT('',(-1.25,-1.25,1.05));
#2498 = VECTOR('',#2499,1.);
#2499 = DIRECTION('',(1.,0.,0.));
#2500 = ORIENTED_EDGE('',*,*,#1876,.F.);
#2501 = ORIENTED_EDGE('',*,*,#1901,.F.);
#2502 = CYLINDRICAL_SURFACE('',#2503,0.15);
#2503 = AXIS2_PLACEMENT_3D('',#2504,#2505,#2506);
#2504 = CARTESIAN_POINT('',(-1.25,-1.1,1.05));
#2505 = DIRECTION('',(1.,0.,0.));
#2506 = DIRECTION('',(0.,0.,1.));
#2507 = ADVANCED_FACE('',(#2508),#2527,.F.);
#2508 = FACE_BOUND('',#2509,.T.);
#2509 = EDGE_LOOP('',(#2510,#2518,#2519,#2520));
#2510 = ORIENTED_EDGE('',*,*,#2511,.T.);
#2511 = EDGE_CURVE('',#2512,#2049,#2514,.T.);
#2512 = VERTEX_POINT('',#2513);
#2513 = CARTESIAN_POINT('',(0.8,0.,1.05));
#2514 = LINE('',#2515,#2516);
#2515 = CARTESIAN_POINT('',(0.8,0.,1.05));
#2516 = VECTOR('',#2517,1.);
#2517 = DIRECTION('',(0.,0.,1.));
#2518 = ORIENTED_EDGE('',*,*,#2048,.T.);
#2519 = ORIENTED_EDGE('',*,*,#2511,.F.);
#2520 = ORIENTED_EDGE('',*,*,#2521,.F.);
#2521 = EDGE_CURVE('',#2512,#2512,#2522,.T.);
#2522 = CIRCLE('',#2523,0.8);
#2523 = AXIS2_PLACEMENT_3D('',#2524,#2525,#2526);
#2524 = CARTESIAN_POINT('',(0.,0.,1.05));
#2525 = DIRECTION('',(0.,0.,1.));
#2526 = DIRECTION('',(1.,0.,0.));
#2527 = CYLINDRICAL_SURFACE('',#2528,0.8);
#2528 = AXIS2_PLACEMENT_3D('',#2529,#2530,#2531);
#2529 = CARTESIAN_POINT('',(0.,0.,1.05));
#2530 = DIRECTION('',(-0.,-0.,-1.));
#2531 = DIRECTION('',(1.,0.,0.));
#2532 = ADVANCED_FACE('',(#2533),#2567,.F.);
#2533 = FACE_BOUND('',#2534,.F.);
#2534 = EDGE_LOOP('',(#2535,#2545,#2551,#2552,#2561));
#2535 = ORIENTED_EDGE('',*,*,#2536,.T.);
#2536 = EDGE_CURVE('',#2537,#2539,#2541,.T.);
#2537 = VERTEX_POINT('',#2538);
#2538 = CARTESIAN_POINT('',(-1.5,-0.911961341385,0.5));
#2539 = VERTEX_POINT('',#2540);
#2540 = CARTESIAN_POINT('',(-1.363395489921,-0.85,0.5));
#2541 = LINE('',#2542,#2543);
#2542 = CARTESIAN_POINT('',(-1.387358054673,-0.860868987079,0.5));
#2543 = VECTOR('',#2544,1.);
#2544 = DIRECTION('',(0.910696733856,0.413075609234,-2.7E-16));
#2545 = ORIENTED_EDGE('',*,*,#2546,.T.);
#2546 = EDGE_CURVE('',#2539,#2092,#2547,.T.);
#2547 = LINE('',#2548,#2549);
#2548 = CARTESIAN_POINT('',(-1.268537435249,-1.059131012921,0.5));
#2549 = VECTOR('',#2550,1.);
#2550 = DIRECTION('',(0.413075609223,-0.910696733861,5.9E-16));
#2551 = ORIENTED_EDGE('',*,*,#2099,.T.);
#2552 = ORIENTED_EDGE('',*,*,#2553,.T.);
#2553 = EDGE_CURVE('',#2100,#2554,#2556,.T.);
#2554 = VERTEX_POINT('',#2555);
#2555 = CARTESIAN_POINT('',(-1.386604510073,-1.161961341393,0.5));
#2556 = CIRCLE('',#2557,0.149999999991);
#2557 = AXIS2_PLACEMENT_3D('',#2558,#2559,#2560);
#2558 = CARTESIAN_POINT('',(-1.25,-1.100000000009,0.5));
#2559 = DIRECTION('',(0.,0.,-1.));
#2560 = DIRECTION('',(1.,0.,0.));
#2561 = ORIENTED_EDGE('',*,*,#2562,.T.);
#2562 = EDGE_CURVE('',#2554,#2537,#2563,.T.);
#2563 = LINE('',#2564,#2565);
#2564 = CARTESIAN_POINT('',(-1.46183969029,-0.996092354306,0.5));
#2565 = VECTOR('',#2566,1.);
#2566 = DIRECTION('',(-0.413075609215,0.910696733865,-5.9E-16));
#2567 = PLANE('',#2568);
#2568 = AXIS2_PLACEMENT_3D('',#2569,#2570,#2571);
#2569 = CARTESIAN_POINT('',(-1.335,-1.04,0.5));
#2570 = DIRECTION('',(-0.,-6.5E-16,-1.));
#2571 = DIRECTION('',(0.,-1.,6.5E-16));
#2572 = ADVANCED_FACE('',(#2573,#2619),#2622,.F.);
#2573 = FACE_BOUND('',#2574,.F.);
#2574 = EDGE_LOOP('',(#2575,#2576,#2577,#2578,#2579,#2580,#2581,#2587,
    #2588,#2589,#2590,#2591,#2592,#2593,#2594,#2595,#2603,#2611,#2617,
    #2618));
#2575 = ORIENTED_EDGE('',*,*,#2228,.F.);
#2576 = ORIENTED_EDGE('',*,*,#2204,.T.);
#2577 = ORIENTED_EDGE('',*,*,#2179,.F.);
#2578 = ORIENTED_EDGE('',*,*,#2155,.T.);
#2579 = ORIENTED_EDGE('',*,*,#2131,.T.);
#2580 = ORIENTED_EDGE('',*,*,#2083,.T.);
#2581 = ORIENTED_EDGE('',*,*,#2582,.T.);
#2582 = EDGE_CURVE('',#2084,#1845,#2583,.T.);
#2583 = LINE('',#2584,#2585);
#2584 = CARTESIAN_POINT('',(-1.25,-1.1,1.05));
#2585 = VECTOR('',#2586,1.);
#2586 = DIRECTION('',(1.,0.,0.));
#2587 = ORIENTED_EDGE('',*,*,#1852,.T.);
#2588 = ORIENTED_EDGE('',*,*,#2480,.T.);
#2589 = ORIENTED_EDGE('',*,*,#2463,.T.);
#2590 = ORIENTED_EDGE('',*,*,#2438,.F.);
#2591 = ORIENTED_EDGE('',*,*,#2414,.F.);
#2592 = ORIENTED_EDGE('',*,*,#2389,.F.);
#2593 = ORIENTED_EDGE('',*,*,#2365,.F.);
#2594 = ORIENTED_EDGE('',*,*,#2341,.T.);
#2595 = ORIENTED_EDGE('',*,*,#2596,.T.);
#2596 = EDGE_CURVE('',#2334,#2597,#2599,.T.);
#2597 = VERTEX_POINT('',#2598);
#2598 = CARTESIAN_POINT('',(1.25,1.1,1.05));
#2599 = LINE('',#2600,#2601);
#2600 = CARTESIAN_POINT('',(1.25,1.,1.05));
#2601 = VECTOR('',#2602,1.);
#2602 = DIRECTION('',(0.,1.,0.));
#2603 = ORIENTED_EDGE('',*,*,#2604,.F.);
#2604 = EDGE_CURVE('',#2605,#2597,#2607,.T.);
#2605 = VERTEX_POINT('',#2606);
#2606 = CARTESIAN_POINT('',(-1.25,1.1,1.05));
#2607 = LINE('',#2608,#2609);
#2608 = CARTESIAN_POINT('',(-1.25,1.1,1.05));
#2609 = VECTOR('',#2610,1.);
#2610 = DIRECTION('',(1.,0.,0.));
#2611 = ORIENTED_EDGE('',*,*,#2612,.T.);
#2612 = EDGE_CURVE('',#2605,#2268,#2613,.T.);
#2613 = LINE('',#2614,#2615);
#2614 = CARTESIAN_POINT('',(-1.25,1.25,1.05));
#2615 = VECTOR('',#2616,1.);
#2616 = DIRECTION('',(0.,-1.,0.));
#2617 = ORIENTED_EDGE('',*,*,#2277,.T.);
#2618 = ORIENTED_EDGE('',*,*,#2253,.F.);
#2619 = FACE_BOUND('',#2620,.F.);
#2620 = EDGE_LOOP('',(#2621));
#2621 = ORIENTED_EDGE('',*,*,#2521,.F.);
#2622 = PLANE('',#2623);
#2623 = AXIS2_PLACEMENT_3D('',#2624,#2625,#2626);
#2624 = CARTESIAN_POINT('',(5.855E-14,-2.429E-14,1.05));
#2625 = DIRECTION('',(0.,0.,1.));
#2626 = DIRECTION('',(1.,0.,0.));
#2627 = ADVANCED_FACE('',(#2628),#2654,.T.);
#2628 = FACE_BOUND('',#2629,.T.);
#2629 = EDGE_LOOP('',(#2630,#2641,#2647,#2648));
#2630 = ORIENTED_EDGE('',*,*,#2631,.F.);
#2631 = EDGE_CURVE('',#2632,#2634,#2636,.T.);
#2632 = VERTEX_POINT('',#2633);
#2633 = CARTESIAN_POINT('',(-1.25,-1.25,0.2));
#2634 = VERTEX_POINT('',#2635);
#2635 = CARTESIAN_POINT('',(-1.386604510073,-1.161961341393,0.2));
#2636 = CIRCLE('',#2637,0.149999999991);
#2637 = AXIS2_PLACEMENT_3D('',#2638,#2639,#2640);
#2638 = CARTESIAN_POINT('',(-1.25,-1.100000000009,0.2));
#2639 = DIRECTION('',(0.,0.,-1.));
#2640 = DIRECTION('',(1.,0.,0.));
#2641 = ORIENTED_EDGE('',*,*,#2642,.F.);
#2642 = EDGE_CURVE('',#2100,#2632,#2643,.T.);
#2643 = LINE('',#2644,#2645);
#2644 = CARTESIAN_POINT('',(-1.25,-1.25,0.6));
#2645 = VECTOR('',#2646,1.);
#2646 = DIRECTION('',(0.,0.,-1.));
#2647 = ORIENTED_EDGE('',*,*,#2553,.T.);
#2648 = ORIENTED_EDGE('',*,*,#2649,.F.);
#2649 = EDGE_CURVE('',#2634,#2554,#2650,.T.);
#2650 = LINE('',#2651,#2652);
#2651 = CARTESIAN_POINT('',(-1.386604510073,-1.161961341393,0.2));
#2652 = VECTOR('',#2653,1.);
#2653 = DIRECTION('',(0.,0.,1.));
#2654 = CYLINDRICAL_SURFACE('',#2655,0.149999999991);
#2655 = AXIS2_PLACEMENT_3D('',#2656,#2657,#2658);
#2656 = CARTESIAN_POINT('',(-1.25,-1.100000000009,0.2));
#2657 = DIRECTION('',(0.,0.,-1.));
#2658 = DIRECTION('',(1.,0.,0.));
#2659 = ADVANCED_FACE('',(#2660),#2709,.T.);
#2660 = FACE_BOUND('',#2661,.T.);
#2661 = EDGE_LOOP('',(#2662,#2672,#2680,#2686,#2687,#2695,#2703));
#2662 = ORIENTED_EDGE('',*,*,#2663,.T.);
#2663 = EDGE_CURVE('',#2664,#2666,#2668,.T.);
#2664 = VERTEX_POINT('',#2665);
#2665 = CARTESIAN_POINT('',(-1.25,-1.1,0.2));
#2666 = VERTEX_POINT('',#2667);
#2667 = CARTESIAN_POINT('',(-0.9,-1.1,0.2));
#2668 = LINE('',#2669,#2670);
#2669 = CARTESIAN_POINT('',(-1.25,-1.1,0.2));
#2670 = VECTOR('',#2671,1.);
#2671 = DIRECTION('',(1.,0.,0.));
#2672 = ORIENTED_EDGE('',*,*,#2673,.T.);
#2673 = EDGE_CURVE('',#2666,#2674,#2676,.T.);
#2674 = VERTEX_POINT('',#2675);
#2675 = CARTESIAN_POINT('',(-0.9,-1.25,0.2));
#2676 = LINE('',#2677,#2678);
#2677 = CARTESIAN_POINT('',(-0.9,-1.1,0.2));
#2678 = VECTOR('',#2679,1.);
#2679 = DIRECTION('',(0.,-1.,0.));
#2680 = ORIENTED_EDGE('',*,*,#2681,.T.);
#2681 = EDGE_CURVE('',#2674,#2632,#2682,.T.);
#2682 = LINE('',#2683,#2684);
#2683 = CARTESIAN_POINT('',(-0.9,-1.25,0.2));
#2684 = VECTOR('',#2685,1.);
#2685 = DIRECTION('',(-1.,0.,0.));
#2686 = ORIENTED_EDGE('',*,*,#2631,.T.);
#2687 = ORIENTED_EDGE('',*,*,#2688,.F.);
#2688 = EDGE_CURVE('',#2689,#2634,#2691,.T.);
#2689 = VERTEX_POINT('',#2690);
#2690 = CARTESIAN_POINT('',(-1.5,-0.911961341385,0.2));
#2691 = LINE('',#2692,#2693);
#2692 = CARTESIAN_POINT('',(-1.5,-0.911961341385,0.2));
#2693 = VECTOR('',#2694,1.);
#2694 = DIRECTION('',(0.413075609215,-0.910696733865,0.));
#2695 = ORIENTED_EDGE('',*,*,#2696,.F.);
#2696 = EDGE_CURVE('',#2697,#2689,#2699,.T.);
#2697 = VERTEX_POINT('',#2698);
#2698 = CARTESIAN_POINT('',(-1.363395489921,-0.85,0.2));
#2699 = LINE('',#2700,#2701);
#2700 = CARTESIAN_POINT('',(-1.363395489921,-0.85,0.2));
#2701 = VECTOR('',#2702,1.);
#2702 = DIRECTION('',(-0.910696733856,-0.413075609234,0.));
#2703 = ORIENTED_EDGE('',*,*,#2704,.F.);
#2704 = EDGE_CURVE('',#2664,#2697,#2705,.T.);
#2705 = LINE('',#2706,#2707);
#2706 = CARTESIAN_POINT('',(-1.25,-1.1,0.2));
#2707 = VECTOR('',#2708,1.);
#2708 = DIRECTION('',(-0.413075609223,0.910696733861,-0.));
#2709 = PLANE('',#2710);
#2710 = AXIS2_PLACEMENT_3D('',#2711,#2712,#2713);
#2711 = CARTESIAN_POINT('',(-1.211534487264,-1.099648998614,0.2));
#2712 = DIRECTION('',(-0.,-0.,-1.));
#2713 = DIRECTION('',(-1.,0.,0.));
#2714 = ADVANCED_FACE('',(#2715),#2740,.F.);
#2715 = FACE_BOUND('',#2716,.F.);
#2716 = EDGE_LOOP('',(#2717,#2725,#2726,#2734));
#2717 = ORIENTED_EDGE('',*,*,#2718,.T.);
#2718 = EDGE_CURVE('',#2719,#2666,#2721,.T.);
#2719 = VERTEX_POINT('',#2720);
#2720 = CARTESIAN_POINT('',(-0.9,-1.1,0.6));
#2721 = LINE('',#2722,#2723);
#2722 = CARTESIAN_POINT('',(-0.9,-1.1,0.6));
#2723 = VECTOR('',#2724,1.);
#2724 = DIRECTION('',(0.,0.,-1.));
#2725 = ORIENTED_EDGE('',*,*,#2673,.T.);
#2726 = ORIENTED_EDGE('',*,*,#2727,.F.);
#2727 = EDGE_CURVE('',#2728,#2674,#2730,.T.);
#2728 = VERTEX_POINT('',#2729);
#2729 = CARTESIAN_POINT('',(-0.9,-1.25,0.6));
#2730 = LINE('',#2731,#2732);
#2731 = CARTESIAN_POINT('',(-0.9,-1.25,0.6));
#2732 = VECTOR('',#2733,1.);
#2733 = DIRECTION('',(0.,0.,-1.));
#2734 = ORIENTED_EDGE('',*,*,#2735,.F.);
#2735 = EDGE_CURVE('',#2719,#2728,#2736,.T.);
#2736 = LINE('',#2737,#2738);
#2737 = CARTESIAN_POINT('',(-0.9,-1.1,0.6));
#2738 = VECTOR('',#2739,1.);
#2739 = DIRECTION('',(0.,-1.,0.));
#2740 = PLANE('',#2741);
#2741 = AXIS2_PLACEMENT_3D('',#2742,#2743,#2744);
#2742 = CARTESIAN_POINT('',(-0.9,-1.1,0.6));
#2743 = DIRECTION('',(-1.,-0.,-0.));
#2744 = DIRECTION('',(0.,-1.,0.));
#2745 = ADVANCED_FACE('',(#2746),#2771,.F.);
#2746 = FACE_BOUND('',#2747,.F.);
#2747 = EDGE_LOOP('',(#2748,#2749,#2757,#2765));
#2748 = ORIENTED_EDGE('',*,*,#2735,.T.);
#2749 = ORIENTED_EDGE('',*,*,#2750,.T.);
#2750 = EDGE_CURVE('',#2728,#2751,#2753,.T.);
#2751 = VERTEX_POINT('',#2752);
#2752 = CARTESIAN_POINT('',(0.9,-1.25,0.6));
#2753 = LINE('',#2754,#2755);
#2754 = CARTESIAN_POINT('',(0.625,-1.25,0.6));
#2755 = VECTOR('',#2756,1.);
#2756 = DIRECTION('',(1.,0.,0.));
#2757 = ORIENTED_EDGE('',*,*,#2758,.F.);
#2758 = EDGE_CURVE('',#2759,#2751,#2761,.T.);
#2759 = VERTEX_POINT('',#2760);
#2760 = CARTESIAN_POINT('',(0.9,-1.1,0.6));
#2761 = LINE('',#2762,#2763);
#2762 = CARTESIAN_POINT('',(0.9,-1.1,0.6));
#2763 = VECTOR('',#2764,1.);
#2764 = DIRECTION('',(-2.2E-16,-1.,0.));
#2765 = ORIENTED_EDGE('',*,*,#2766,.T.);
#2766 = EDGE_CURVE('',#2759,#2719,#2767,.T.);
#2767 = LINE('',#2768,#2769);
#2768 = CARTESIAN_POINT('',(-0.625,-1.1,0.6));
#2769 = VECTOR('',#2770,1.);
#2770 = DIRECTION('',(-1.,0.,0.));
#2771 = PLANE('',#2772);
#2772 = AXIS2_PLACEMENT_3D('',#2773,#2774,#2775);
#2773 = CARTESIAN_POINT('',(-1.6E-16,-1.175,0.6));
#2774 = DIRECTION('',(0.,0.,1.));
#2775 = DIRECTION('',(1.,0.,0.));
#2776 = ADVANCED_FACE('',(#2777),#2793,.F.);
#2777 = FACE_BOUND('',#2778,.F.);
#2778 = EDGE_LOOP('',(#2779,#2780,#2786,#2787));
#2779 = ORIENTED_EDGE('',*,*,#2696,.F.);
#2780 = ORIENTED_EDGE('',*,*,#2781,.T.);
#2781 = EDGE_CURVE('',#2697,#2539,#2782,.T.);
#2782 = LINE('',#2783,#2784);
#2783 = CARTESIAN_POINT('',(-1.363395489921,-0.85,0.2));
#2784 = VECTOR('',#2785,1.);
#2785 = DIRECTION('',(0.,0.,1.));
#2786 = ORIENTED_EDGE('',*,*,#2536,.F.);
#2787 = ORIENTED_EDGE('',*,*,#2788,.F.);
#2788 = EDGE_CURVE('',#2689,#2537,#2789,.T.);
#2789 = LINE('',#2790,#2791);
#2790 = CARTESIAN_POINT('',(-1.5,-0.911961341385,0.2));
#2791 = VECTOR('',#2792,1.);
#2792 = DIRECTION('',(0.,0.,1.));
#2793 = PLANE('',#2794);
#2794 = AXIS2_PLACEMENT_3D('',#2795,#2796,#2797);
#2795 = CARTESIAN_POINT('',(-1.363395489921,-0.85,0.2));
#2796 = DIRECTION('',(0.413075609234,-0.910696733856,0.));
#2797 = DIRECTION('',(-0.910696733856,-0.413075609234,0.));
#2798 = ADVANCED_FACE('',(#2799),#2805,.F.);
#2799 = FACE_BOUND('',#2800,.F.);
#2800 = EDGE_LOOP('',(#2801,#2802,#2803,#2804));
#2801 = ORIENTED_EDGE('',*,*,#2688,.F.);
#2802 = ORIENTED_EDGE('',*,*,#2788,.T.);
#2803 = ORIENTED_EDGE('',*,*,#2562,.F.);
#2804 = ORIENTED_EDGE('',*,*,#2649,.F.);
#2805 = PLANE('',#2806);
#2806 = AXIS2_PLACEMENT_3D('',#2807,#2808,#2809);
#2807 = CARTESIAN_POINT('',(-1.5,-0.911961341385,0.2));
#2808 = DIRECTION('',(0.910696733865,0.413075609215,0.));
#2809 = DIRECTION('',(0.413075609215,-0.910696733865,0.));
#2810 = ADVANCED_FACE('',(#2811),#2822,.F.);
#2811 = FACE_BOUND('',#2812,.F.);
#2812 = EDGE_LOOP('',(#2813,#2814,#2820,#2821));
#2813 = ORIENTED_EDGE('',*,*,#2704,.F.);
#2814 = ORIENTED_EDGE('',*,*,#2815,.F.);
#2815 = EDGE_CURVE('',#2092,#2664,#2816,.T.);
#2816 = LINE('',#2817,#2818);
#2817 = CARTESIAN_POINT('',(-1.25,-1.1,1.05));
#2818 = VECTOR('',#2819,1.);
#2819 = DIRECTION('',(0.,0.,-1.));
#2820 = ORIENTED_EDGE('',*,*,#2546,.F.);
#2821 = ORIENTED_EDGE('',*,*,#2781,.F.);
#2822 = PLANE('',#2823);
#2823 = AXIS2_PLACEMENT_3D('',#2824,#2825,#2826);
#2824 = CARTESIAN_POINT('',(-1.25,-1.1,0.2));
#2825 = DIRECTION('',(-0.910696733861,-0.413075609223,-0.));
#2826 = DIRECTION('',(-0.413075609223,0.910696733861,0.));
#2827 = ADVANCED_FACE('',(#2828),#2853,.F.);
#2828 = FACE_BOUND('',#2829,.T.);
#2829 = EDGE_LOOP('',(#2830,#2838,#2846,#2852));
#2830 = ORIENTED_EDGE('',*,*,#2831,.T.);
#2831 = EDGE_CURVE('',#2759,#2832,#2834,.T.);
#2832 = VERTEX_POINT('',#2833);
#2833 = CARTESIAN_POINT('',(0.9,-1.1,0.2));
#2834 = LINE('',#2835,#2836);
#2835 = CARTESIAN_POINT('',(0.9,-1.1,0.6));
#2836 = VECTOR('',#2837,1.);
#2837 = DIRECTION('',(2.2E-16,0.,-1.));
#2838 = ORIENTED_EDGE('',*,*,#2839,.T.);
#2839 = EDGE_CURVE('',#2832,#2840,#2842,.T.);
#2840 = VERTEX_POINT('',#2841);
#2841 = CARTESIAN_POINT('',(0.9,-1.25,0.2));
#2842 = LINE('',#2843,#2844);
#2843 = CARTESIAN_POINT('',(0.9,-1.1,0.2));
#2844 = VECTOR('',#2845,1.);
#2845 = DIRECTION('',(-2.2E-16,-1.,0.));
#2846 = ORIENTED_EDGE('',*,*,#2847,.F.);
#2847 = EDGE_CURVE('',#2751,#2840,#2848,.T.);
#2848 = LINE('',#2849,#2850);
#2849 = CARTESIAN_POINT('',(0.9,-1.25,0.6));
#2850 = VECTOR('',#2851,1.);
#2851 = DIRECTION('',(2.2E-16,0.,-1.));
#2852 = ORIENTED_EDGE('',*,*,#2758,.F.);
#2853 = PLANE('',#2854);
#2854 = AXIS2_PLACEMENT_3D('',#2855,#2856,#2857);
#2855 = CARTESIAN_POINT('',(0.9,-1.1,0.6));
#2856 = DIRECTION('',(1.,-2.2E-16,2.2E-16));
#2857 = DIRECTION('',(2.2E-16,1.,0.));
#2858 = ADVANCED_FACE('',(#2859),#2887,.T.);
#2859 = FACE_BOUND('',#2860,.T.);
#2860 = EDGE_LOOP('',(#2861,#2862,#2863,#2864,#2865,#2873,#2881));
#2861 = ORIENTED_EDGE('',*,*,#2612,.T.);
#2862 = ORIENTED_EDGE('',*,*,#2267,.T.);
#2863 = ORIENTED_EDGE('',*,*,#1982,.F.);
#2864 = ORIENTED_EDGE('',*,*,#2291,.T.);
#2865 = ORIENTED_EDGE('',*,*,#2866,.T.);
#2866 = EDGE_CURVE('',#2292,#2867,#2869,.T.);
#2867 = VERTEX_POINT('',#2868);
#2868 = CARTESIAN_POINT('',(-1.25,1.25,0.5));
#2869 = LINE('',#2870,#2871);
#2870 = CARTESIAN_POINT('',(-1.25,1.25,1.05));
#2871 = VECTOR('',#2872,1.);
#2872 = DIRECTION('',(0.,4.4E-16,-1.));
#2873 = ORIENTED_EDGE('',*,*,#2874,.F.);
#2874 = EDGE_CURVE('',#2875,#2867,#2877,.T.);
#2875 = VERTEX_POINT('',#2876);
#2876 = CARTESIAN_POINT('',(-1.25,1.1,0.5));
#2877 = LINE('',#2878,#2879);
#2878 = CARTESIAN_POINT('',(-1.25,1.145,0.5));
#2879 = VECTOR('',#2880,1.);
#2880 = DIRECTION('',(2.931E-13,1.,1.09E-15));
#2881 = ORIENTED_EDGE('',*,*,#2882,.F.);
#2882 = EDGE_CURVE('',#2605,#2875,#2883,.T.);
#2883 = LINE('',#2884,#2885);
#2884 = CARTESIAN_POINT('',(-1.25,1.1,0.6));
#2885 = VECTOR('',#2886,1.);
#2886 = DIRECTION('',(0.,4.4E-16,-1.));
#2887 = PLANE('',#2888);
#2888 = AXIS2_PLACEMENT_3D('',#2889,#2890,#2891);
#2889 = CARTESIAN_POINT('',(-1.25,1.149365212307,0.866132991446));
#2890 = DIRECTION('',(-1.,1.598E-14,-7.74E-15));
#2891 = DIRECTION('',(-1.598E-14,-1.,0.));
#2892 = ADVANCED_FACE('',(#2893),#2927,.F.);
#2893 = FACE_BOUND('',#2894,.T.);
#2894 = EDGE_LOOP('',(#2895,#2905,#2911,#2912,#2921));
#2895 = ORIENTED_EDGE('',*,*,#2896,.T.);
#2896 = EDGE_CURVE('',#2897,#2899,#2901,.T.);
#2897 = VERTEX_POINT('',#2898);
#2898 = CARTESIAN_POINT('',(-1.5,0.911961341385,0.5));
#2899 = VERTEX_POINT('',#2900);
#2900 = CARTESIAN_POINT('',(-1.363395489921,0.85,0.5));
#2901 = LINE('',#2902,#2903);
#2902 = CARTESIAN_POINT('',(-1.387358054673,0.860868987079,0.5));
#2903 = VECTOR('',#2904,1.);
#2904 = DIRECTION('',(0.910696733856,-0.413075609234,-4.5E-16));
#2905 = ORIENTED_EDGE('',*,*,#2906,.T.);
#2906 = EDGE_CURVE('',#2899,#2875,#2907,.T.);
#2907 = LINE('',#2908,#2909);
#2908 = CARTESIAN_POINT('',(-1.268537435249,1.059131012921,0.5));
#2909 = VECTOR('',#2910,1.);
#2910 = DIRECTION('',(0.413075609223,0.910696733861,1.E-15));
#2911 = ORIENTED_EDGE('',*,*,#2874,.T.);
#2912 = ORIENTED_EDGE('',*,*,#2913,.T.);
#2913 = EDGE_CURVE('',#2867,#2914,#2916,.T.);
#2914 = VERTEX_POINT('',#2915);
#2915 = CARTESIAN_POINT('',(-1.386604510073,1.161961341393,0.5));
#2916 = CIRCLE('',#2917,0.149999999991);
#2917 = AXIS2_PLACEMENT_3D('',#2918,#2919,#2920);
#2918 = CARTESIAN_POINT('',(-1.25,1.100000000009,0.5));
#2919 = DIRECTION('',(0.,-4.4E-16,1.));
#2920 = DIRECTION('',(1.,0.,0.));
#2921 = ORIENTED_EDGE('',*,*,#2922,.T.);
#2922 = EDGE_CURVE('',#2914,#2897,#2923,.T.);
#2923 = LINE('',#2924,#2925);
#2924 = CARTESIAN_POINT('',(-1.46183969029,0.996092354306,0.5));
#2925 = VECTOR('',#2926,1.);
#2926 = DIRECTION('',(-0.413075609215,-0.910696733865,-1.E-15));
#2927 = PLANE('',#2928);
#2928 = AXIS2_PLACEMENT_3D('',#2929,#2930,#2931);
#2929 = CARTESIAN_POINT('',(-1.335,1.04,0.5));
#2930 = DIRECTION('',(0.,1.09E-15,-1.));
#2931 = DIRECTION('',(-0.,-1.,-1.09E-15));
#2932 = ADVANCED_FACE('',(#2933),#2959,.T.);
#2933 = FACE_BOUND('',#2934,.F.);
#2934 = EDGE_LOOP('',(#2935,#2946,#2952,#2953));
#2935 = ORIENTED_EDGE('',*,*,#2936,.F.);
#2936 = EDGE_CURVE('',#2937,#2939,#2941,.T.);
#2937 = VERTEX_POINT('',#2938);
#2938 = CARTESIAN_POINT('',(-1.25,1.25,0.2));
#2939 = VERTEX_POINT('',#2940);
#2940 = CARTESIAN_POINT('',(-1.386604510073,1.161961341393,0.2));
#2941 = CIRCLE('',#2942,0.149999999991);
#2942 = AXIS2_PLACEMENT_3D('',#2943,#2944,#2945);
#2943 = CARTESIAN_POINT('',(-1.25,1.100000000009,0.2));
#2944 = DIRECTION('',(0.,-4.4E-16,1.));
#2945 = DIRECTION('',(1.,0.,0.));
#2946 = ORIENTED_EDGE('',*,*,#2947,.F.);
#2947 = EDGE_CURVE('',#2867,#2937,#2948,.T.);
#2948 = LINE('',#2949,#2950);
#2949 = CARTESIAN_POINT('',(-1.25,1.25,0.6));
#2950 = VECTOR('',#2951,1.);
#2951 = DIRECTION('',(0.,4.4E-16,-1.));
#2952 = ORIENTED_EDGE('',*,*,#2913,.T.);
#2953 = ORIENTED_EDGE('',*,*,#2954,.F.);
#2954 = EDGE_CURVE('',#2939,#2914,#2955,.T.);
#2955 = LINE('',#2956,#2957);
#2956 = CARTESIAN_POINT('',(-1.386604510073,1.161961341393,0.2));
#2957 = VECTOR('',#2958,1.);
#2958 = DIRECTION('',(0.,-4.4E-16,1.));
#2959 = CYLINDRICAL_SURFACE('',#2960,0.149999999991);
#2960 = AXIS2_PLACEMENT_3D('',#2961,#2962,#2963);
#2961 = CARTESIAN_POINT('',(-1.25,1.100000000009,0.2));
#2962 = DIRECTION('',(0.,4.4E-16,-1.));
#2963 = DIRECTION('',(1.,0.,0.));
#2964 = ADVANCED_FACE('',(#2965),#2990,.F.);
#2965 = FACE_BOUND('',#2966,.T.);
#2966 = EDGE_LOOP('',(#2967,#2977,#2983,#2984));
#2967 = ORIENTED_EDGE('',*,*,#2968,.F.);
#2968 = EDGE_CURVE('',#2969,#2971,#2973,.T.);
#2969 = VERTEX_POINT('',#2970);
#2970 = CARTESIAN_POINT('',(-1.25,1.1,0.2));
#2971 = VERTEX_POINT('',#2972);
#2972 = CARTESIAN_POINT('',(-1.363395489921,0.85,0.2));
#2973 = LINE('',#2974,#2975);
#2974 = CARTESIAN_POINT('',(-1.25,1.1,0.2));
#2975 = VECTOR('',#2976,1.);
#2976 = DIRECTION('',(-0.413075609223,-0.910696733861,-4.E-16));
#2977 = ORIENTED_EDGE('',*,*,#2978,.F.);
#2978 = EDGE_CURVE('',#2875,#2969,#2979,.T.);
#2979 = LINE('',#2980,#2981);
#2980 = CARTESIAN_POINT('',(-1.25,1.1,0.6));
#2981 = VECTOR('',#2982,1.);
#2982 = DIRECTION('',(0.,4.4E-16,-1.));
#2983 = ORIENTED_EDGE('',*,*,#2906,.F.);
#2984 = ORIENTED_EDGE('',*,*,#2985,.F.);
#2985 = EDGE_CURVE('',#2971,#2899,#2986,.T.);
#2986 = LINE('',#2987,#2988);
#2987 = CARTESIAN_POINT('',(-1.363395489921,0.85,0.2));
#2988 = VECTOR('',#2989,1.);
#2989 = DIRECTION('',(0.,-4.4E-16,1.));
#2990 = PLANE('',#2991);
#2991 = AXIS2_PLACEMENT_3D('',#2992,#2993,#2994);
#2992 = CARTESIAN_POINT('',(-1.25,1.1,0.2));
#2993 = DIRECTION('',(-0.910696733861,0.413075609223,1.8E-16));
#2994 = DIRECTION('',(0.413075609223,0.910696733861,4.E-16));
#2995 = ADVANCED_FACE('',(#2996),#3014,.F.);
#2996 = FACE_BOUND('',#2997,.T.);
#2997 = EDGE_LOOP('',(#2998,#3006,#3007,#3008));
#2998 = ORIENTED_EDGE('',*,*,#2999,.F.);
#2999 = EDGE_CURVE('',#2971,#3000,#3002,.T.);
#3000 = VERTEX_POINT('',#3001);
#3001 = CARTESIAN_POINT('',(-1.5,0.911961341385,0.2));
#3002 = LINE('',#3003,#3004);
#3003 = CARTESIAN_POINT('',(-1.363395489921,0.85,0.2));
#3004 = VECTOR('',#3005,1.);
#3005 = DIRECTION('',(-0.910696733856,0.413075609234,1.8E-16));
#3006 = ORIENTED_EDGE('',*,*,#2985,.T.);
#3007 = ORIENTED_EDGE('',*,*,#2896,.F.);
#3008 = ORIENTED_EDGE('',*,*,#3009,.F.);
#3009 = EDGE_CURVE('',#3000,#2897,#3010,.T.);
#3010 = LINE('',#3011,#3012);
#3011 = CARTESIAN_POINT('',(-1.5,0.911961341385,0.2));
#3012 = VECTOR('',#3013,1.);
#3013 = DIRECTION('',(0.,-4.4E-16,1.));
#3014 = PLANE('',#3015);
#3015 = AXIS2_PLACEMENT_3D('',#3016,#3017,#3018);
#3016 = CARTESIAN_POINT('',(-1.363395489921,0.85,0.2));
#3017 = DIRECTION('',(0.413075609234,0.910696733856,4.E-16));
#3018 = DIRECTION('',(0.910696733856,-0.413075609234,-1.8E-16));
#3019 = ADVANCED_FACE('',(#3020),#3031,.F.);
#3020 = FACE_BOUND('',#3021,.T.);
#3021 = EDGE_LOOP('',(#3022,#3028,#3029,#3030));
#3022 = ORIENTED_EDGE('',*,*,#3023,.F.);
#3023 = EDGE_CURVE('',#3000,#2939,#3024,.T.);
#3024 = LINE('',#3025,#3026);
#3025 = CARTESIAN_POINT('',(-1.5,0.911961341385,0.2));
#3026 = VECTOR('',#3027,1.);
#3027 = DIRECTION('',(0.413075609215,0.910696733865,4.E-16));
#3028 = ORIENTED_EDGE('',*,*,#3009,.T.);
#3029 = ORIENTED_EDGE('',*,*,#2922,.F.);
#3030 = ORIENTED_EDGE('',*,*,#2954,.F.);
#3031 = PLANE('',#3032);
#3032 = AXIS2_PLACEMENT_3D('',#3033,#3034,#3035);
#3033 = CARTESIAN_POINT('',(-1.5,0.911961341385,0.2));
#3034 = DIRECTION('',(0.910696733865,-0.413075609215,-1.8E-16));
#3035 = DIRECTION('',(-0.413075609215,-0.910696733865,-4.E-16));
#3036 = ADVANCED_FACE('',(#3037),#3065,.T.);
#3037 = FACE_BOUND('',#3038,.T.);
#3038 = EDGE_LOOP('',(#3039,#3040,#3048,#3056,#3062,#3063,#3064));
#3039 = ORIENTED_EDGE('',*,*,#2596,.T.);
#3040 = ORIENTED_EDGE('',*,*,#3041,.T.);
#3041 = EDGE_CURVE('',#2597,#3042,#3044,.T.);
#3042 = VERTEX_POINT('',#3043);
#3043 = CARTESIAN_POINT('',(1.25,1.1,0.5));
#3044 = LINE('',#3045,#3046);
#3045 = CARTESIAN_POINT('',(1.25,1.1,1.05));
#3046 = VECTOR('',#3047,1.);
#3047 = DIRECTION('',(0.,4.4E-16,-1.));
#3048 = ORIENTED_EDGE('',*,*,#3049,.T.);
#3049 = EDGE_CURVE('',#3042,#3050,#3052,.T.);
#3050 = VERTEX_POINT('',#3051);
#3051 = CARTESIAN_POINT('',(1.25,1.25,0.5));
#3052 = LINE('',#3053,#3054);
#3053 = CARTESIAN_POINT('',(1.25,1.145,0.5));
#3054 = VECTOR('',#3055,1.);
#3055 = DIRECTION('',(-2.931E-13,1.,6.5E-16));
#3056 = ORIENTED_EDGE('',*,*,#3057,.F.);
#3057 = EDGE_CURVE('',#2301,#3050,#3058,.T.);
#3058 = LINE('',#3059,#3060);
#3059 = CARTESIAN_POINT('',(1.25,1.25,0.6));
#3060 = VECTOR('',#3061,1.);
#3061 = DIRECTION('',(2.2E-16,4.4E-16,-1.));
#3062 = ORIENTED_EDGE('',*,*,#2308,.F.);
#3063 = ORIENTED_EDGE('',*,*,#1966,.F.);
#3064 = ORIENTED_EDGE('',*,*,#2333,.F.);
#3065 = PLANE('',#3066);
#3066 = AXIS2_PLACEMENT_3D('',#3067,#3068,#3069);
#3067 = CARTESIAN_POINT('',(1.25,1.149365212307,0.866132991446));
#3068 = DIRECTION('',(1.,1.601E-14,-8.09E-15));
#3069 = DIRECTION('',(-1.601E-14,1.,0.));
#3070 = ADVANCED_FACE('',(#3071),#3105,.F.);
#3071 = FACE_BOUND('',#3072,.F.);
#3072 = EDGE_LOOP('',(#3073,#3083,#3089,#3090,#3099));
#3073 = ORIENTED_EDGE('',*,*,#3074,.T.);
#3074 = EDGE_CURVE('',#3075,#3077,#3079,.T.);
#3075 = VERTEX_POINT('',#3076);
#3076 = CARTESIAN_POINT('',(1.5,0.911961341385,0.5));
#3077 = VERTEX_POINT('',#3078);
#3078 = CARTESIAN_POINT('',(1.363395489921,0.85,0.5));
#3079 = LINE('',#3080,#3081);
#3080 = CARTESIAN_POINT('',(1.387358054673,0.860868987079,0.5));
#3081 = VECTOR('',#3082,1.);
#3082 = DIRECTION('',(-0.910696733856,-0.413075609234,-2.7E-16));
#3083 = ORIENTED_EDGE('',*,*,#3084,.T.);
#3084 = EDGE_CURVE('',#3077,#3042,#3085,.T.);
#3085 = LINE('',#3086,#3087);
#3086 = CARTESIAN_POINT('',(1.268537435249,1.059131012921,0.5));
#3087 = VECTOR('',#3088,1.);
#3088 = DIRECTION('',(-0.413075609223,0.910696733861,5.9E-16));
#3089 = ORIENTED_EDGE('',*,*,#3049,.T.);
#3090 = ORIENTED_EDGE('',*,*,#3091,.T.);
#3091 = EDGE_CURVE('',#3050,#3092,#3094,.T.);
#3092 = VERTEX_POINT('',#3093);
#3093 = CARTESIAN_POINT('',(1.386604510073,1.161961341393,0.5));
#3094 = CIRCLE('',#3095,0.149999999991);
#3095 = AXIS2_PLACEMENT_3D('',#3096,#3097,#3098);
#3096 = CARTESIAN_POINT('',(1.25,1.100000000009,0.5));
#3097 = DIRECTION('',(0.,0.,-1.));
#3098 = DIRECTION('',(-1.,0.,0.));
#3099 = ORIENTED_EDGE('',*,*,#3100,.T.);
#3100 = EDGE_CURVE('',#3092,#3075,#3101,.T.);
#3101 = LINE('',#3102,#3103);
#3102 = CARTESIAN_POINT('',(1.46183969029,0.996092354306,0.5));
#3103 = VECTOR('',#3104,1.);
#3104 = DIRECTION('',(0.413075609215,-0.910696733865,-5.9E-16));
#3105 = PLANE('',#3106);
#3106 = AXIS2_PLACEMENT_3D('',#3107,#3108,#3109);
#3107 = CARTESIAN_POINT('',(1.335,1.04,0.5));
#3108 = DIRECTION('',(0.,6.5E-16,-1.));
#3109 = DIRECTION('',(0.,1.,6.5E-16));
#3110 = ADVANCED_FACE('',(#3111),#3137,.T.);
#3111 = FACE_BOUND('',#3112,.T.);
#3112 = EDGE_LOOP('',(#3113,#3124,#3130,#3131));
#3113 = ORIENTED_EDGE('',*,*,#3114,.F.);
#3114 = EDGE_CURVE('',#3115,#3117,#3119,.T.);
#3115 = VERTEX_POINT('',#3116);
#3116 = CARTESIAN_POINT('',(1.25,1.25,0.2));
#3117 = VERTEX_POINT('',#3118);
#3118 = CARTESIAN_POINT('',(1.386604510073,1.161961341393,0.2));
#3119 = CIRCLE('',#3120,0.149999999991);
#3120 = AXIS2_PLACEMENT_3D('',#3121,#3122,#3123);
#3121 = CARTESIAN_POINT('',(1.25,1.100000000009,0.2));
#3122 = DIRECTION('',(0.,0.,-1.));
#3123 = DIRECTION('',(-1.,0.,0.));
#3124 = ORIENTED_EDGE('',*,*,#3125,.F.);
#3125 = EDGE_CURVE('',#3050,#3115,#3126,.T.);
#3126 = LINE('',#3127,#3128);
#3127 = CARTESIAN_POINT('',(1.25,1.25,0.6));
#3128 = VECTOR('',#3129,1.);
#3129 = DIRECTION('',(0.,0.,-1.));
#3130 = ORIENTED_EDGE('',*,*,#3091,.T.);
#3131 = ORIENTED_EDGE('',*,*,#3132,.F.);
#3132 = EDGE_CURVE('',#3117,#3092,#3133,.T.);
#3133 = LINE('',#3134,#3135);
#3134 = CARTESIAN_POINT('',(1.386604510073,1.161961341393,0.2));
#3135 = VECTOR('',#3136,1.);
#3136 = DIRECTION('',(0.,0.,1.));
#3137 = CYLINDRICAL_SURFACE('',#3138,0.149999999991);
#3138 = AXIS2_PLACEMENT_3D('',#3139,#3140,#3141);
#3139 = CARTESIAN_POINT('',(1.25,1.100000000009,0.2));
#3140 = DIRECTION('',(0.,0.,-1.));
#3141 = DIRECTION('',(-1.,0.,0.));
#3142 = ADVANCED_FACE('',(#3143),#3168,.F.);
#3143 = FACE_BOUND('',#3144,.F.);
#3144 = EDGE_LOOP('',(#3145,#3155,#3161,#3162));
#3145 = ORIENTED_EDGE('',*,*,#3146,.F.);
#3146 = EDGE_CURVE('',#3147,#3149,#3151,.T.);
#3147 = VERTEX_POINT('',#3148);
#3148 = CARTESIAN_POINT('',(1.25,1.1,0.2));
#3149 = VERTEX_POINT('',#3150);
#3150 = CARTESIAN_POINT('',(1.363395489921,0.85,0.2));
#3151 = LINE('',#3152,#3153);
#3152 = CARTESIAN_POINT('',(1.25,1.1,0.2));
#3153 = VECTOR('',#3154,1.);
#3154 = DIRECTION('',(0.413075609223,-0.910696733861,-0.));
#3155 = ORIENTED_EDGE('',*,*,#3156,.F.);
#3156 = EDGE_CURVE('',#3042,#3147,#3157,.T.);
#3157 = LINE('',#3158,#3159);
#3158 = CARTESIAN_POINT('',(1.25,1.1,0.6));
#3159 = VECTOR('',#3160,1.);
#3160 = DIRECTION('',(0.,0.,-1.));
#3161 = ORIENTED_EDGE('',*,*,#3084,.F.);
#3162 = ORIENTED_EDGE('',*,*,#3163,.F.);
#3163 = EDGE_CURVE('',#3149,#3077,#3164,.T.);
#3164 = LINE('',#3165,#3166);
#3165 = CARTESIAN_POINT('',(1.363395489921,0.85,0.2));
#3166 = VECTOR('',#3167,1.);
#3167 = DIRECTION('',(0.,0.,1.));
#3168 = PLANE('',#3169);
#3169 = AXIS2_PLACEMENT_3D('',#3170,#3171,#3172);
#3170 = CARTESIAN_POINT('',(1.25,1.1,0.2));
#3171 = DIRECTION('',(0.910696733861,0.413075609223,0.));
#3172 = DIRECTION('',(0.413075609223,-0.910696733861,0.));
#3173 = ADVANCED_FACE('',(#3174),#3192,.F.);
#3174 = FACE_BOUND('',#3175,.F.);
#3175 = EDGE_LOOP('',(#3176,#3184,#3185,#3186));
#3176 = ORIENTED_EDGE('',*,*,#3177,.F.);
#3177 = EDGE_CURVE('',#3149,#3178,#3180,.T.);
#3178 = VERTEX_POINT('',#3179);
#3179 = CARTESIAN_POINT('',(1.5,0.911961341385,0.2));
#3180 = LINE('',#3181,#3182);
#3181 = CARTESIAN_POINT('',(1.363395489921,0.85,0.2));
#3182 = VECTOR('',#3183,1.);
#3183 = DIRECTION('',(0.910696733856,0.413075609234,0.));
#3184 = ORIENTED_EDGE('',*,*,#3163,.T.);
#3185 = ORIENTED_EDGE('',*,*,#3074,.F.);
#3186 = ORIENTED_EDGE('',*,*,#3187,.F.);
#3187 = EDGE_CURVE('',#3178,#3075,#3188,.T.);
#3188 = LINE('',#3189,#3190);
#3189 = CARTESIAN_POINT('',(1.5,0.911961341385,0.2));
#3190 = VECTOR('',#3191,1.);
#3191 = DIRECTION('',(0.,0.,1.));
#3192 = PLANE('',#3193);
#3193 = AXIS2_PLACEMENT_3D('',#3194,#3195,#3196);
#3194 = CARTESIAN_POINT('',(1.363395489921,0.85,0.2));
#3195 = DIRECTION('',(-0.413075609234,0.910696733856,0.));
#3196 = DIRECTION('',(0.910696733856,0.413075609234,0.));
#3197 = ADVANCED_FACE('',(#3198),#3209,.F.);
#3198 = FACE_BOUND('',#3199,.F.);
#3199 = EDGE_LOOP('',(#3200,#3206,#3207,#3208));
#3200 = ORIENTED_EDGE('',*,*,#3201,.F.);
#3201 = EDGE_CURVE('',#3178,#3117,#3202,.T.);
#3202 = LINE('',#3203,#3204);
#3203 = CARTESIAN_POINT('',(1.5,0.911961341385,0.2));
#3204 = VECTOR('',#3205,1.);
#3205 = DIRECTION('',(-0.413075609215,0.910696733865,0.));
#3206 = ORIENTED_EDGE('',*,*,#3187,.T.);
#3207 = ORIENTED_EDGE('',*,*,#3100,.F.);
#3208 = ORIENTED_EDGE('',*,*,#3132,.F.);
#3209 = PLANE('',#3210);
#3210 = AXIS2_PLACEMENT_3D('',#3211,#3212,#3213);
#3211 = CARTESIAN_POINT('',(1.5,0.911961341385,0.2));
#3212 = DIRECTION('',(-0.910696733865,-0.413075609215,0.));
#3213 = DIRECTION('',(-0.413075609215,0.910696733865,0.));
#3214 = ADVANCED_FACE('',(#3215),#3232,.T.);
#3215 = FACE_BOUND('',#3216,.T.);
#3216 = EDGE_LOOP('',(#3217,#3218,#3219,#3220,#3221,#3222,#3223,#3229,
    #3230,#3231));
#3217 = ORIENTED_EDGE('',*,*,#2107,.T.);
#3218 = ORIENTED_EDGE('',*,*,#2642,.T.);
#3219 = ORIENTED_EDGE('',*,*,#2681,.F.);
#3220 = ORIENTED_EDGE('',*,*,#2727,.F.);
#3221 = ORIENTED_EDGE('',*,*,#2750,.T.);
#3222 = ORIENTED_EDGE('',*,*,#2847,.T.);
#3223 = ORIENTED_EDGE('',*,*,#3224,.T.);
#3224 = EDGE_CURVE('',#2840,#1732,#3225,.T.);
#3225 = LINE('',#3226,#3227);
#3226 = CARTESIAN_POINT('',(0.9,-1.25,0.2));
#3227 = VECTOR('',#3228,1.);
#3228 = DIRECTION('',(1.,-2.2E-16,2.2E-16));
#3229 = ORIENTED_EDGE('',*,*,#1742,.F.);
#3230 = ORIENTED_EDGE('',*,*,#1835,.T.);
#3231 = ORIENTED_EDGE('',*,*,#2495,.F.);
#3232 = PLANE('',#3233);
#3233 = AXIS2_PLACEMENT_3D('',#3234,#3235,#3236);
#3234 = CARTESIAN_POINT('',(-9.E-17,-1.25,0.697));
#3235 = DIRECTION('',(-0.,-1.,-0.));
#3236 = DIRECTION('',(0.,0.,-1.));
#3237 = ADVANCED_FACE('',(#3238),#3255,.T.);
#3238 = FACE_BOUND('',#3239,.T.);
#3239 = EDGE_LOOP('',(#3240,#3241,#3242,#3243,#3249,#3250,#3251,#3252,
    #3253,#3254));
#3240 = ORIENTED_EDGE('',*,*,#2582,.T.);
#3241 = ORIENTED_EDGE('',*,*,#1844,.T.);
#3242 = ORIENTED_EDGE('',*,*,#1773,.T.);
#3243 = ORIENTED_EDGE('',*,*,#3244,.T.);
#3244 = EDGE_CURVE('',#1764,#2832,#3245,.T.);
#3245 = LINE('',#3246,#3247);
#3246 = CARTESIAN_POINT('',(1.25,-1.1,0.2));
#3247 = VECTOR('',#3248,1.);
#3248 = DIRECTION('',(-1.,2.2E-16,-2.2E-16));
#3249 = ORIENTED_EDGE('',*,*,#2831,.F.);
#3250 = ORIENTED_EDGE('',*,*,#2766,.T.);
#3251 = ORIENTED_EDGE('',*,*,#2718,.T.);
#3252 = ORIENTED_EDGE('',*,*,#2663,.F.);
#3253 = ORIENTED_EDGE('',*,*,#2815,.F.);
#3254 = ORIENTED_EDGE('',*,*,#2091,.F.);
#3255 = PLANE('',#3256);
#3256 = AXIS2_PLACEMENT_3D('',#3257,#3258,#3259);
#3257 = CARTESIAN_POINT('',(-6.E-17,-1.1,0.697));
#3258 = DIRECTION('',(0.,1.,0.));
#3259 = DIRECTION('',(0.,-0.,1.));
#3260 = ADVANCED_FACE('',(#3261),#3306,.T.);
#3261 = FACE_BOUND('',#3262,.T.);
#3262 = EDGE_LOOP('',(#3263,#3264,#3265,#3266,#3274,#3282,#3290,#3298,
    #3304,#3305));
#3263 = ORIENTED_EDGE('',*,*,#2300,.F.);
#3264 = ORIENTED_EDGE('',*,*,#3057,.T.);
#3265 = ORIENTED_EDGE('',*,*,#3125,.T.);
#3266 = ORIENTED_EDGE('',*,*,#3267,.F.);
#3267 = EDGE_CURVE('',#3268,#3115,#3270,.T.);
#3268 = VERTEX_POINT('',#3269);
#3269 = CARTESIAN_POINT('',(0.9,1.25,0.2));
#3270 = LINE('',#3271,#3272);
#3271 = CARTESIAN_POINT('',(0.9,1.25,0.2));
#3272 = VECTOR('',#3273,1.);
#3273 = DIRECTION('',(1.,0.,0.));
#3274 = ORIENTED_EDGE('',*,*,#3275,.F.);
#3275 = EDGE_CURVE('',#3276,#3268,#3278,.T.);
#3276 = VERTEX_POINT('',#3277);
#3277 = CARTESIAN_POINT('',(0.9,1.25,0.6));
#3278 = LINE('',#3279,#3280);
#3279 = CARTESIAN_POINT('',(0.9,1.25,0.6));
#3280 = VECTOR('',#3281,1.);
#3281 = DIRECTION('',(0.,0.,-1.));
#3282 = ORIENTED_EDGE('',*,*,#3283,.F.);
#3283 = EDGE_CURVE('',#3284,#3276,#3286,.T.);
#3284 = VERTEX_POINT('',#3285);
#3285 = CARTESIAN_POINT('',(-0.9,1.25,0.6));
#3286 = LINE('',#3287,#3288);
#3287 = CARTESIAN_POINT('',(0.625,1.25,0.6));
#3288 = VECTOR('',#3289,1.);
#3289 = DIRECTION('',(1.,0.,0.));
#3290 = ORIENTED_EDGE('',*,*,#3291,.T.);
#3291 = EDGE_CURVE('',#3284,#3292,#3294,.T.);
#3292 = VERTEX_POINT('',#3293);
#3293 = CARTESIAN_POINT('',(-0.9,1.25,0.2));
#3294 = LINE('',#3295,#3296);
#3295 = CARTESIAN_POINT('',(-0.9,1.25,0.6));
#3296 = VECTOR('',#3297,1.);
#3297 = DIRECTION('',(0.,4.4E-16,-1.));
#3298 = ORIENTED_EDGE('',*,*,#3299,.T.);
#3299 = EDGE_CURVE('',#3292,#2937,#3300,.T.);
#3300 = LINE('',#3301,#3302);
#3301 = CARTESIAN_POINT('',(-0.9,1.25,0.2));
#3302 = VECTOR('',#3303,1.);
#3303 = DIRECTION('',(-1.,0.,0.));
#3304 = ORIENTED_EDGE('',*,*,#2947,.F.);
#3305 = ORIENTED_EDGE('',*,*,#2866,.F.);
#3306 = PLANE('',#3307);
#3307 = AXIS2_PLACEMENT_3D('',#3308,#3309,#3310);
#3308 = CARTESIAN_POINT('',(-6.E-17,1.25,0.697));
#3309 = DIRECTION('',(0.,1.,0.));
#3310 = DIRECTION('',(0.,-0.,1.));
#3311 = ADVANCED_FACE('',(#3312),#3337,.F.);
#3312 = FACE_BOUND('',#3313,.T.);
#3313 = EDGE_LOOP('',(#3314,#3315,#3323,#3331));
#3314 = ORIENTED_EDGE('',*,*,#3283,.T.);
#3315 = ORIENTED_EDGE('',*,*,#3316,.F.);
#3316 = EDGE_CURVE('',#3317,#3276,#3319,.T.);
#3317 = VERTEX_POINT('',#3318);
#3318 = CARTESIAN_POINT('',(0.9,1.1,0.6));
#3319 = LINE('',#3320,#3321);
#3320 = CARTESIAN_POINT('',(0.9,1.1,0.6));
#3321 = VECTOR('',#3322,1.);
#3322 = DIRECTION('',(0.,1.,0.));
#3323 = ORIENTED_EDGE('',*,*,#3324,.T.);
#3324 = EDGE_CURVE('',#3317,#3325,#3327,.T.);
#3325 = VERTEX_POINT('',#3326);
#3326 = CARTESIAN_POINT('',(-0.9,1.1,0.6));
#3327 = LINE('',#3328,#3329);
#3328 = CARTESIAN_POINT('',(-0.625,1.1,0.6));
#3329 = VECTOR('',#3330,1.);
#3330 = DIRECTION('',(-1.,-0.,-0.));
#3331 = ORIENTED_EDGE('',*,*,#3332,.T.);
#3332 = EDGE_CURVE('',#3325,#3284,#3333,.T.);
#3333 = LINE('',#3334,#3335);
#3334 = CARTESIAN_POINT('',(-0.9,1.1,0.6));
#3335 = VECTOR('',#3336,1.);
#3336 = DIRECTION('',(-0.,1.,4.4E-16));
#3337 = PLANE('',#3338);
#3338 = AXIS2_PLACEMENT_3D('',#3339,#3340,#3341);
#3339 = CARTESIAN_POINT('',(-1.6E-16,1.175,0.6));
#3340 = DIRECTION('',(0.,-4.4E-16,1.));
#3341 = DIRECTION('',(-1.,-0.,-0.));
#3342 = ADVANCED_FACE('',(#3343),#3361,.F.);
#3343 = FACE_BOUND('',#3344,.T.);
#3344 = EDGE_LOOP('',(#3345,#3353,#3359,#3360));
#3345 = ORIENTED_EDGE('',*,*,#3346,.T.);
#3346 = EDGE_CURVE('',#3325,#3347,#3349,.T.);
#3347 = VERTEX_POINT('',#3348);
#3348 = CARTESIAN_POINT('',(-0.9,1.1,0.2));
#3349 = LINE('',#3350,#3351);
#3350 = CARTESIAN_POINT('',(-0.9,1.1,0.6));
#3351 = VECTOR('',#3352,1.);
#3352 = DIRECTION('',(0.,4.4E-16,-1.));
#3353 = ORIENTED_EDGE('',*,*,#3354,.T.);
#3354 = EDGE_CURVE('',#3347,#3292,#3355,.T.);
#3355 = LINE('',#3356,#3357);
#3356 = CARTESIAN_POINT('',(-0.9,1.1,0.2));
#3357 = VECTOR('',#3358,1.);
#3358 = DIRECTION('',(-0.,1.,4.4E-16));
#3359 = ORIENTED_EDGE('',*,*,#3291,.F.);
#3360 = ORIENTED_EDGE('',*,*,#3332,.F.);
#3361 = PLANE('',#3362);
#3362 = AXIS2_PLACEMENT_3D('',#3363,#3364,#3365);
#3363 = CARTESIAN_POINT('',(-0.9,1.1,0.6));
#3364 = DIRECTION('',(-1.,0.,0.));
#3365 = DIRECTION('',(-0.,-1.,-4.4E-16));
#3366 = ADVANCED_FACE('',(#3367),#3385,.F.);
#3367 = FACE_BOUND('',#3368,.F.);
#3368 = EDGE_LOOP('',(#3369,#3377,#3383,#3384));
#3369 = ORIENTED_EDGE('',*,*,#3370,.T.);
#3370 = EDGE_CURVE('',#3317,#3371,#3373,.T.);
#3371 = VERTEX_POINT('',#3372);
#3372 = CARTESIAN_POINT('',(0.9,1.1,0.2));
#3373 = LINE('',#3374,#3375);
#3374 = CARTESIAN_POINT('',(0.9,1.1,0.6));
#3375 = VECTOR('',#3376,1.);
#3376 = DIRECTION('',(0.,0.,-1.));
#3377 = ORIENTED_EDGE('',*,*,#3378,.T.);
#3378 = EDGE_CURVE('',#3371,#3268,#3379,.T.);
#3379 = LINE('',#3380,#3381);
#3380 = CARTESIAN_POINT('',(0.9,1.1,0.2));
#3381 = VECTOR('',#3382,1.);
#3382 = DIRECTION('',(0.,1.,0.));
#3383 = ORIENTED_EDGE('',*,*,#3275,.F.);
#3384 = ORIENTED_EDGE('',*,*,#3316,.F.);
#3385 = PLANE('',#3386);
#3386 = AXIS2_PLACEMENT_3D('',#3387,#3388,#3389);
#3387 = CARTESIAN_POINT('',(0.9,1.1,0.6));
#3388 = DIRECTION('',(1.,0.,0.));
#3389 = DIRECTION('',(0.,1.,0.));
#3390 = ADVANCED_FACE('',(#3391),#3413,.T.);
#3391 = FACE_BOUND('',#3392,.T.);
#3392 = EDGE_LOOP('',(#3393,#3394,#3395,#3396,#3402,#3403,#3404,#3405,
    #3411,#3412));
#3393 = ORIENTED_EDGE('',*,*,#2604,.F.);
#3394 = ORIENTED_EDGE('',*,*,#2882,.T.);
#3395 = ORIENTED_EDGE('',*,*,#2978,.T.);
#3396 = ORIENTED_EDGE('',*,*,#3397,.T.);
#3397 = EDGE_CURVE('',#2969,#3347,#3398,.T.);
#3398 = LINE('',#3399,#3400);
#3399 = CARTESIAN_POINT('',(-1.25,1.1,0.2));
#3400 = VECTOR('',#3401,1.);
#3401 = DIRECTION('',(1.,0.,0.));
#3402 = ORIENTED_EDGE('',*,*,#3346,.F.);
#3403 = ORIENTED_EDGE('',*,*,#3324,.F.);
#3404 = ORIENTED_EDGE('',*,*,#3370,.T.);
#3405 = ORIENTED_EDGE('',*,*,#3406,.F.);
#3406 = EDGE_CURVE('',#3147,#3371,#3407,.T.);
#3407 = LINE('',#3408,#3409);
#3408 = CARTESIAN_POINT('',(1.25,1.1,0.2));
#3409 = VECTOR('',#3410,1.);
#3410 = DIRECTION('',(-1.,0.,0.));
#3411 = ORIENTED_EDGE('',*,*,#3156,.F.);
#3412 = ORIENTED_EDGE('',*,*,#3041,.F.);
#3413 = PLANE('',#3414);
#3414 = AXIS2_PLACEMENT_3D('',#3415,#3416,#3417);
#3415 = CARTESIAN_POINT('',(-3.E-17,1.1,0.697));
#3416 = DIRECTION('',(-0.,-1.,-6.3E-16));
#3417 = DIRECTION('',(0.,6.3E-16,-1.));
#3418 = ADVANCED_FACE('',(#3419),#3428,.T.);
#3419 = FACE_BOUND('',#3420,.T.);
#3420 = EDGE_LOOP('',(#3421,#3422,#3423,#3424,#3425,#3426,#3427));
#3421 = ORIENTED_EDGE('',*,*,#3244,.F.);
#3422 = ORIENTED_EDGE('',*,*,#1763,.T.);
#3423 = ORIENTED_EDGE('',*,*,#1794,.T.);
#3424 = ORIENTED_EDGE('',*,*,#1818,.T.);
#3425 = ORIENTED_EDGE('',*,*,#1731,.F.);
#3426 = ORIENTED_EDGE('',*,*,#3224,.F.);
#3427 = ORIENTED_EDGE('',*,*,#2839,.F.);
#3428 = PLANE('',#3429);
#3429 = AXIS2_PLACEMENT_3D('',#3430,#3431,#3432);
#3430 = CARTESIAN_POINT('',(1.211534487264,-1.099648998614,0.2));
#3431 = DIRECTION('',(2.3E-16,0.,-1.));
#3432 = DIRECTION('',(-1.,0.,-2.3E-16));
#3433 = ADVANCED_FACE('',(#3434),#3443,.T.);
#3434 = FACE_BOUND('',#3435,.T.);
#3435 = EDGE_LOOP('',(#3436,#3437,#3438,#3439,#3440,#3441,#3442));
#3436 = ORIENTED_EDGE('',*,*,#3397,.F.);
#3437 = ORIENTED_EDGE('',*,*,#2968,.T.);
#3438 = ORIENTED_EDGE('',*,*,#2999,.T.);
#3439 = ORIENTED_EDGE('',*,*,#3023,.T.);
#3440 = ORIENTED_EDGE('',*,*,#2936,.F.);
#3441 = ORIENTED_EDGE('',*,*,#3299,.F.);
#3442 = ORIENTED_EDGE('',*,*,#3354,.F.);
#3443 = PLANE('',#3444);
#3444 = AXIS2_PLACEMENT_3D('',#3445,#3446,#3447);
#3445 = CARTESIAN_POINT('',(-1.211534487264,1.099648998614,0.2));
#3446 = DIRECTION('',(0.,4.1E-16,-1.));
#3447 = DIRECTION('',(0.,-1.,-4.1E-16));
#3448 = ADVANCED_FACE('',(#3449),#3458,.T.);
#3449 = FACE_BOUND('',#3450,.T.);
#3450 = EDGE_LOOP('',(#3451,#3452,#3453,#3454,#3455,#3456,#3457));
#3451 = ORIENTED_EDGE('',*,*,#3406,.T.);
#3452 = ORIENTED_EDGE('',*,*,#3378,.T.);
#3453 = ORIENTED_EDGE('',*,*,#3267,.T.);
#3454 = ORIENTED_EDGE('',*,*,#3114,.T.);
#3455 = ORIENTED_EDGE('',*,*,#3201,.F.);
#3456 = ORIENTED_EDGE('',*,*,#3177,.F.);
#3457 = ORIENTED_EDGE('',*,*,#3146,.F.);
#3458 = PLANE('',#3459);
#3459 = AXIS2_PLACEMENT_3D('',#3460,#3461,#3462);
#3460 = CARTESIAN_POINT('',(1.211534487264,1.099648998614,0.2));
#3461 = DIRECTION('',(2.3E-16,4.1E-16,-1.));
#3462 = DIRECTION('',(0.,-1.,-4.1E-16));
#3463 = ( GEOMETRIC_REPRESENTATION_CONTEXT(3) 
GLOBAL_UNCERTAINTY_ASSIGNED_CONTEXT((#3467)) 
GLOBAL_UNIT_ASSIGNED_CONTEXT((#3464,#3465,#3466)) REPRESENTATION_CONTEXT
('Context #1','3D Context with UNIT and UNCERTAINTY') );
#3464 = ( LENGTH_UNIT() NAMED_UNIT(*) SI_UNIT(.MILLI.,.METRE.) );
#3465 = ( NAMED_UNIT(*) PLANE_ANGLE_UNIT() SI_UNIT($,.RADIAN.) );
#3466 = ( NAMED_UNIT(*) SI_UNIT($,.STERADIAN.) SOLID_ANGLE_UNIT() );
#3467 = UNCERTAINTY_MEASURE_WITH_UNIT(LENGTH_MEASURE(1.E-07),#3464,
  'distance_accuracy_value','confusion accuracy');
#3468 = CONTEXT_DEPENDENT_SHAPE_REPRESENTATION(#3469,#3471);
#3469 = ( REPRESENTATION_RELATIONSHIP('','',#1675,#10) 
REPRESENTATION_RELATIONSHIP_WITH_TRANSFORMATION(#3470) 
SHAPE_REPRESENTATION_RELATIONSHIP() );
#3470 = ITEM_DEFINED_TRANSFORMATION('','',#11,#19);
#3471 = PRODUCT_DEFINITION_SHAPE('Placement','Placement of an item',
  #3472);
#3472 = NEXT_ASSEMBLY_USAGE_OCCURRENCE('12','Shell002','',#5,#1670,$);
#3473 = PRODUCT_RELATED_PRODUCT_CATEGORY('part',$,(#1672));
#3474 = SHAPE_DEFINITION_REPRESENTATION(#3475,#3481);
#3475 = PRODUCT_DEFINITION_SHAPE('','',#3476);
#3476 = PRODUCT_DEFINITION('design','',#3477,#3480);
#3477 = PRODUCT_DEFINITION_FORMATION('','',#3478);
#3478 = PRODUCT('Terminals002','Terminals002','',(#3479));
#3479 = PRODUCT_CONTEXT('',#2,'mechanical');
#3480 = PRODUCT_DEFINITION_CONTEXT('part definition',#2,'design');
#3481 = SHAPE_REPRESENTATION('',(#11,#3482),#3486);
#3482 = AXIS2_PLACEMENT_3D('',#3483,#3484,#3485);
#3483 = CARTESIAN_POINT('',(0.,0.,0.));
#3484 = DIRECTION('',(0.,0.,1.));
#3485 = DIRECTION('',(1.,0.,0.));
#3486 = ( GEOMETRIC_REPRESENTATION_CONTEXT(3) 
GLOBAL_UNCERTAINTY_ASSIGNED_CONTEXT((#3490)) 
GLOBAL_UNIT_ASSIGNED_CONTEXT((#3487,#3488,#3489)) REPRESENTATION_CONTEXT
('Context #1','3D Context with UNIT and UNCERTAINTY') );
#3487 = ( LENGTH_UNIT() NAMED_UNIT(*) SI_UNIT(.MILLI.,.METRE.) );
#3488 = ( NAMED_UNIT(*) PLANE_ANGLE_UNIT() SI_UNIT($,.RADIAN.) );
#3489 = ( NAMED_UNIT(*) SI_UNIT($,.STERADIAN.) SOLID_ANGLE_UNIT() );
#3490 = UNCERTAINTY_MEASURE_WITH_UNIT(LENGTH_MEASURE(1.E-07),#3487,
  'distance_accuracy_value','confusion accuracy');
#3491 = CONTEXT_DEPENDENT_SHAPE_REPRESENTATION(#3492,#3494);
#3492 = ( REPRESENTATION_RELATIONSHIP('','',#3481,#10) 
REPRESENTATION_RELATIONSHIP_WITH_TRANSFORMATION(#3493) 
SHAPE_REPRESENTATION_RELATIONSHIP() );
#3493 = ITEM_DEFINED_TRANSFORMATION('','',#11,#23);
#3494 = PRODUCT_DEFINITION_SHAPE('Placement','Placement of an item',
  #3495);
#3495 = NEXT_ASSEMBLY_USAGE_OCCURRENCE('14','Terminals002','',#5,#3476,$
  );
#3496 = PRODUCT_RELATED_PRODUCT_CATEGORY('part',$,(#3478));
#3497 = SHAPE_DEFINITION_REPRESENTATION(#3498,#3504);
#3498 = PRODUCT_DEFINITION_SHAPE('','',#3499);
#3499 = PRODUCT_DEFINITION('design','',#3500,#3503);
#3500 = PRODUCT_DEFINITION_FORMATION('','',#3501);
#3501 = PRODUCT('Fusion002','Fusion002','',(#3502));
#3502 = PRODUCT_CONTEXT('',#2,'mechanical');
#3503 = PRODUCT_DEFINITION_CONTEXT('part definition',#2,'design');
#3504 = SHAPE_REPRESENTATION('',(#11,#3505,#3655),#3805);
#3505 = MANIFOLD_SOLID_BREP('',#3506);
#3506 = CLOSED_SHELL('',(#3507,#3547,#3578,#3609,#3631,#3643));
#3507 = ADVANCED_FACE('',(#3508),#3542,.F.);
#3508 = FACE_BOUND('',#3509,.T.);
#3509 = EDGE_LOOP('',(#3510,#3520,#3528,#3536));
#3510 = ORIENTED_EDGE('',*,*,#3511,.T.);
#3511 = EDGE_CURVE('',#3512,#3514,#3516,.T.);
#3512 = VERTEX_POINT('',#3513);
#3513 = CARTESIAN_POINT('',(1.4,0.7,0.));
#3514 = VERTEX_POINT('',#3515);
#3515 = CARTESIAN_POINT('',(1.4,0.7,0.1));
#3516 = LINE('',#3517,#3518);
#3517 = CARTESIAN_POINT('',(1.4,0.7,0.));
#3518 = VECTOR('',#3519,1.);
#3519 = DIRECTION('',(0.,0.,1.));
#3520 = ORIENTED_EDGE('',*,*,#3521,.T.);
#3521 = EDGE_CURVE('',#3514,#3522,#3524,.T.);
#3522 = VERTEX_POINT('',#3523);
#3523 = CARTESIAN_POINT('',(2.,0.7,0.1));
#3524 = LINE('',#3525,#3526);
#3525 = CARTESIAN_POINT('',(1.4,0.7,0.1));
#3526 = VECTOR('',#3527,1.);
#3527 = DIRECTION('',(1.,0.,0.));
#3528 = ORIENTED_EDGE('',*,*,#3529,.F.);
#3529 = EDGE_CURVE('',#3530,#3522,#3532,.T.);
#3530 = VERTEX_POINT('',#3531);
#3531 = CARTESIAN_POINT('',(2.,0.7,0.));
#3532 = LINE('',#3533,#3534);
#3533 = CARTESIAN_POINT('',(2.,0.7,0.));
#3534 = VECTOR('',#3535,1.);
#3535 = DIRECTION('',(0.,0.,1.));
#3536 = ORIENTED_EDGE('',*,*,#3537,.F.);
#3537 = EDGE_CURVE('',#3512,#3530,#3538,.T.);
#3538 = LINE('',#3539,#3540);
#3539 = CARTESIAN_POINT('',(1.4,0.7,0.));
#3540 = VECTOR('',#3541,1.);
#3541 = DIRECTION('',(1.,0.,0.));
#3542 = PLANE('',#3543);
#3543 = AXIS2_PLACEMENT_3D('',#3544,#3545,#3546);
#3544 = CARTESIAN_POINT('',(1.4,0.7,0.));
#3545 = DIRECTION('',(-0.,-1.,-0.));
#3546 = DIRECTION('',(-1.,0.,0.));
#3547 = ADVANCED_FACE('',(#3548),#3573,.F.);
#3548 = FACE_BOUND('',#3549,.T.);
#3549 = EDGE_LOOP('',(#3550,#3551,#3559,#3567));
#3550 = ORIENTED_EDGE('',*,*,#3529,.T.);
#3551 = ORIENTED_EDGE('',*,*,#3552,.T.);
#3552 = EDGE_CURVE('',#3522,#3553,#3555,.T.);
#3553 = VERTEX_POINT('',#3554);
#3554 = CARTESIAN_POINT('',(2.,-0.7,0.1));
#3555 = LINE('',#3556,#3557);
#3556 = CARTESIAN_POINT('',(2.,0.7,0.1));
#3557 = VECTOR('',#3558,1.);
#3558 = DIRECTION('',(-0.,-1.,-0.));
#3559 = ORIENTED_EDGE('',*,*,#3560,.F.);
#3560 = EDGE_CURVE('',#3561,#3553,#3563,.T.);
#3561 = VERTEX_POINT('',#3562);
#3562 = CARTESIAN_POINT('',(2.,-0.7,0.));
#3563 = LINE('',#3564,#3565);
#3564 = CARTESIAN_POINT('',(2.,-0.7,0.));
#3565 = VECTOR('',#3566,1.);
#3566 = DIRECTION('',(0.,0.,1.));
#3567 = ORIENTED_EDGE('',*,*,#3568,.F.);
#3568 = EDGE_CURVE('',#3530,#3561,#3569,.T.);
#3569 = LINE('',#3570,#3571);
#3570 = CARTESIAN_POINT('',(2.,0.7,0.));
#3571 = VECTOR('',#3572,1.);
#3572 = DIRECTION('',(-0.,-1.,-0.));
#3573 = PLANE('',#3574);
#3574 = AXIS2_PLACEMENT_3D('',#3575,#3576,#3577);
#3575 = CARTESIAN_POINT('',(2.,0.7,0.));
#3576 = DIRECTION('',(-1.,-0.,-0.));
#3577 = DIRECTION('',(0.,1.,0.));
#3578 = ADVANCED_FACE('',(#3579),#3604,.F.);
#3579 = FACE_BOUND('',#3580,.T.);
#3580 = EDGE_LOOP('',(#3581,#3582,#3590,#3598));
#3581 = ORIENTED_EDGE('',*,*,#3560,.T.);
#3582 = ORIENTED_EDGE('',*,*,#3583,.T.);
#3583 = EDGE_CURVE('',#3553,#3584,#3586,.T.);
#3584 = VERTEX_POINT('',#3585);
#3585 = CARTESIAN_POINT('',(1.4,-0.7,0.1));
#3586 = LINE('',#3587,#3588);
#3587 = CARTESIAN_POINT('',(2.,-0.7,0.1));
#3588 = VECTOR('',#3589,1.);
#3589 = DIRECTION('',(-1.,-0.,-0.));
#3590 = ORIENTED_EDGE('',*,*,#3591,.F.);
#3591 = EDGE_CURVE('',#3592,#3584,#3594,.T.);
#3592 = VERTEX_POINT('',#3593);
#3593 = CARTESIAN_POINT('',(1.4,-0.7,0.));
#3594 = LINE('',#3595,#3596);
#3595 = CARTESIAN_POINT('',(1.4,-0.7,0.));
#3596 = VECTOR('',#3597,1.);
#3597 = DIRECTION('',(0.,0.,1.));
#3598 = ORIENTED_EDGE('',*,*,#3599,.F.);
#3599 = EDGE_CURVE('',#3561,#3592,#3600,.T.);
#3600 = LINE('',#3601,#3602);
#3601 = CARTESIAN_POINT('',(2.,-0.7,0.));
#3602 = VECTOR('',#3603,1.);
#3603 = DIRECTION('',(-1.,-0.,-0.));
#3604 = PLANE('',#3605);
#3605 = AXIS2_PLACEMENT_3D('',#3606,#3607,#3608);
#3606 = CARTESIAN_POINT('',(2.,-0.7,0.));
#3607 = DIRECTION('',(0.,1.,0.));
#3608 = DIRECTION('',(1.,0.,0.));
#3609 = ADVANCED_FACE('',(#3610),#3626,.F.);
#3610 = FACE_BOUND('',#3611,.T.);
#3611 = EDGE_LOOP('',(#3612,#3613,#3619,#3620));
#3612 = ORIENTED_EDGE('',*,*,#3591,.T.);
#3613 = ORIENTED_EDGE('',*,*,#3614,.T.);
#3614 = EDGE_CURVE('',#3584,#3514,#3615,.T.);
#3615 = LINE('',#3616,#3617);
#3616 = CARTESIAN_POINT('',(1.4,-0.7,0.1));
#3617 = VECTOR('',#3618,1.);
#3618 = DIRECTION('',(0.,1.,0.));
#3619 = ORIENTED_EDGE('',*,*,#3511,.F.);
#3620 = ORIENTED_EDGE('',*,*,#3621,.F.);
#3621 = EDGE_CURVE('',#3592,#3512,#3622,.T.);
#3622 = LINE('',#3623,#3624);
#3623 = CARTESIAN_POINT('',(1.4,-0.7,0.));
#3624 = VECTOR('',#3625,1.);
#3625 = DIRECTION('',(0.,1.,0.));
#3626 = PLANE('',#3627);
#3627 = AXIS2_PLACEMENT_3D('',#3628,#3629,#3630);
#3628 = CARTESIAN_POINT('',(1.4,-0.7,0.));
#3629 = DIRECTION('',(1.,0.,0.));
#3630 = DIRECTION('',(0.,-1.,0.));
#3631 = ADVANCED_FACE('',(#3632),#3638,.F.);
#3632 = FACE_BOUND('',#3633,.T.);
#3633 = EDGE_LOOP('',(#3634,#3635,#3636,#3637));
#3634 = ORIENTED_EDGE('',*,*,#3537,.T.);
#3635 = ORIENTED_EDGE('',*,*,#3568,.T.);
#3636 = ORIENTED_EDGE('',*,*,#3599,.T.);
#3637 = ORIENTED_EDGE('',*,*,#3621,.T.);
#3638 = PLANE('',#3639);
#3639 = AXIS2_PLACEMENT_3D('',#3640,#3641,#3642);
#3640 = CARTESIAN_POINT('',(1.7,0.,0.));
#3641 = DIRECTION('',(0.,0.,1.));
#3642 = DIRECTION('',(1.,0.,0.));
#3643 = ADVANCED_FACE('',(#3644),#3650,.T.);
#3644 = FACE_BOUND('',#3645,.F.);
#3645 = EDGE_LOOP('',(#3646,#3647,#3648,#3649));
#3646 = ORIENTED_EDGE('',*,*,#3521,.T.);
#3647 = ORIENTED_EDGE('',*,*,#3552,.T.);
#3648 = ORIENTED_EDGE('',*,*,#3583,.T.);
#3649 = ORIENTED_EDGE('',*,*,#3614,.T.);
#3650 = PLANE('',#3651);
#3651 = AXIS2_PLACEMENT_3D('',#3652,#3653,#3654);
#3652 = CARTESIAN_POINT('',(1.7,0.,0.1));
#3653 = DIRECTION('',(0.,0.,1.));
#3654 = DIRECTION('',(1.,0.,0.));
#3655 = MANIFOLD_SOLID_BREP('',#3656);
#3656 = CLOSED_SHELL('',(#3657,#3697,#3728,#3759,#3781,#3793));
#3657 = ADVANCED_FACE('',(#3658),#3692,.F.);
#3658 = FACE_BOUND('',#3659,.F.);
#3659 = EDGE_LOOP('',(#3660,#3670,#3678,#3686));
#3660 = ORIENTED_EDGE('',*,*,#3661,.T.);
#3661 = EDGE_CURVE('',#3662,#3664,#3666,.T.);
#3662 = VERTEX_POINT('',#3663);
#3663 = CARTESIAN_POINT('',(-1.4,0.7,0.));
#3664 = VERTEX_POINT('',#3665);
#3665 = CARTESIAN_POINT('',(-1.4,0.7,0.1));
#3666 = LINE('',#3667,#3668);
#3667 = CARTESIAN_POINT('',(-1.4,0.7,0.));
#3668 = VECTOR('',#3669,1.);
#3669 = DIRECTION('',(0.,0.,1.));
#3670 = ORIENTED_EDGE('',*,*,#3671,.T.);
#3671 = EDGE_CURVE('',#3664,#3672,#3674,.T.);
#3672 = VERTEX_POINT('',#3673);
#3673 = CARTESIAN_POINT('',(-2.,0.7,0.1));
#3674 = LINE('',#3675,#3676);
#3675 = CARTESIAN_POINT('',(-1.4,0.7,0.1));
#3676 = VECTOR('',#3677,1.);
#3677 = DIRECTION('',(-1.,0.,0.));
#3678 = ORIENTED_EDGE('',*,*,#3679,.F.);
#3679 = EDGE_CURVE('',#3680,#3672,#3682,.T.);
#3680 = VERTEX_POINT('',#3681);
#3681 = CARTESIAN_POINT('',(-2.,0.7,0.));
#3682 = LINE('',#3683,#3684);
#3683 = CARTESIAN_POINT('',(-2.,0.7,0.));
#3684 = VECTOR('',#3685,1.);
#3685 = DIRECTION('',(0.,0.,1.));
#3686 = ORIENTED_EDGE('',*,*,#3687,.F.);
#3687 = EDGE_CURVE('',#3662,#3680,#3688,.T.);
#3688 = LINE('',#3689,#3690);
#3689 = CARTESIAN_POINT('',(-1.4,0.7,0.));
#3690 = VECTOR('',#3691,1.);
#3691 = DIRECTION('',(-1.,0.,0.));
#3692 = PLANE('',#3693);
#3693 = AXIS2_PLACEMENT_3D('',#3694,#3695,#3696);
#3694 = CARTESIAN_POINT('',(-1.4,0.7,0.));
#3695 = DIRECTION('',(0.,-1.,0.));
#3696 = DIRECTION('',(-1.,0.,0.));
#3697 = ADVANCED_FACE('',(#3698),#3723,.F.);
#3698 = FACE_BOUND('',#3699,.F.);
#3699 = EDGE_LOOP('',(#3700,#3701,#3709,#3717));
#3700 = ORIENTED_EDGE('',*,*,#3679,.T.);
#3701 = ORIENTED_EDGE('',*,*,#3702,.T.);
#3702 = EDGE_CURVE('',#3672,#3703,#3705,.T.);
#3703 = VERTEX_POINT('',#3704);
#3704 = CARTESIAN_POINT('',(-2.,-0.7,0.1));
#3705 = LINE('',#3706,#3707);
#3706 = CARTESIAN_POINT('',(-2.,0.7,0.1));
#3707 = VECTOR('',#3708,1.);
#3708 = DIRECTION('',(0.,-1.,0.));
#3709 = ORIENTED_EDGE('',*,*,#3710,.F.);
#3710 = EDGE_CURVE('',#3711,#3703,#3713,.T.);
#3711 = VERTEX_POINT('',#3712);
#3712 = CARTESIAN_POINT('',(-2.,-0.7,0.));
#3713 = LINE('',#3714,#3715);
#3714 = CARTESIAN_POINT('',(-2.,-0.7,0.));
#3715 = VECTOR('',#3716,1.);
#3716 = DIRECTION('',(0.,0.,1.));
#3717 = ORIENTED_EDGE('',*,*,#3718,.F.);
#3718 = EDGE_CURVE('',#3680,#3711,#3719,.T.);
#3719 = LINE('',#3720,#3721);
#3720 = CARTESIAN_POINT('',(-2.,0.7,0.));
#3721 = VECTOR('',#3722,1.);
#3722 = DIRECTION('',(0.,-1.,0.));
#3723 = PLANE('',#3724);
#3724 = AXIS2_PLACEMENT_3D('',#3725,#3726,#3727);
#3725 = CARTESIAN_POINT('',(-2.,0.7,0.));
#3726 = DIRECTION('',(1.,0.,0.));
#3727 = DIRECTION('',(0.,-1.,0.));
#3728 = ADVANCED_FACE('',(#3729),#3754,.F.);
#3729 = FACE_BOUND('',#3730,.F.);
#3730 = EDGE_LOOP('',(#3731,#3732,#3740,#3748));
#3731 = ORIENTED_EDGE('',*,*,#3710,.T.);
#3732 = ORIENTED_EDGE('',*,*,#3733,.T.);
#3733 = EDGE_CURVE('',#3703,#3734,#3736,.T.);
#3734 = VERTEX_POINT('',#3735);
#3735 = CARTESIAN_POINT('',(-1.4,-0.7,0.1));
#3736 = LINE('',#3737,#3738);
#3737 = CARTESIAN_POINT('',(-2.,-0.7,0.1));
#3738 = VECTOR('',#3739,1.);
#3739 = DIRECTION('',(1.,0.,0.));
#3740 = ORIENTED_EDGE('',*,*,#3741,.F.);
#3741 = EDGE_CURVE('',#3742,#3734,#3744,.T.);
#3742 = VERTEX_POINT('',#3743);
#3743 = CARTESIAN_POINT('',(-1.4,-0.7,0.));
#3744 = LINE('',#3745,#3746);
#3745 = CARTESIAN_POINT('',(-1.4,-0.7,0.));
#3746 = VECTOR('',#3747,1.);
#3747 = DIRECTION('',(0.,0.,1.));
#3748 = ORIENTED_EDGE('',*,*,#3749,.F.);
#3749 = EDGE_CURVE('',#3711,#3742,#3750,.T.);
#3750 = LINE('',#3751,#3752);
#3751 = CARTESIAN_POINT('',(-2.,-0.7,0.));
#3752 = VECTOR('',#3753,1.);
#3753 = DIRECTION('',(1.,0.,0.));
#3754 = PLANE('',#3755);
#3755 = AXIS2_PLACEMENT_3D('',#3756,#3757,#3758);
#3756 = CARTESIAN_POINT('',(-2.,-0.7,0.));
#3757 = DIRECTION('',(0.,1.,0.));
#3758 = DIRECTION('',(1.,0.,0.));
#3759 = ADVANCED_FACE('',(#3760),#3776,.F.);
#3760 = FACE_BOUND('',#3761,.F.);
#3761 = EDGE_LOOP('',(#3762,#3763,#3769,#3770));
#3762 = ORIENTED_EDGE('',*,*,#3741,.T.);
#3763 = ORIENTED_EDGE('',*,*,#3764,.T.);
#3764 = EDGE_CURVE('',#3734,#3664,#3765,.T.);
#3765 = LINE('',#3766,#3767);
#3766 = CARTESIAN_POINT('',(-1.4,-0.7,0.1));
#3767 = VECTOR('',#3768,1.);
#3768 = DIRECTION('',(0.,1.,0.));
#3769 = ORIENTED_EDGE('',*,*,#3661,.F.);
#3770 = ORIENTED_EDGE('',*,*,#3771,.F.);
#3771 = EDGE_CURVE('',#3742,#3662,#3772,.T.);
#3772 = LINE('',#3773,#3774);
#3773 = CARTESIAN_POINT('',(-1.4,-0.7,0.));
#3774 = VECTOR('',#3775,1.);
#3775 = DIRECTION('',(0.,1.,0.));
#3776 = PLANE('',#3777);
#3777 = AXIS2_PLACEMENT_3D('',#3778,#3779,#3780);
#3778 = CARTESIAN_POINT('',(-1.4,-0.7,0.));
#3779 = DIRECTION('',(-1.,0.,0.));
#3780 = DIRECTION('',(0.,1.,0.));
#3781 = ADVANCED_FACE('',(#3782),#3788,.F.);
#3782 = FACE_BOUND('',#3783,.F.);
#3783 = EDGE_LOOP('',(#3784,#3785,#3786,#3787));
#3784 = ORIENTED_EDGE('',*,*,#3687,.T.);
#3785 = ORIENTED_EDGE('',*,*,#3718,.T.);
#3786 = ORIENTED_EDGE('',*,*,#3749,.T.);
#3787 = ORIENTED_EDGE('',*,*,#3771,.T.);
#3788 = PLANE('',#3789);
#3789 = AXIS2_PLACEMENT_3D('',#3790,#3791,#3792);
#3790 = CARTESIAN_POINT('',(-1.7,0.,0.));
#3791 = DIRECTION('',(0.,0.,1.));
#3792 = DIRECTION('',(1.,0.,0.));
#3793 = ADVANCED_FACE('',(#3794),#3800,.T.);
#3794 = FACE_BOUND('',#3795,.T.);
#3795 = EDGE_LOOP('',(#3796,#3797,#3798,#3799));
#3796 = ORIENTED_EDGE('',*,*,#3671,.T.);
#3797 = ORIENTED_EDGE('',*,*,#3702,.T.);
#3798 = ORIENTED_EDGE('',*,*,#3733,.T.);
#3799 = ORIENTED_EDGE('',*,*,#3764,.T.);
#3800 = PLANE('',#3801);
#3801 = AXIS2_PLACEMENT_3D('',#3802,#3803,#3804);
#3802 = CARTESIAN_POINT('',(-1.7,0.,0.1));
#3803 = DIRECTION('',(0.,0.,1.));
#3804 = DIRECTION('',(1.,0.,0.));
#3805 = ( GEOMETRIC_REPRESENTATION_CONTEXT(3) 
GLOBAL_UNCERTAINTY_ASSIGNED_CONTEXT((#3809)) 
GLOBAL_UNIT_ASSIGNED_CONTEXT((#3806,#3807,#3808)) REPRESENTATION_CONTEXT
('Context #1','3D Context with UNIT and UNCERTAINTY') );
#3806 = ( LENGTH_UNIT() NAMED_UNIT(*) SI_UNIT(.MILLI.,.METRE.) );
#3807 = ( NAMED_UNIT(*) PLANE_ANGLE_UNIT() SI_UNIT($,.RADIAN.) );
#3808 = ( NAMED_UNIT(*) SI_UNIT($,.STERADIAN.) SOLID_ANGLE_UNIT() );
#3809 = UNCERTAINTY_MEASURE_WITH_UNIT(LENGTH_MEASURE(1.E-07),#3806,
  'distance_accuracy_value','confusion accuracy');
#3810 = CONTEXT_DEPENDENT_SHAPE_REPRESENTATION(#3811,#3813);
#3811 = ( REPRESENTATION_RELATIONSHIP('','',#3504,#3481) 
REPRESENTATION_RELATIONSHIP_WITH_TRANSFORMATION(#3812) 
SHAPE_REPRESENTATION_RELATIONSHIP() );
#3812 = ITEM_DEFINED_TRANSFORMATION('','',#11,#3482);
#3813 = PRODUCT_DEFINITION_SHAPE('Placement','Placement of an item',
  #3814);
#3814 = NEXT_ASSEMBLY_USAGE_OCCURRENCE('13','Fusion002','',#3476,#3499,$
  );
#3815 = PRODUCT_RELATED_PRODUCT_CATEGORY('part',$,(#3501));
#3816 = SHAPE_DEFINITION_REPRESENTATION(#3817,#3823);
#3817 = PRODUCT_DEFINITION_SHAPE('','',#3818);
#3818 = PRODUCT_DEFINITION('design','',#3819,#3822);
#3819 = PRODUCT_DEFINITION_FORMATION('','',#3820);
#3820 = PRODUCT('Button002','Button002','',(#3821));
#3821 = PRODUCT_CONTEXT('',#2,'mechanical');
#3822 = PRODUCT_DEFINITION_CONTEXT('part definition',#2,'design');
#3823 = ADVANCED_BREP_SHAPE_REPRESENTATION('',(#11,#3824),#4045);
#3824 = MANIFOLD_SOLID_BREP('',#3825);
#3825 = CLOSED_SHELL('',(#3826,#3859,#3885,#3928,#3937,#3968,#3992,#4016
    ,#4033));
#3826 = ADVANCED_FACE('',(#3827),#3854,.T.);
#3827 = FACE_BOUND('',#3828,.T.);
#3828 = EDGE_LOOP('',(#3829,#3839,#3846,#3847));
#3829 = ORIENTED_EDGE('',*,*,#3830,.F.);
#3830 = EDGE_CURVE('',#3831,#3833,#3835,.T.);
#3831 = VERTEX_POINT('',#3832);
#3832 = CARTESIAN_POINT('',(0.75,0.,1.4));
#3833 = VERTEX_POINT('',#3834);
#3834 = CARTESIAN_POINT('',(0.75,0.,1.05));
#3835 = LINE('',#3836,#3837);
#3836 = CARTESIAN_POINT('',(0.75,0.,1.5));
#3837 = VECTOR('',#3838,1.);
#3838 = DIRECTION('',(-0.,-0.,-1.));
#3839 = ORIENTED_EDGE('',*,*,#3840,.F.);
#3840 = EDGE_CURVE('',#3831,#3831,#3841,.T.);
#3841 = CIRCLE('',#3842,0.75);
#3842 = AXIS2_PLACEMENT_3D('',#3843,#3844,#3845);
#3843 = CARTESIAN_POINT('',(0.,0.,1.4));
#3844 = DIRECTION('',(0.,0.,1.));
#3845 = DIRECTION('',(1.,0.,-0.));
#3846 = ORIENTED_EDGE('',*,*,#3830,.T.);
#3847 = ORIENTED_EDGE('',*,*,#3848,.T.);
#3848 = EDGE_CURVE('',#3833,#3833,#3849,.T.);
#3849 = CIRCLE('',#3850,0.75);
#3850 = AXIS2_PLACEMENT_3D('',#3851,#3852,#3853);
#3851 = CARTESIAN_POINT('',(0.,0.,1.05));
#3852 = DIRECTION('',(0.,0.,1.));
#3853 = DIRECTION('',(1.,0.,0.));
#3854 = CYLINDRICAL_SURFACE('',#3855,0.75);
#3855 = AXIS2_PLACEMENT_3D('',#3856,#3857,#3858);
#3856 = CARTESIAN_POINT('',(0.,0.,1.5));
#3857 = DIRECTION('',(0.,0.,1.));
#3858 = DIRECTION('',(1.,0.,0.));
#3859 = ADVANCED_FACE('',(#3860),#3880,.T.);
#3860 = FACE_BOUND('',#3861,.T.);
#3861 = EDGE_LOOP('',(#3862,#3871,#3872,#3873));
#3862 = ORIENTED_EDGE('',*,*,#3863,.F.);
#3863 = EDGE_CURVE('',#3831,#3864,#3866,.T.);
#3864 = VERTEX_POINT('',#3865);
#3865 = CARTESIAN_POINT('',(0.65,0.,1.5));
#3866 = CIRCLE('',#3867,0.1);
#3867 = AXIS2_PLACEMENT_3D('',#3868,#3869,#3870);
#3868 = CARTESIAN_POINT('',(0.65,0.,1.4));
#3869 = DIRECTION('',(0.,-1.,0.));
#3870 = DIRECTION('',(1.,0.,0.));
#3871 = ORIENTED_EDGE('',*,*,#3840,.T.);
#3872 = ORIENTED_EDGE('',*,*,#3863,.T.);
#3873 = ORIENTED_EDGE('',*,*,#3874,.F.);
#3874 = EDGE_CURVE('',#3864,#3864,#3875,.T.);
#3875 = CIRCLE('',#3876,0.65);
#3876 = AXIS2_PLACEMENT_3D('',#3877,#3878,#3879);
#3877 = CARTESIAN_POINT('',(0.,0.,1.5));
#3878 = DIRECTION('',(0.,0.,1.));
#3879 = DIRECTION('',(1.,0.,-0.));
#3880 = TOROIDAL_SURFACE('',#3881,0.65,0.1);
#3881 = AXIS2_PLACEMENT_3D('',#3882,#3883,#3884);
#3882 = CARTESIAN_POINT('',(0.,0.,1.4));
#3883 = DIRECTION('',(0.,0.,1.));
#3884 = DIRECTION('',(1.,0.,-0.));
#3885 = ADVANCED_FACE('',(#3886,#3920),#3923,.T.);
#3886 = FACE_BOUND('',#3887,.T.);
#3887 = EDGE_LOOP('',(#3888,#3898,#3906,#3914));
#3888 = ORIENTED_EDGE('',*,*,#3889,.T.);
#3889 = EDGE_CURVE('',#3890,#3892,#3894,.T.);
#3890 = VERTEX_POINT('',#3891);
#3891 = CARTESIAN_POINT('',(1.14,-0.92,1.05));
#3892 = VERTEX_POINT('',#3893);
#3893 = CARTESIAN_POINT('',(1.14,0.92,1.05));
#3894 = LINE('',#3895,#3896);
#3895 = CARTESIAN_POINT('',(1.14,-0.92,1.05));
#3896 = VECTOR('',#3897,1.);
#3897 = DIRECTION('',(0.,1.,0.));
#3898 = ORIENTED_EDGE('',*,*,#3899,.T.);
#3899 = EDGE_CURVE('',#3892,#3900,#3902,.T.);
#3900 = VERTEX_POINT('',#3901);
#3901 = CARTESIAN_POINT('',(-1.14,0.92,1.05));
#3902 = LINE('',#3903,#3904);
#3903 = CARTESIAN_POINT('',(1.14,0.92,1.05));
#3904 = VECTOR('',#3905,1.);
#3905 = DIRECTION('',(-1.,0.,0.));
#3906 = ORIENTED_EDGE('',*,*,#3907,.T.);
#3907 = EDGE_CURVE('',#3900,#3908,#3910,.T.);
#3908 = VERTEX_POINT('',#3909);
#3909 = CARTESIAN_POINT('',(-1.14,-0.92,1.05));
#3910 = LINE('',#3911,#3912);
#3911 = CARTESIAN_POINT('',(-1.14,0.92,1.05));
#3912 = VECTOR('',#3913,1.);
#3913 = DIRECTION('',(0.,-1.,0.));
#3914 = ORIENTED_EDGE('',*,*,#3915,.T.);
#3915 = EDGE_CURVE('',#3908,#3890,#3916,.T.);
#3916 = LINE('',#3917,#3918);
#3917 = CARTESIAN_POINT('',(-1.14,-0.92,1.05));
#3918 = VECTOR('',#3919,1.);
#3919 = DIRECTION('',(1.,0.,0.));
#3920 = FACE_BOUND('',#3921,.T.);
#3921 = EDGE_LOOP('',(#3922));
#3922 = ORIENTED_EDGE('',*,*,#3848,.F.);
#3923 = PLANE('',#3924);
#3924 = AXIS2_PLACEMENT_3D('',#3925,#3926,#3927);
#3925 = CARTESIAN_POINT('',(0.,-1.1E-16,1.05));
#3926 = DIRECTION('',(0.,0.,1.));
#3927 = DIRECTION('',(1.,0.,0.));
#3928 = ADVANCED_FACE('',(#3929),#3932,.T.);
#3929 = FACE_BOUND('',#3930,.T.);
#3930 = EDGE_LOOP('',(#3931));
#3931 = ORIENTED_EDGE('',*,*,#3874,.T.);
#3932 = PLANE('',#3933);
#3933 = AXIS2_PLACEMENT_3D('',#3934,#3935,#3936);
#3934 = CARTESIAN_POINT('',(-4.E-17,0.,1.5));
#3935 = DIRECTION('',(0.,0.,1.));
#3936 = DIRECTION('',(1.,0.,0.));
#3937 = ADVANCED_FACE('',(#3938),#3963,.T.);
#3938 = FACE_BOUND('',#3939,.T.);
#3939 = EDGE_LOOP('',(#3940,#3948,#3956,#3962));
#3940 = ORIENTED_EDGE('',*,*,#3941,.T.);
#3941 = EDGE_CURVE('',#3890,#3942,#3944,.T.);
#3942 = VERTEX_POINT('',#3943);
#3943 = CARTESIAN_POINT('',(1.14,-0.92,0.85));
#3944 = LINE('',#3945,#3946);
#3945 = CARTESIAN_POINT('',(1.14,-0.92,1.05));
#3946 = VECTOR('',#3947,1.);
#3947 = DIRECTION('',(0.,0.,-1.));
#3948 = ORIENTED_EDGE('',*,*,#3949,.T.);
#3949 = EDGE_CURVE('',#3942,#3950,#3952,.T.);
#3950 = VERTEX_POINT('',#3951);
#3951 = CARTESIAN_POINT('',(1.14,0.92,0.85));
#3952 = LINE('',#3953,#3954);
#3953 = CARTESIAN_POINT('',(1.14,-0.92,0.85));
#3954 = VECTOR('',#3955,1.);
#3955 = DIRECTION('',(0.,1.,0.));
#3956 = ORIENTED_EDGE('',*,*,#3957,.F.);
#3957 = EDGE_CURVE('',#3892,#3950,#3958,.T.);
#3958 = LINE('',#3959,#3960);
#3959 = CARTESIAN_POINT('',(1.14,0.92,1.05));
#3960 = VECTOR('',#3961,1.);
#3961 = DIRECTION('',(0.,0.,-1.));
#3962 = ORIENTED_EDGE('',*,*,#3889,.F.);
#3963 = PLANE('',#3964);
#3964 = AXIS2_PLACEMENT_3D('',#3965,#3966,#3967);
#3965 = CARTESIAN_POINT('',(1.14,-0.92,1.05));
#3966 = DIRECTION('',(1.,0.,0.));
#3967 = DIRECTION('',(0.,1.,0.));
#3968 = ADVANCED_FACE('',(#3969),#3987,.T.);
#3969 = FACE_BOUND('',#3970,.T.);
#3970 = EDGE_LOOP('',(#3971,#3979,#3985,#3986));
#3971 = ORIENTED_EDGE('',*,*,#3972,.T.);
#3972 = EDGE_CURVE('',#3908,#3973,#3975,.T.);
#3973 = VERTEX_POINT('',#3974);
#3974 = CARTESIAN_POINT('',(-1.14,-0.92,0.85));
#3975 = LINE('',#3976,#3977);
#3976 = CARTESIAN_POINT('',(-1.14,-0.92,1.05));
#3977 = VECTOR('',#3978,1.);
#3978 = DIRECTION('',(0.,0.,-1.));
#3979 = ORIENTED_EDGE('',*,*,#3980,.T.);
#3980 = EDGE_CURVE('',#3973,#3942,#3981,.T.);
#3981 = LINE('',#3982,#3983);
#3982 = CARTESIAN_POINT('',(-1.14,-0.92,0.85));
#3983 = VECTOR('',#3984,1.);
#3984 = DIRECTION('',(1.,0.,0.));
#3985 = ORIENTED_EDGE('',*,*,#3941,.F.);
#3986 = ORIENTED_EDGE('',*,*,#3915,.F.);
#3987 = PLANE('',#3988);
#3988 = AXIS2_PLACEMENT_3D('',#3989,#3990,#3991);
#3989 = CARTESIAN_POINT('',(-1.14,-0.92,1.05));
#3990 = DIRECTION('',(0.,-1.,0.));
#3991 = DIRECTION('',(1.,0.,0.));
#3992 = ADVANCED_FACE('',(#3993),#4011,.T.);
#3993 = FACE_BOUND('',#3994,.T.);
#3994 = EDGE_LOOP('',(#3995,#3996,#4004,#4010));
#3995 = ORIENTED_EDGE('',*,*,#3957,.T.);
#3996 = ORIENTED_EDGE('',*,*,#3997,.T.);
#3997 = EDGE_CURVE('',#3950,#3998,#4000,.T.);
#3998 = VERTEX_POINT('',#3999);
#3999 = CARTESIAN_POINT('',(-1.14,0.92,0.85));
#4000 = LINE('',#4001,#4002);
#4001 = CARTESIAN_POINT('',(1.14,0.92,0.85));
#4002 = VECTOR('',#4003,1.);
#4003 = DIRECTION('',(-1.,0.,0.));
#4004 = ORIENTED_EDGE('',*,*,#4005,.F.);
#4005 = EDGE_CURVE('',#3900,#3998,#4006,.T.);
#4006 = LINE('',#4007,#4008);
#4007 = CARTESIAN_POINT('',(-1.14,0.92,1.05));
#4008 = VECTOR('',#4009,1.);
#4009 = DIRECTION('',(0.,0.,-1.));
#4010 = ORIENTED_EDGE('',*,*,#3899,.F.);
#4011 = PLANE('',#4012);
#4012 = AXIS2_PLACEMENT_3D('',#4013,#4014,#4015);
#4013 = CARTESIAN_POINT('',(1.14,0.92,1.05));
#4014 = DIRECTION('',(0.,1.,0.));
#4015 = DIRECTION('',(-1.,0.,0.));
#4016 = ADVANCED_FACE('',(#4017),#4028,.T.);
#4017 = FACE_BOUND('',#4018,.T.);
#4018 = EDGE_LOOP('',(#4019,#4020,#4026,#4027));
#4019 = ORIENTED_EDGE('',*,*,#4005,.T.);
#4020 = ORIENTED_EDGE('',*,*,#4021,.T.);
#4021 = EDGE_CURVE('',#3998,#3973,#4022,.T.);
#4022 = LINE('',#4023,#4024);
#4023 = CARTESIAN_POINT('',(-1.14,0.92,0.85));
#4024 = VECTOR('',#4025,1.);
#4025 = DIRECTION('',(0.,-1.,0.));
#4026 = ORIENTED_EDGE('',*,*,#3972,.F.);
#4027 = ORIENTED_EDGE('',*,*,#3907,.F.);
#4028 = PLANE('',#4029);
#4029 = AXIS2_PLACEMENT_3D('',#4030,#4031,#4032);
#4030 = CARTESIAN_POINT('',(-1.14,0.92,1.05));
#4031 = DIRECTION('',(-1.,-0.,-0.));
#4032 = DIRECTION('',(0.,-1.,0.));
#4033 = ADVANCED_FACE('',(#4034),#4040,.F.);
#4034 = FACE_BOUND('',#4035,.F.);
#4035 = EDGE_LOOP('',(#4036,#4037,#4038,#4039));
#4036 = ORIENTED_EDGE('',*,*,#3949,.T.);
#4037 = ORIENTED_EDGE('',*,*,#3997,.T.);
#4038 = ORIENTED_EDGE('',*,*,#4021,.T.);
#4039 = ORIENTED_EDGE('',*,*,#3980,.T.);
#4040 = PLANE('',#4041);
#4041 = AXIS2_PLACEMENT_3D('',#4042,#4043,#4044);
#4042 = CARTESIAN_POINT('',(0.,-1.1E-16,0.85));
#4043 = DIRECTION('',(0.,0.,1.));
#4044 = DIRECTION('',(1.,0.,0.));
#4045 = ( GEOMETRIC_REPRESENTATION_CONTEXT(3) 
GLOBAL_UNCERTAINTY_ASSIGNED_CONTEXT((#4049)) 
GLOBAL_UNIT_ASSIGNED_CONTEXT((#4046,#4047,#4048)) REPRESENTATION_CONTEXT
('Context #1','3D Context with UNIT and UNCERTAINTY') );
#4046 = ( LENGTH_UNIT() NAMED_UNIT(*) SI_UNIT(.MILLI.,.METRE.) );
#4047 = ( NAMED_UNIT(*) PLANE_ANGLE_UNIT() SI_UNIT($,.RADIAN.) );
#4048 = ( NAMED_UNIT(*) SI_UNIT($,.STERADIAN.) SOLID_ANGLE_UNIT() );
#4049 = UNCERTAINTY_MEASURE_WITH_UNIT(LENGTH_MEASURE(1.E-07),#4046,
  'distance_accuracy_value','confusion accuracy');
#4050 = CONTEXT_DEPENDENT_SHAPE_REPRESENTATION(#4051,#4053);
#4051 = ( REPRESENTATION_RELATIONSHIP('','',#3823,#10) 
REPRESENTATION_RELATIONSHIP_WITH_TRANSFORMATION(#4052) 
SHAPE_REPRESENTATION_RELATIONSHIP() );
#4052 = ITEM_DEFINED_TRANSFORMATION('','',#11,#27);
#4053 = PRODUCT_DEFINITION_SHAPE('Placement','Placement of an item',
  #4054);
#4054 = NEXT_ASSEMBLY_USAGE_OCCURRENCE('15','Button002','',#5,#3818,$);
#4055 = PRODUCT_RELATED_PRODUCT_CATEGORY('part',$,(#3820));
#4056 = MECHANICAL_DESIGN_GEOMETRIC_PRESENTATION_REPRESENTATION('',(
    #4057),#1657);
#4057 = STYLED_ITEM('color',(#4058),#45);
#4058 = PRESENTATION_STYLE_ASSIGNMENT((#4059,#4065));
#4059 = SURFACE_STYLE_USAGE(.BOTH.,#4060);
#4060 = SURFACE_SIDE_STYLE('',(#4061));
#4061 = SURFACE_STYLE_FILL_AREA(#4062);
#4062 = FILL_AREA_STYLE('',(#4063));
#4063 = FILL_AREA_STYLE_COLOUR('',#4064);
#4064 = COLOUR_RGB('',0.898039222556,0.894117649055,0.815686284108);
#4065 = CURVE_STYLE('',#4066,POSITIVE_LENGTH_MEASURE(0.1),#4067);
#4066 = DRAUGHTING_PRE_DEFINED_CURVE_FONT('continuous');
#4067 = COLOUR_RGB('',0.678431390124,0.709803936702,0.741176476869);
#4068 = MECHANICAL_DESIGN_GEOMETRIC_PRESENTATION_REPRESENTATION('',(
    #4069),#4045);
#4069 = STYLED_ITEM('color',(#4070),#3824);
#4070 = PRESENTATION_STYLE_ASSIGNMENT((#4071,#4077));
#4071 = SURFACE_STYLE_USAGE(.BOTH.,#4072);
#4072 = SURFACE_SIDE_STYLE('',(#4073));
#4073 = SURFACE_STYLE_FILL_AREA(#4074);
#4074 = FILL_AREA_STYLE('',(#4075));
#4075 = FILL_AREA_STYLE_COLOUR('',#4076);
#4076 = COLOUR_RGB('',0.184313727102,0.184313727102,0.192156865571);
#4077 = CURVE_STYLE('',#4078,POSITIVE_LENGTH_MEASURE(0.1),#4067);
#4078 = DRAUGHTING_PRE_DEFINED_CURVE_FONT('continuous');
#4079 = MECHANICAL_DESIGN_GEOMETRIC_PRESENTATION_REPRESENTATION('',(
    #4080,#4090),#3805);
#4080 = STYLED_ITEM('color',(#4081),#3505);
#4081 = PRESENTATION_STYLE_ASSIGNMENT((#4082,#4088));
#4082 = SURFACE_STYLE_USAGE(.BOTH.,#4083);
#4083 = SURFACE_SIDE_STYLE('',(#4084));
#4084 = SURFACE_STYLE_FILL_AREA(#4085);
#4085 = FILL_AREA_STYLE('',(#4086));
#4086 = FILL_AREA_STYLE_COLOUR('',#4087);
#4087 = COLOUR_RGB('',0.827450977613,0.823529417451,0.784313732475);
#4088 = CURVE_STYLE('',#4089,POSITIVE_LENGTH_MEASURE(0.1),#4067);
#4089 = DRAUGHTING_PRE_DEFINED_CURVE_FONT('continuous');
#4090 = STYLED_ITEM('color',(#4091),#3655);
#4091 = PRESENTATION_STYLE_ASSIGNMENT((#4092,#4097));
#4092 = SURFACE_STYLE_USAGE(.BOTH.,#4093);
#4093 = SURFACE_SIDE_STYLE('',(#4094));
#4094 = SURFACE_STYLE_FILL_AREA(#4095);
#4095 = FILL_AREA_STYLE('',(#4096));
#4096 = FILL_AREA_STYLE_COLOUR('',#4087);
#4097 = CURVE_STYLE('',#4098,POSITIVE_LENGTH_MEASURE(0.1),#4067);
#4098 = DRAUGHTING_PRE_DEFINED_CURVE_FONT('continuous');
#4099 = MECHANICAL_DESIGN_GEOMETRIC_PRESENTATION_REPRESENTATION('',(
    #4100),#3463);
#4100 = STYLED_ITEM('color',(#4101),#1676);
#4101 = PRESENTATION_STYLE_ASSIGNMENT((#4102,#4108));
#4102 = SURFACE_STYLE_USAGE(.BOTH.,#4103);
#4103 = SURFACE_SIDE_STYLE('',(#4104));
#4104 = SURFACE_STYLE_FILL_AREA(#4105);
#4105 = FILL_AREA_STYLE('',(#4106));
#4106 = FILL_AREA_STYLE_COLOUR('',#4107);
#4107 = COLOUR_RGB('',0.823529417451,0.819607860991,0.780392170416);
#4108 = CURVE_STYLE('',#4109,POSITIVE_LENGTH_MEASURE(0.1),#4067);
#4109 = DRAUGHTING_PRE_DEFINED_CURVE_FONT('continuous');
ENDSEC;
END-ISO-10303-21;
