ISO-10303-21;
HEADER;
FILE_DESCRIPTION(('FreeCAD Model'),'2;1');
FILE_NAME('Open CASCADE Shape Model','2026-03-10T22:53:10',(''),(''),
  'Open CASCADE STEP processor 7.9','FreeCAD','Unknown');
FILE_SCHEMA(('AUTOMOTIVE_DESIGN { 1 0 10303 214 1 1 1 1 }'));
ENDSEC;
DATA;
#1 = APPLICATION_PROTOCOL_DEFINITION('international standard',
  'automotive_design',2000,#2);
#2 = APPLICATION_CONTEXT(
  'core data for automotive mechanical design processes');
#3 = SHAPE_DEFINITION_REPRESENTATION(#4,#10);
#4 = PRODUCT_DEFINITION_SHAPE('','',#5);
#5 = PRODUCT_DEFINITION('design','',#6,#9);
#6 = PRODUCT_DEFINITION_FORMATION('','',#7);
#7 = PRODUCT('SW_TD-1183SA-1.7-xxx','SW_TD-1183SA-1.7-xxx','',(#8));
#8 = PRODUCT_CONTEXT('',#2,'mechanical');
#9 = PRODUCT_DEFINITION_CONTEXT('part definition',#2,'design');
#10 = SHAPE_REPRESENTATION('',(#11,#15,#19,#23,#27),#31);
#11 = AXIS2_PLACEMENT_3D('',#12,#13,#14);
#12 = CARTESIAN_POINT('',(0.,0.,0.));
#13 = DIRECTION('',(0.,0.,1.));
#14 = DIRECTION('',(1.,0.,-0.));
#15 = AXIS2_PLACEMENT_3D('',#16,#17,#18);
#16 = CARTESIAN_POINT('',(0.,0.,0.));
#17 = DIRECTION('',(0.,0.,1.));
#18 = DIRECTION('',(1.,0.,0.));
#19 = AXIS2_PLACEMENT_3D('',#20,#21,#22);
#20 = CARTESIAN_POINT('',(0.,0.,0.));
#21 = DIRECTION('',(0.,0.,1.));
#22 = DIRECTION('',(1.,0.,0.));
#23 = AXIS2_PLACEMENT_3D('',#24,#25,#26);
#24 = CARTESIAN_POINT('',(0.,0.,0.));
#25 = DIRECTION('',(0.,0.,1.));
#26 = DIRECTION('',(1.,0.,0.));
#27 = AXIS2_PLACEMENT_3D('',#28,#29,#30);
#28 = CARTESIAN_POINT('',(0.,0.,0.));
#29 = DIRECTION('',(0.,0.,1.));
#30 = DIRECTION('',(1.,0.,0.));
#31 = ( GEOMETRIC_REPRESENTATION_CONTEXT(3) 
GLOBAL_UNCERTAINTY_ASSIGNED_CONTEXT((#35)) GLOBAL_UNIT_ASSIGNED_CONTEXT(
(#32,#33,#34)) REPRESENTATION_CONTEXT('Context #1',
  '3D Context with UNIT and UNCERTAINTY') );
#32 = ( LENGTH_UNIT() NAMED_UNIT(*) SI_UNIT(.MILLI.,.METRE.) );
#33 = ( NAMED_UNIT(*) PLANE_ANGLE_UNIT() SI_UNIT($,.RADIAN.) );
#34 = ( NAMED_UNIT(*) SI_UNIT($,.STERADIAN.) SOLID_ANGLE_UNIT() );
#35 = UNCERTAINTY_MEASURE_WITH_UNIT(LENGTH_MEASURE(1.E-06),#32,
  'distance_accuracy_value','confusion accuracy');
#36 = PRODUCT_RELATED_PRODUCT_CATEGORY('part',$,(#7));
#37 = SHAPE_DEFINITION_REPRESENTATION(#38,#44);
#38 = PRODUCT_DEFINITION_SHAPE('','',#39);
#39 = PRODUCT_DEFINITION('design','',#40,#43);
#40 = PRODUCT_DEFINITION_FORMATION('','',#41);
#41 = PRODUCT('Base001','Base001','',(#42));
#42 = PRODUCT_CONTEXT('',#2,'mechanical');
#43 = PRODUCT_DEFINITION_CONTEXT('part definition',#2,'design');
#44 = ADVANCED_BREP_SHAPE_REPRESENTATION('',(#11,#45),#1712);
#45 = MANIFOLD_SOLID_BREP('',#46);
#46 = CLOSED_SHELL('',(#47,#74,#99,#334,#365,#389,#500,#517,#541,#565,
    #589,#691,#715,#739,#841,#865,#889,#906,#930,#947,#971,#995,#1019,
    #1112,#1129,#1153,#1177,#1194,#1206,#1232,#1256,#1273,#1319,#1343,
    #1367,#1386,#1398,#1410,#1434,#1458,#1477,#1489,#1515,#1539,#1556,
    #1568,#1580,#1592,#1604,#1635,#1659,#1683,#1700));
#47 = ADVANCED_FACE('',(#48),#69,.T.);
#48 = FACE_BOUND('',#49,.F.);
#49 = EDGE_LOOP('',(#50,#61,#68));
#50 = ORIENTED_EDGE('',*,*,#51,.T.);
#51 = EDGE_CURVE('',#52,#54,#56,.T.);
#52 = VERTEX_POINT('',#53);
#53 = CARTESIAN_POINT('',(-0.,-0.,-0.5));
#54 = VERTEX_POINT('',#55);
#55 = CARTESIAN_POINT('',(0.3,0.,-0.2));
#56 = CIRCLE('',#57,0.3);
#57 = AXIS2_PLACEMENT_3D('',#58,#59,#60);
#58 = CARTESIAN_POINT('',(3.E-17,0.,-0.2));
#59 = DIRECTION('',(0.,-1.,0.));
#60 = DIRECTION('',(1.,0.,0.));
#61 = ORIENTED_EDGE('',*,*,#62,.F.);
#62 = EDGE_CURVE('',#54,#54,#63,.T.);
#63 = CIRCLE('',#64,0.3);
#64 = AXIS2_PLACEMENT_3D('',#65,#66,#67);
#65 = CARTESIAN_POINT('',(0.,-4.E-17,-0.2));
#66 = DIRECTION('',(0.,-2.2E-16,-1.));
#67 = DIRECTION('',(1.,0.,0.));
#68 = ORIENTED_EDGE('',*,*,#51,.F.);
#69 = SPHERICAL_SURFACE('',#70,0.3);
#70 = AXIS2_PLACEMENT_3D('',#71,#72,#73);
#71 = CARTESIAN_POINT('',(3.E-17,-4.E-17,-0.2));
#72 = DIRECTION('',(0.,2.2E-16,1.));
#73 = DIRECTION('',(1.,0.,-0.));
#74 = ADVANCED_FACE('',(#75),#94,.T.);
#75 = FACE_BOUND('',#76,.F.);
#76 = EDGE_LOOP('',(#77,#85,#86,#87));
#77 = ORIENTED_EDGE('',*,*,#78,.F.);
#78 = EDGE_CURVE('',#54,#79,#81,.T.);
#79 = VERTEX_POINT('',#80);
#80 = CARTESIAN_POINT('',(0.3,0.,0.));
#81 = LINE('',#82,#83);
#82 = CARTESIAN_POINT('',(0.3,0.,-0.2));
#83 = VECTOR('',#84,1.);
#84 = DIRECTION('',(0.,0.,1.));
#85 = ORIENTED_EDGE('',*,*,#62,.T.);
#86 = ORIENTED_EDGE('',*,*,#78,.T.);
#87 = ORIENTED_EDGE('',*,*,#88,.F.);
#88 = EDGE_CURVE('',#79,#79,#89,.T.);
#89 = CIRCLE('',#90,0.3);
#90 = AXIS2_PLACEMENT_3D('',#91,#92,#93);
#91 = CARTESIAN_POINT('',(0.,0.,0.));
#92 = DIRECTION('',(0.,-2.2E-16,-1.));
#93 = DIRECTION('',(1.,0.,0.));
#94 = CYLINDRICAL_SURFACE('',#95,0.3);
#95 = AXIS2_PLACEMENT_3D('',#96,#97,#98);
#96 = CARTESIAN_POINT('',(0.,-4.E-17,-0.2));
#97 = DIRECTION('',(0.,2.2E-16,1.));
#98 = DIRECTION('',(1.,0.,-0.));
#99 = ADVANCED_FACE('',(#100,#326),#329,.F.);
#100 = FACE_BOUND('',#101,.F.);
#101 = EDGE_LOOP('',(#102,#112,#120,#128,#136,#144,#152,#160,#168,#176,
    #184,#192,#200,#208,#216,#224,#232,#240,#248,#256,#264,#272,#280,
    #288,#296,#304,#312,#320));
#102 = ORIENTED_EDGE('',*,*,#103,.F.);
#103 = EDGE_CURVE('',#104,#106,#108,.T.);
#104 = VERTEX_POINT('',#105);
#105 = CARTESIAN_POINT('',(-0.85,-1.25,0.));
#106 = VERTEX_POINT('',#107);
#107 = CARTESIAN_POINT('',(-0.85,-1.1,-0.));
#108 = LINE('',#109,#110);
#109 = CARTESIAN_POINT('',(-0.85,-1.25,0.));
#110 = VECTOR('',#111,1.);
#111 = DIRECTION('',(0.,1.,-2.2E-16));
#112 = ORIENTED_EDGE('',*,*,#113,.T.);
#113 = EDGE_CURVE('',#104,#114,#116,.T.);
#114 = VERTEX_POINT('',#115);
#115 = CARTESIAN_POINT('',(0.85,-1.25,0.));
#116 = LINE('',#117,#118);
#117 = CARTESIAN_POINT('',(-1.5,-1.25,0.));
#118 = VECTOR('',#119,1.);
#119 = DIRECTION('',(1.,0.,0.));
#120 = ORIENTED_EDGE('',*,*,#121,.T.);
#121 = EDGE_CURVE('',#114,#122,#124,.T.);
#122 = VERTEX_POINT('',#123);
#123 = CARTESIAN_POINT('',(0.85,-1.1,0.));
#124 = LINE('',#125,#126);
#125 = CARTESIAN_POINT('',(0.85,-1.25,1.9E-16));
#126 = VECTOR('',#127,1.);
#127 = DIRECTION('',(2.2E-16,1.,-2.2E-16));
#128 = ORIENTED_EDGE('',*,*,#129,.F.);
#129 = EDGE_CURVE('',#130,#122,#132,.T.);
#130 = VERTEX_POINT('',#131);
#131 = CARTESIAN_POINT('',(1.15,-1.1,0.));
#132 = LINE('',#133,#134);
#133 = CARTESIAN_POINT('',(1.5,-1.1,6.1E-16));
#134 = VECTOR('',#135,1.);
#135 = DIRECTION('',(-1.,2.2E-16,-6.5E-16));
#136 = ORIENTED_EDGE('',*,*,#137,.T.);
#137 = EDGE_CURVE('',#130,#138,#140,.T.);
#138 = VERTEX_POINT('',#139);
#139 = CARTESIAN_POINT('',(1.15,-0.85,0.));
#140 = LINE('',#141,#142);
#141 = CARTESIAN_POINT('',(1.15,-1.1,2.6E-16));
#142 = VECTOR('',#143,1.);
#143 = DIRECTION('',(2.2E-16,1.,-2.2E-16));
#144 = ORIENTED_EDGE('',*,*,#145,.F.);
#145 = EDGE_CURVE('',#146,#138,#148,.T.);
#146 = VERTEX_POINT('',#147);
#147 = CARTESIAN_POINT('',(1.5,-0.85,0.));
#148 = LINE('',#149,#150);
#149 = CARTESIAN_POINT('',(1.5,-0.85,3.3E-16));
#150 = VECTOR('',#151,1.);
#151 = DIRECTION('',(-1.,2.2E-16,-2.2E-16));
#152 = ORIENTED_EDGE('',*,*,#153,.T.);
#153 = EDGE_CURVE('',#146,#154,#156,.T.);
#154 = VERTEX_POINT('',#155);
#155 = CARTESIAN_POINT('',(1.5,-0.7,0.));
#156 = LINE('',#157,#158);
#157 = CARTESIAN_POINT('',(1.5,-1.25,0.));
#158 = VECTOR('',#159,1.);
#159 = DIRECTION('',(0.,1.,0.));
#160 = ORIENTED_EDGE('',*,*,#161,.F.);
#161 = EDGE_CURVE('',#162,#154,#164,.T.);
#162 = VERTEX_POINT('',#163);
#163 = CARTESIAN_POINT('',(1.4,-0.7,0.));
#164 = LINE('',#165,#166);
#165 = CARTESIAN_POINT('',(1.4,-0.7,0.));
#166 = VECTOR('',#167,1.);
#167 = DIRECTION('',(1.,0.,0.));
#168 = ORIENTED_EDGE('',*,*,#169,.F.);
#169 = EDGE_CURVE('',#170,#162,#172,.T.);
#170 = VERTEX_POINT('',#171);
#171 = CARTESIAN_POINT('',(1.4,0.7,0.));
#172 = LINE('',#173,#174);
#173 = CARTESIAN_POINT('',(1.4,0.7,0.));
#174 = VECTOR('',#175,1.);
#175 = DIRECTION('',(0.,-1.,0.));
#176 = ORIENTED_EDGE('',*,*,#177,.F.);
#177 = EDGE_CURVE('',#178,#170,#180,.T.);
#178 = VERTEX_POINT('',#179);
#179 = CARTESIAN_POINT('',(1.5,0.7,0.));
#180 = LINE('',#181,#182);
#181 = CARTESIAN_POINT('',(1.5,0.7,0.));
#182 = VECTOR('',#183,1.);
#183 = DIRECTION('',(-1.,0.,0.));
#184 = ORIENTED_EDGE('',*,*,#185,.T.);
#185 = EDGE_CURVE('',#178,#186,#188,.T.);
#186 = VERTEX_POINT('',#187);
#187 = CARTESIAN_POINT('',(1.5,0.85,1.E-15));
#188 = LINE('',#189,#190);
#189 = CARTESIAN_POINT('',(1.5,-1.25,0.));
#190 = VECTOR('',#191,1.);
#191 = DIRECTION('',(0.,1.,0.));
#192 = ORIENTED_EDGE('',*,*,#193,.T.);
#193 = EDGE_CURVE('',#186,#194,#196,.T.);
#194 = VERTEX_POINT('',#195);
#195 = CARTESIAN_POINT('',(1.15,0.85,1.E-15));
#196 = LINE('',#197,#198);
#197 = CARTESIAN_POINT('',(1.5,0.85,0.));
#198 = VECTOR('',#199,1.);
#199 = DIRECTION('',(-1.,0.,0.));
#200 = ORIENTED_EDGE('',*,*,#201,.F.);
#201 = EDGE_CURVE('',#202,#194,#204,.T.);
#202 = VERTEX_POINT('',#203);
#203 = CARTESIAN_POINT('',(1.15,1.1,1.E-15));
#204 = LINE('',#205,#206);
#205 = CARTESIAN_POINT('',(1.15,1.1,0.));
#206 = VECTOR('',#207,1.);
#207 = DIRECTION('',(0.,-1.,-2.2E-16));
#208 = ORIENTED_EDGE('',*,*,#209,.T.);
#209 = EDGE_CURVE('',#202,#210,#212,.T.);
#210 = VERTEX_POINT('',#211);
#211 = CARTESIAN_POINT('',(0.85,1.1,1.E-15));
#212 = LINE('',#213,#214);
#213 = CARTESIAN_POINT('',(1.5,1.1,2.8E-16));
#214 = VECTOR('',#215,1.);
#215 = DIRECTION('',(-1.,0.,-4.3E-16));
#216 = ORIENTED_EDGE('',*,*,#217,.F.);
#217 = EDGE_CURVE('',#218,#210,#220,.T.);
#218 = VERTEX_POINT('',#219);
#219 = CARTESIAN_POINT('',(0.85,1.25,1.E-15));
#220 = LINE('',#221,#222);
#221 = CARTESIAN_POINT('',(0.85,1.25,0.));
#222 = VECTOR('',#223,1.);
#223 = DIRECTION('',(0.,-1.,-2.2E-16));
#224 = ORIENTED_EDGE('',*,*,#225,.T.);
#225 = EDGE_CURVE('',#218,#226,#228,.T.);
#226 = VERTEX_POINT('',#227);
#227 = CARTESIAN_POINT('',(-0.85,1.25,1.E-15));
#228 = LINE('',#229,#230);
#229 = CARTESIAN_POINT('',(1.5,1.25,0.));
#230 = VECTOR('',#231,1.);
#231 = DIRECTION('',(-1.,0.,0.));
#232 = ORIENTED_EDGE('',*,*,#233,.T.);
#233 = EDGE_CURVE('',#226,#234,#236,.T.);
#234 = VERTEX_POINT('',#235);
#235 = CARTESIAN_POINT('',(-0.85,1.1,0.));
#236 = LINE('',#237,#238);
#237 = CARTESIAN_POINT('',(-0.85,1.25,5.6E-16));
#238 = VECTOR('',#239,1.);
#239 = DIRECTION('',(-0.,-1.,-6.7E-16));
#240 = ORIENTED_EDGE('',*,*,#241,.F.);
#241 = EDGE_CURVE('',#242,#234,#244,.T.);
#242 = VERTEX_POINT('',#243);
#243 = CARTESIAN_POINT('',(-1.15,1.1,0.));
#244 = LINE('',#245,#246);
#245 = CARTESIAN_POINT('',(-1.5,1.1,1.25E-15));
#246 = VECTOR('',#247,1.);
#247 = DIRECTION('',(1.,0.,-4.3E-16));
#248 = ORIENTED_EDGE('',*,*,#249,.T.);
#249 = EDGE_CURVE('',#242,#250,#252,.T.);
#250 = VERTEX_POINT('',#251);
#251 = CARTESIAN_POINT('',(-1.15,0.85,0.));
#252 = LINE('',#253,#254);
#253 = CARTESIAN_POINT('',(-1.15,1.1,4.9E-16));
#254 = VECTOR('',#255,1.);
#255 = DIRECTION('',(-0.,-1.,-6.7E-16));
#256 = ORIENTED_EDGE('',*,*,#257,.F.);
#257 = EDGE_CURVE('',#258,#250,#260,.T.);
#258 = VERTEX_POINT('',#259);
#259 = CARTESIAN_POINT('',(-1.5,0.85,0.));
#260 = LINE('',#261,#262);
#261 = CARTESIAN_POINT('',(-1.5,0.85,7.5E-16));
#262 = VECTOR('',#263,1.);
#263 = DIRECTION('',(1.,0.,0.));
#264 = ORIENTED_EDGE('',*,*,#265,.T.);
#265 = EDGE_CURVE('',#258,#266,#268,.T.);
#266 = VERTEX_POINT('',#267);
#267 = CARTESIAN_POINT('',(-1.5,0.7,0.));
#268 = LINE('',#269,#270);
#269 = CARTESIAN_POINT('',(-1.5,1.25,0.));
#270 = VECTOR('',#271,1.);
#271 = DIRECTION('',(0.,-1.,0.));
#272 = ORIENTED_EDGE('',*,*,#273,.T.);
#273 = EDGE_CURVE('',#266,#274,#276,.T.);
#274 = VERTEX_POINT('',#275);
#275 = CARTESIAN_POINT('',(-1.4,0.7,0.));
#276 = LINE('',#277,#278);
#277 = CARTESIAN_POINT('',(-1.5,0.7,0.));
#278 = VECTOR('',#279,1.);
#279 = DIRECTION('',(1.,0.,0.));
#280 = ORIENTED_EDGE('',*,*,#281,.T.);
#281 = EDGE_CURVE('',#274,#282,#284,.T.);
#282 = VERTEX_POINT('',#283);
#283 = CARTESIAN_POINT('',(-1.4,-0.7,0.));
#284 = LINE('',#285,#286);
#285 = CARTESIAN_POINT('',(-1.4,0.7,0.));
#286 = VECTOR('',#287,1.);
#287 = DIRECTION('',(0.,-1.,0.));
#288 = ORIENTED_EDGE('',*,*,#289,.T.);
#289 = EDGE_CURVE('',#282,#290,#292,.T.);
#290 = VERTEX_POINT('',#291);
#291 = CARTESIAN_POINT('',(-1.5,-0.7,0.));
#292 = LINE('',#293,#294);
#293 = CARTESIAN_POINT('',(-1.4,-0.7,0.));
#294 = VECTOR('',#295,1.);
#295 = DIRECTION('',(-1.,0.,0.));
#296 = ORIENTED_EDGE('',*,*,#297,.T.);
#297 = EDGE_CURVE('',#290,#298,#300,.T.);
#298 = VERTEX_POINT('',#299);
#299 = CARTESIAN_POINT('',(-1.5,-0.85,-0.));
#300 = LINE('',#301,#302);
#301 = CARTESIAN_POINT('',(-1.5,1.25,0.));
#302 = VECTOR('',#303,1.);
#303 = DIRECTION('',(0.,-1.,0.));
#304 = ORIENTED_EDGE('',*,*,#305,.T.);
#305 = EDGE_CURVE('',#298,#306,#308,.T.);
#306 = VERTEX_POINT('',#307);
#307 = CARTESIAN_POINT('',(-1.15,-0.85,-0.));
#308 = LINE('',#309,#310);
#309 = CARTESIAN_POINT('',(-1.5,-0.85,0.));
#310 = VECTOR('',#311,1.);
#311 = DIRECTION('',(1.,0.,0.));
#312 = ORIENTED_EDGE('',*,*,#313,.F.);
#313 = EDGE_CURVE('',#314,#306,#316,.T.);
#314 = VERTEX_POINT('',#315);
#315 = CARTESIAN_POINT('',(-1.15,-1.1,0.));
#316 = LINE('',#317,#318);
#317 = CARTESIAN_POINT('',(-1.15,-1.1,0.));
#318 = VECTOR('',#319,1.);
#319 = DIRECTION('',(0.,1.,-2.2E-16));
#320 = ORIENTED_EDGE('',*,*,#321,.T.);
#321 = EDGE_CURVE('',#314,#106,#322,.T.);
#322 = LINE('',#323,#324);
#323 = CARTESIAN_POINT('',(-1.5,-1.1,2.8E-16));
#324 = VECTOR('',#325,1.);
#325 = DIRECTION('',(1.,0.,-4.3E-16));
#326 = FACE_BOUND('',#327,.F.);
#327 = EDGE_LOOP('',(#328));
#328 = ORIENTED_EDGE('',*,*,#88,.T.);
#329 = PLANE('',#330);
#330 = AXIS2_PLACEMENT_3D('',#331,#332,#333);
#331 = CARTESIAN_POINT('',(0.,0.,0.));
#332 = DIRECTION('',(0.,0.,1.));
#333 = DIRECTION('',(1.,0.,0.));
#334 = ADVANCED_FACE('',(#335),#360,.F.);
#335 = FACE_BOUND('',#336,.F.);
#336 = EDGE_LOOP('',(#337,#338,#346,#354));
#337 = ORIENTED_EDGE('',*,*,#103,.T.);
#338 = ORIENTED_EDGE('',*,*,#339,.T.);
#339 = EDGE_CURVE('',#106,#340,#342,.T.);
#340 = VERTEX_POINT('',#341);
#341 = CARTESIAN_POINT('',(-0.85,-1.1,0.55));
#342 = LINE('',#343,#344);
#343 = CARTESIAN_POINT('',(-0.85,-1.1,0.));
#344 = VECTOR('',#345,1.);
#345 = DIRECTION('',(0.,0.,1.));
#346 = ORIENTED_EDGE('',*,*,#347,.F.);
#347 = EDGE_CURVE('',#348,#340,#350,.T.);
#348 = VERTEX_POINT('',#349);
#349 = CARTESIAN_POINT('',(-0.85,-1.25,0.55));
#350 = LINE('',#351,#352);
#351 = CARTESIAN_POINT('',(-0.85,-1.25,0.55));
#352 = VECTOR('',#353,1.);
#353 = DIRECTION('',(0.,1.,-2.2E-16));
#354 = ORIENTED_EDGE('',*,*,#355,.F.);
#355 = EDGE_CURVE('',#104,#348,#356,.T.);
#356 = LINE('',#357,#358);
#357 = CARTESIAN_POINT('',(-0.85,-1.25,0.));
#358 = VECTOR('',#359,1.);
#359 = DIRECTION('',(0.,0.,1.));
#360 = PLANE('',#361);
#361 = AXIS2_PLACEMENT_3D('',#362,#363,#364);
#362 = CARTESIAN_POINT('',(-0.85,-1.25,0.));
#363 = DIRECTION('',(1.,0.,0.));
#364 = DIRECTION('',(0.,2.2E-16,1.));
#365 = ADVANCED_FACE('',(#366),#384,.F.);
#366 = FACE_BOUND('',#367,.F.);
#367 = EDGE_LOOP('',(#368,#369,#370,#378));
#368 = ORIENTED_EDGE('',*,*,#113,.F.);
#369 = ORIENTED_EDGE('',*,*,#355,.T.);
#370 = ORIENTED_EDGE('',*,*,#371,.F.);
#371 = EDGE_CURVE('',#372,#348,#374,.T.);
#372 = VERTEX_POINT('',#373);
#373 = CARTESIAN_POINT('',(0.85,-1.25,0.55));
#374 = LINE('',#375,#376);
#375 = CARTESIAN_POINT('',(0.85,-1.25,0.55));
#376 = VECTOR('',#377,1.);
#377 = DIRECTION('',(-1.,2.2E-16,-2.2E-16));
#378 = ORIENTED_EDGE('',*,*,#379,.F.);
#379 = EDGE_CURVE('',#114,#372,#380,.T.);
#380 = LINE('',#381,#382);
#381 = CARTESIAN_POINT('',(0.85,-1.25,1.9E-16));
#382 = VECTOR('',#383,1.);
#383 = DIRECTION('',(-2.2E-16,0.,1.));
#384 = PLANE('',#385);
#385 = AXIS2_PLACEMENT_3D('',#386,#387,#388);
#386 = CARTESIAN_POINT('',(-1.5,-1.25,0.));
#387 = DIRECTION('',(0.,1.,0.));
#388 = DIRECTION('',(1.,0.,0.));
#389 = ADVANCED_FACE('',(#390),#495,.T.);
#390 = FACE_BOUND('',#391,.T.);
#391 = EDGE_LOOP('',(#392,#400,#401,#402,#410,#416,#417,#425,#433,#441,
    #449,#457,#465,#473,#481,#489));
#392 = ORIENTED_EDGE('',*,*,#393,.F.);
#393 = EDGE_CURVE('',#314,#394,#396,.T.);
#394 = VERTEX_POINT('',#395);
#395 = CARTESIAN_POINT('',(-1.15,-1.1,0.5));
#396 = LINE('',#397,#398);
#397 = CARTESIAN_POINT('',(-1.15,-1.1,0.));
#398 = VECTOR('',#399,1.);
#399 = DIRECTION('',(0.,0.,1.));
#400 = ORIENTED_EDGE('',*,*,#321,.T.);
#401 = ORIENTED_EDGE('',*,*,#339,.T.);
#402 = ORIENTED_EDGE('',*,*,#403,.F.);
#403 = EDGE_CURVE('',#404,#340,#406,.T.);
#404 = VERTEX_POINT('',#405);
#405 = CARTESIAN_POINT('',(0.85,-1.1,0.55));
#406 = LINE('',#407,#408);
#407 = CARTESIAN_POINT('',(0.85,-1.1,0.55));
#408 = VECTOR('',#409,1.);
#409 = DIRECTION('',(-1.,2.2E-16,-2.2E-16));
#410 = ORIENTED_EDGE('',*,*,#411,.F.);
#411 = EDGE_CURVE('',#122,#404,#412,.T.);
#412 = LINE('',#413,#414);
#413 = CARTESIAN_POINT('',(0.85,-1.1,1.9E-16));
#414 = VECTOR('',#415,1.);
#415 = DIRECTION('',(-2.2E-16,0.,1.));
#416 = ORIENTED_EDGE('',*,*,#129,.F.);
#417 = ORIENTED_EDGE('',*,*,#418,.T.);
#418 = EDGE_CURVE('',#130,#419,#421,.T.);
#419 = VERTEX_POINT('',#420);
#420 = CARTESIAN_POINT('',(1.15,-1.1,0.5));
#421 = LINE('',#422,#423);
#422 = CARTESIAN_POINT('',(1.15,-1.1,2.6E-16));
#423 = VECTOR('',#424,1.);
#424 = DIRECTION('',(-2.2E-16,0.,1.));
#425 = ORIENTED_EDGE('',*,*,#426,.T.);
#426 = EDGE_CURVE('',#419,#427,#429,.T.);
#427 = VERTEX_POINT('',#428);
#428 = CARTESIAN_POINT('',(1.25,-1.1,0.5));
#429 = LINE('',#430,#431);
#430 = CARTESIAN_POINT('',(1.15,-1.1,0.5));
#431 = VECTOR('',#432,1.);
#432 = DIRECTION('',(1.,-2.2E-16,2.2E-16));
#433 = ORIENTED_EDGE('',*,*,#434,.F.);
#434 = EDGE_CURVE('',#435,#427,#437,.T.);
#435 = VERTEX_POINT('',#436);
#436 = CARTESIAN_POINT('',(1.25,-1.1,0.971676038076));
#437 = LINE('',#438,#439);
#438 = CARTESIAN_POINT('',(1.25,-1.1,1.05));
#439 = VECTOR('',#440,1.);
#440 = DIRECTION('',(2.2E-16,0.,-1.));
#441 = ORIENTED_EDGE('',*,*,#442,.F.);
#442 = EDGE_CURVE('',#443,#435,#445,.T.);
#443 = VERTEX_POINT('',#444);
#444 = CARTESIAN_POINT('',(1.5,-1.1,0.971676038076));
#445 = LINE('',#446,#447);
#446 = CARTESIAN_POINT('',(4.08426067361,-1.1,0.971676038076));
#447 = VECTOR('',#448,1.);
#448 = DIRECTION('',(-1.,-0.,-0.));
#449 = ORIENTED_EDGE('',*,*,#450,.F.);
#450 = EDGE_CURVE('',#451,#443,#453,.T.);
#451 = VERTEX_POINT('',#452);
#452 = CARTESIAN_POINT('',(1.5,-1.1,1.05));
#453 = LINE('',#454,#455);
#454 = CARTESIAN_POINT('',(1.5,-1.1,0.485838019038));
#455 = VECTOR('',#456,1.);
#456 = DIRECTION('',(0.,2.83E-15,-1.));
#457 = ORIENTED_EDGE('',*,*,#458,.T.);
#458 = EDGE_CURVE('',#451,#459,#461,.T.);
#459 = VERTEX_POINT('',#460);
#460 = CARTESIAN_POINT('',(-1.5,-1.1,1.05));
#461 = LINE('',#462,#463);
#462 = CARTESIAN_POINT('',(4.08426067361,-1.1,1.05));
#463 = VECTOR('',#464,1.);
#464 = DIRECTION('',(-1.,-0.,-0.));
#465 = ORIENTED_EDGE('',*,*,#466,.F.);
#466 = EDGE_CURVE('',#467,#459,#469,.T.);
#467 = VERTEX_POINT('',#468);
#468 = CARTESIAN_POINT('',(-1.5,-1.1,0.971676038076));
#469 = LINE('',#470,#471);
#470 = CARTESIAN_POINT('',(-1.5,-1.1,0.485838019038));
#471 = VECTOR('',#472,1.);
#472 = DIRECTION('',(0.,-2.83E-15,1.));
#473 = ORIENTED_EDGE('',*,*,#474,.F.);
#474 = EDGE_CURVE('',#475,#467,#477,.T.);
#475 = VERTEX_POINT('',#476);
#476 = CARTESIAN_POINT('',(-1.25,-1.1,0.971676038076));
#477 = LINE('',#478,#479);
#478 = CARTESIAN_POINT('',(4.08426067361,-1.1,0.971676038076));
#479 = VECTOR('',#480,1.);
#480 = DIRECTION('',(-1.,-0.,-0.));
#481 = ORIENTED_EDGE('',*,*,#482,.T.);
#482 = EDGE_CURVE('',#475,#483,#485,.T.);
#483 = VERTEX_POINT('',#484);
#484 = CARTESIAN_POINT('',(-1.25,-1.1,0.5));
#485 = LINE('',#486,#487);
#486 = CARTESIAN_POINT('',(-1.25,-1.1,1.05));
#487 = VECTOR('',#488,1.);
#488 = DIRECTION('',(0.,0.,-1.));
#489 = ORIENTED_EDGE('',*,*,#490,.F.);
#490 = EDGE_CURVE('',#394,#483,#491,.T.);
#491 = LINE('',#492,#493);
#492 = CARTESIAN_POINT('',(-1.15,-1.1,0.5));
#493 = VECTOR('',#494,1.);
#494 = DIRECTION('',(-1.,0.,0.));
#495 = PLANE('',#496);
#496 = AXIS2_PLACEMENT_3D('',#497,#498,#499);
#497 = CARTESIAN_POINT('',(-1.4E-16,-1.1,0.660417175982));
#498 = DIRECTION('',(-0.,-1.,-0.));
#499 = DIRECTION('',(0.,0.,-1.));
#500 = ADVANCED_FACE('',(#501),#512,.F.);
#501 = FACE_BOUND('',#502,.T.);
#502 = EDGE_LOOP('',(#503,#504,#505,#511));
#503 = ORIENTED_EDGE('',*,*,#121,.T.);
#504 = ORIENTED_EDGE('',*,*,#411,.T.);
#505 = ORIENTED_EDGE('',*,*,#506,.F.);
#506 = EDGE_CURVE('',#372,#404,#507,.T.);
#507 = LINE('',#508,#509);
#508 = CARTESIAN_POINT('',(0.85,-1.25,0.55));
#509 = VECTOR('',#510,1.);
#510 = DIRECTION('',(2.2E-16,1.,-2.2E-16));
#511 = ORIENTED_EDGE('',*,*,#379,.F.);
#512 = PLANE('',#513);
#513 = AXIS2_PLACEMENT_3D('',#514,#515,#516);
#514 = CARTESIAN_POINT('',(0.85,-1.25,1.9E-16));
#515 = DIRECTION('',(-1.,2.2E-16,-2.2E-16));
#516 = DIRECTION('',(2.2E-16,-2.2E-16,-1.));
#517 = ADVANCED_FACE('',(#518),#536,.F.);
#518 = FACE_BOUND('',#519,.F.);
#519 = EDGE_LOOP('',(#520,#521,#529,#535));
#520 = ORIENTED_EDGE('',*,*,#313,.T.);
#521 = ORIENTED_EDGE('',*,*,#522,.T.);
#522 = EDGE_CURVE('',#306,#523,#525,.T.);
#523 = VERTEX_POINT('',#524);
#524 = CARTESIAN_POINT('',(-1.15,-0.85,0.5));
#525 = LINE('',#526,#527);
#526 = CARTESIAN_POINT('',(-1.15,-0.85,0.));
#527 = VECTOR('',#528,1.);
#528 = DIRECTION('',(0.,0.,1.));
#529 = ORIENTED_EDGE('',*,*,#530,.F.);
#530 = EDGE_CURVE('',#394,#523,#531,.T.);
#531 = LINE('',#532,#533);
#532 = CARTESIAN_POINT('',(-1.15,-1.1,0.5));
#533 = VECTOR('',#534,1.);
#534 = DIRECTION('',(0.,1.,-2.2E-16));
#535 = ORIENTED_EDGE('',*,*,#393,.F.);
#536 = PLANE('',#537);
#537 = AXIS2_PLACEMENT_3D('',#538,#539,#540);
#538 = CARTESIAN_POINT('',(-1.15,-1.1,0.));
#539 = DIRECTION('',(1.,0.,0.));
#540 = DIRECTION('',(0.,2.2E-16,1.));
#541 = ADVANCED_FACE('',(#542),#560,.F.);
#542 = FACE_BOUND('',#543,.T.);
#543 = EDGE_LOOP('',(#544,#552,#553,#554));
#544 = ORIENTED_EDGE('',*,*,#545,.T.);
#545 = EDGE_CURVE('',#546,#298,#548,.T.);
#546 = VERTEX_POINT('',#547);
#547 = CARTESIAN_POINT('',(-1.5,-0.85,0.5));
#548 = LINE('',#549,#550);
#549 = CARTESIAN_POINT('',(-1.5,-0.85,0.5));
#550 = VECTOR('',#551,1.);
#551 = DIRECTION('',(0.,0.,-1.));
#552 = ORIENTED_EDGE('',*,*,#305,.T.);
#553 = ORIENTED_EDGE('',*,*,#522,.T.);
#554 = ORIENTED_EDGE('',*,*,#555,.T.);
#555 = EDGE_CURVE('',#523,#546,#556,.T.);
#556 = LINE('',#557,#558);
#557 = CARTESIAN_POINT('',(-1.15,-0.85,0.5));
#558 = VECTOR('',#559,1.);
#559 = DIRECTION('',(-1.,0.,0.));
#560 = PLANE('',#561);
#561 = AXIS2_PLACEMENT_3D('',#562,#563,#564);
#562 = CARTESIAN_POINT('',(-1.325,-0.85,0.25));
#563 = DIRECTION('',(0.,1.,-4.4E-16));
#564 = DIRECTION('',(0.,4.4E-16,1.));
#565 = ADVANCED_FACE('',(#566),#584,.F.);
#566 = FACE_BOUND('',#567,.T.);
#567 = EDGE_LOOP('',(#568,#569,#577,#583));
#568 = ORIENTED_EDGE('',*,*,#137,.T.);
#569 = ORIENTED_EDGE('',*,*,#570,.T.);
#570 = EDGE_CURVE('',#138,#571,#573,.T.);
#571 = VERTEX_POINT('',#572);
#572 = CARTESIAN_POINT('',(1.15,-0.85,0.5));
#573 = LINE('',#574,#575);
#574 = CARTESIAN_POINT('',(1.15,-0.85,2.6E-16));
#575 = VECTOR('',#576,1.);
#576 = DIRECTION('',(-2.2E-16,0.,1.));
#577 = ORIENTED_EDGE('',*,*,#578,.F.);
#578 = EDGE_CURVE('',#419,#571,#579,.T.);
#579 = LINE('',#580,#581);
#580 = CARTESIAN_POINT('',(1.15,-1.1,0.5));
#581 = VECTOR('',#582,1.);
#582 = DIRECTION('',(2.2E-16,1.,-2.2E-16));
#583 = ORIENTED_EDGE('',*,*,#418,.F.);
#584 = PLANE('',#585);
#585 = AXIS2_PLACEMENT_3D('',#586,#587,#588);
#586 = CARTESIAN_POINT('',(1.15,-1.1,2.6E-16));
#587 = DIRECTION('',(-1.,2.2E-16,-2.2E-16));
#588 = DIRECTION('',(2.2E-16,-2.2E-16,-1.));
#589 = ADVANCED_FACE('',(#590),#686,.F.);
#590 = FACE_BOUND('',#591,.F.);
#591 = EDGE_LOOP('',(#592,#593,#601,#609,#617,#625,#633,#639,#640,#648,
    #656,#662,#663,#664,#672,#680));
#592 = ORIENTED_EDGE('',*,*,#265,.F.);
#593 = ORIENTED_EDGE('',*,*,#594,.F.);
#594 = EDGE_CURVE('',#595,#258,#597,.T.);
#595 = VERTEX_POINT('',#596);
#596 = CARTESIAN_POINT('',(-1.5,0.85,0.5));
#597 = LINE('',#598,#599);
#598 = CARTESIAN_POINT('',(-1.5,0.85,0.5));
#599 = VECTOR('',#600,1.);
#600 = DIRECTION('',(-0.,8.9E-16,-1.));
#601 = ORIENTED_EDGE('',*,*,#602,.F.);
#602 = EDGE_CURVE('',#603,#595,#605,.T.);
#603 = VERTEX_POINT('',#604);
#604 = CARTESIAN_POINT('',(-1.5,1.25,0.5));
#605 = LINE('',#606,#607);
#606 = CARTESIAN_POINT('',(-1.5,1.25,0.5));
#607 = VECTOR('',#608,1.);
#608 = DIRECTION('',(-0.,-1.,-6.7E-16));
#609 = ORIENTED_EDGE('',*,*,#610,.T.);
#610 = EDGE_CURVE('',#603,#611,#613,.T.);
#611 = VERTEX_POINT('',#612);
#612 = CARTESIAN_POINT('',(-1.5,1.25,0.65));
#613 = LINE('',#614,#615);
#614 = CARTESIAN_POINT('',(-1.5,1.25,0.));
#615 = VECTOR('',#616,1.);
#616 = DIRECTION('',(0.,0.,1.));
#617 = ORIENTED_EDGE('',*,*,#618,.F.);
#618 = EDGE_CURVE('',#619,#611,#621,.T.);
#619 = VERTEX_POINT('',#620);
#620 = CARTESIAN_POINT('',(-1.5,1.1,0.971676038076));
#621 = LINE('',#622,#623);
#622 = CARTESIAN_POINT('',(-1.5,1.299482222007,0.543885032464));
#623 = VECTOR('',#624,1.);
#624 = DIRECTION('',(0.,0.422618261741,-0.906307787037));
#625 = ORIENTED_EDGE('',*,*,#626,.T.);
#626 = EDGE_CURVE('',#619,#627,#629,.T.);
#627 = VERTEX_POINT('',#628);
#628 = CARTESIAN_POINT('',(-1.5,1.1,1.05));
#629 = LINE('',#630,#631);
#630 = CARTESIAN_POINT('',(-1.5,1.1,0.485838019038));
#631 = VECTOR('',#632,1.);
#632 = DIRECTION('',(0.,2.83E-15,1.));
#633 = ORIENTED_EDGE('',*,*,#634,.T.);
#634 = EDGE_CURVE('',#627,#459,#635,.T.);
#635 = LINE('',#636,#637);
#636 = CARTESIAN_POINT('',(-1.5,1.25,1.05));
#637 = VECTOR('',#638,1.);
#638 = DIRECTION('',(0.,-1.,0.));
#639 = ORIENTED_EDGE('',*,*,#466,.F.);
#640 = ORIENTED_EDGE('',*,*,#641,.T.);
#641 = EDGE_CURVE('',#467,#642,#644,.T.);
#642 = VERTEX_POINT('',#643);
#643 = CARTESIAN_POINT('',(-1.5,-1.25,0.65));
#644 = LINE('',#645,#646);
#645 = CARTESIAN_POINT('',(-1.5,-1.076224478061,1.022662809414));
#646 = VECTOR('',#647,1.);
#647 = DIRECTION('',(0.,-0.422618261741,-0.906307787037));
#648 = ORIENTED_EDGE('',*,*,#649,.F.);
#649 = EDGE_CURVE('',#650,#642,#652,.T.);
#650 = VERTEX_POINT('',#651);
#651 = CARTESIAN_POINT('',(-1.5,-1.25,0.5));
#652 = LINE('',#653,#654);
#653 = CARTESIAN_POINT('',(-1.5,-1.25,0.));
#654 = VECTOR('',#655,1.);
#655 = DIRECTION('',(0.,0.,1.));
#656 = ORIENTED_EDGE('',*,*,#657,.T.);
#657 = EDGE_CURVE('',#650,#546,#658,.T.);
#658 = LINE('',#659,#660);
#659 = CARTESIAN_POINT('',(-1.5,-1.1,0.5));
#660 = VECTOR('',#661,1.);
#661 = DIRECTION('',(0.,1.,-2.2E-16));
#662 = ORIENTED_EDGE('',*,*,#545,.T.);
#663 = ORIENTED_EDGE('',*,*,#297,.F.);
#664 = ORIENTED_EDGE('',*,*,#665,.T.);
#665 = EDGE_CURVE('',#290,#666,#668,.T.);
#666 = VERTEX_POINT('',#667);
#667 = CARTESIAN_POINT('',(-1.5,-0.7,0.1));
#668 = LINE('',#669,#670);
#669 = CARTESIAN_POINT('',(-1.5,-0.7,0.));
#670 = VECTOR('',#671,1.);
#671 = DIRECTION('',(0.,0.,1.));
#672 = ORIENTED_EDGE('',*,*,#673,.T.);
#673 = EDGE_CURVE('',#666,#674,#676,.T.);
#674 = VERTEX_POINT('',#675);
#675 = CARTESIAN_POINT('',(-1.5,0.7,0.1));
#676 = LINE('',#677,#678);
#677 = CARTESIAN_POINT('',(-1.5,-0.7,0.1));
#678 = VECTOR('',#679,1.);
#679 = DIRECTION('',(0.,1.,0.));
#680 = ORIENTED_EDGE('',*,*,#681,.F.);
#681 = EDGE_CURVE('',#266,#674,#682,.T.);
#682 = LINE('',#683,#684);
#683 = CARTESIAN_POINT('',(-1.5,0.7,0.));
#684 = VECTOR('',#685,1.);
#685 = DIRECTION('',(0.,0.,1.));
#686 = PLANE('',#687);
#687 = AXIS2_PLACEMENT_3D('',#688,#689,#690);
#688 = CARTESIAN_POINT('',(-1.5,1.25,0.));
#689 = DIRECTION('',(1.,0.,0.));
#690 = DIRECTION('',(0.,-1.,0.));
#691 = ADVANCED_FACE('',(#692),#710,.F.);
#692 = FACE_BOUND('',#693,.F.);
#693 = EDGE_LOOP('',(#694,#702,#703,#704));
#694 = ORIENTED_EDGE('',*,*,#695,.T.);
#695 = EDGE_CURVE('',#696,#146,#698,.T.);
#696 = VERTEX_POINT('',#697);
#697 = CARTESIAN_POINT('',(1.5,-0.85,0.5));
#698 = LINE('',#699,#700);
#699 = CARTESIAN_POINT('',(1.5,-0.85,0.5));
#700 = VECTOR('',#701,1.);
#701 = DIRECTION('',(2.2E-16,0.,-1.));
#702 = ORIENTED_EDGE('',*,*,#145,.T.);
#703 = ORIENTED_EDGE('',*,*,#570,.T.);
#704 = ORIENTED_EDGE('',*,*,#705,.T.);
#705 = EDGE_CURVE('',#571,#696,#706,.T.);
#706 = LINE('',#707,#708);
#707 = CARTESIAN_POINT('',(1.15,-0.85,0.5));
#708 = VECTOR('',#709,1.);
#709 = DIRECTION('',(1.,-2.2E-16,2.2E-16));
#710 = PLANE('',#711);
#711 = AXIS2_PLACEMENT_3D('',#712,#713,#714);
#712 = CARTESIAN_POINT('',(1.325,-0.85,0.25));
#713 = DIRECTION('',(2.2E-16,1.,-4.4E-16));
#714 = DIRECTION('',(2.2E-16,-4.4E-16,-1.));
#715 = ADVANCED_FACE('',(#716),#734,.F.);
#716 = FACE_BOUND('',#717,.F.);
#717 = EDGE_LOOP('',(#718,#726,#732,#733));
#718 = ORIENTED_EDGE('',*,*,#719,.T.);
#719 = EDGE_CURVE('',#282,#720,#722,.T.);
#720 = VERTEX_POINT('',#721);
#721 = CARTESIAN_POINT('',(-1.4,-0.7,0.1));
#722 = LINE('',#723,#724);
#723 = CARTESIAN_POINT('',(-1.4,-0.7,0.));
#724 = VECTOR('',#725,1.);
#725 = DIRECTION('',(0.,0.,1.));
#726 = ORIENTED_EDGE('',*,*,#727,.T.);
#727 = EDGE_CURVE('',#720,#666,#728,.T.);
#728 = LINE('',#729,#730);
#729 = CARTESIAN_POINT('',(-1.4,-0.7,0.1));
#730 = VECTOR('',#731,1.);
#731 = DIRECTION('',(-1.,0.,0.));
#732 = ORIENTED_EDGE('',*,*,#665,.F.);
#733 = ORIENTED_EDGE('',*,*,#289,.F.);
#734 = PLANE('',#735);
#735 = AXIS2_PLACEMENT_3D('',#736,#737,#738);
#736 = CARTESIAN_POINT('',(-1.4,-0.7,0.));
#737 = DIRECTION('',(0.,-1.,0.));
#738 = DIRECTION('',(-1.,0.,0.));
#739 = ADVANCED_FACE('',(#740),#836,.F.);
#740 = FACE_BOUND('',#741,.F.);
#741 = EDGE_LOOP('',(#742,#750,#758,#764,#765,#773,#781,#789,#797,#805,
    #811,#812,#820,#828,#834,#835));
#742 = ORIENTED_EDGE('',*,*,#743,.F.);
#743 = EDGE_CURVE('',#744,#696,#746,.T.);
#744 = VERTEX_POINT('',#745);
#745 = CARTESIAN_POINT('',(1.5,-1.25,0.5));
#746 = LINE('',#747,#748);
#747 = CARTESIAN_POINT('',(1.5,-1.25,0.5));
#748 = VECTOR('',#749,1.);
#749 = DIRECTION('',(2.2E-16,1.,-2.2E-16));
#750 = ORIENTED_EDGE('',*,*,#751,.T.);
#751 = EDGE_CURVE('',#744,#752,#754,.T.);
#752 = VERTEX_POINT('',#753);
#753 = CARTESIAN_POINT('',(1.5,-1.25,0.65));
#754 = LINE('',#755,#756);
#755 = CARTESIAN_POINT('',(1.5,-1.25,0.));
#756 = VECTOR('',#757,1.);
#757 = DIRECTION('',(0.,0.,1.));
#758 = ORIENTED_EDGE('',*,*,#759,.T.);
#759 = EDGE_CURVE('',#752,#443,#760,.T.);
#760 = LINE('',#761,#762);
#761 = CARTESIAN_POINT('',(1.5,-1.299482222007,0.543885032464));
#762 = VECTOR('',#763,1.);
#763 = DIRECTION('',(0.,0.422618261741,0.906307787037));
#764 = ORIENTED_EDGE('',*,*,#450,.F.);
#765 = ORIENTED_EDGE('',*,*,#766,.T.);
#766 = EDGE_CURVE('',#451,#767,#769,.T.);
#767 = VERTEX_POINT('',#768);
#768 = CARTESIAN_POINT('',(1.5,1.1,1.05));
#769 = LINE('',#770,#771);
#770 = CARTESIAN_POINT('',(1.5,-1.25,1.05));
#771 = VECTOR('',#772,1.);
#772 = DIRECTION('',(0.,1.,0.));
#773 = ORIENTED_EDGE('',*,*,#774,.T.);
#774 = EDGE_CURVE('',#767,#775,#777,.T.);
#775 = VERTEX_POINT('',#776);
#776 = CARTESIAN_POINT('',(1.5,1.1,0.971676038076));
#777 = LINE('',#778,#779);
#778 = CARTESIAN_POINT('',(1.5,1.1,0.485838019038));
#779 = VECTOR('',#780,1.);
#780 = DIRECTION('',(-0.,-2.83E-15,-1.));
#781 = ORIENTED_EDGE('',*,*,#782,.F.);
#782 = EDGE_CURVE('',#783,#775,#785,.T.);
#783 = VERTEX_POINT('',#784);
#784 = CARTESIAN_POINT('',(1.5,1.25,0.65));
#785 = LINE('',#786,#787);
#786 = CARTESIAN_POINT('',(1.5,1.076224478061,1.022662809414));
#787 = VECTOR('',#788,1.);
#788 = DIRECTION('',(0.,-0.422618261741,0.906307787037));
#789 = ORIENTED_EDGE('',*,*,#790,.F.);
#790 = EDGE_CURVE('',#791,#783,#793,.T.);
#791 = VERTEX_POINT('',#792);
#792 = CARTESIAN_POINT('',(1.5,1.25,0.5));
#793 = LINE('',#794,#795);
#794 = CARTESIAN_POINT('',(1.5,1.25,0.));
#795 = VECTOR('',#796,1.);
#796 = DIRECTION('',(0.,0.,1.));
#797 = ORIENTED_EDGE('',*,*,#798,.T.);
#798 = EDGE_CURVE('',#791,#799,#801,.T.);
#799 = VERTEX_POINT('',#800);
#800 = CARTESIAN_POINT('',(1.5,0.85,0.5));
#801 = LINE('',#802,#803);
#802 = CARTESIAN_POINT('',(1.5,1.1,0.5));
#803 = VECTOR('',#804,1.);
#804 = DIRECTION('',(2.2E-16,-1.,-6.7E-16));
#805 = ORIENTED_EDGE('',*,*,#806,.T.);
#806 = EDGE_CURVE('',#799,#186,#807,.T.);
#807 = LINE('',#808,#809);
#808 = CARTESIAN_POINT('',(1.5,0.85,0.5));
#809 = VECTOR('',#810,1.);
#810 = DIRECTION('',(0.,0.,-1.));
#811 = ORIENTED_EDGE('',*,*,#185,.F.);
#812 = ORIENTED_EDGE('',*,*,#813,.T.);
#813 = EDGE_CURVE('',#178,#814,#816,.T.);
#814 = VERTEX_POINT('',#815);
#815 = CARTESIAN_POINT('',(1.5,0.7,0.1));
#816 = LINE('',#817,#818);
#817 = CARTESIAN_POINT('',(1.5,0.7,0.));
#818 = VECTOR('',#819,1.);
#819 = DIRECTION('',(0.,0.,1.));
#820 = ORIENTED_EDGE('',*,*,#821,.F.);
#821 = EDGE_CURVE('',#822,#814,#824,.T.);
#822 = VERTEX_POINT('',#823);
#823 = CARTESIAN_POINT('',(1.5,-0.7,0.1));
#824 = LINE('',#825,#826);
#825 = CARTESIAN_POINT('',(1.5,-0.7,0.1));
#826 = VECTOR('',#827,1.);
#827 = DIRECTION('',(0.,1.,0.));
#828 = ORIENTED_EDGE('',*,*,#829,.F.);
#829 = EDGE_CURVE('',#154,#822,#830,.T.);
#830 = LINE('',#831,#832);
#831 = CARTESIAN_POINT('',(1.5,-0.7,0.));
#832 = VECTOR('',#833,1.);
#833 = DIRECTION('',(0.,0.,1.));
#834 = ORIENTED_EDGE('',*,*,#153,.F.);
#835 = ORIENTED_EDGE('',*,*,#695,.F.);
#836 = PLANE('',#837);
#837 = AXIS2_PLACEMENT_3D('',#838,#839,#840);
#838 = CARTESIAN_POINT('',(1.5,-1.25,0.));
#839 = DIRECTION('',(-1.,0.,0.));
#840 = DIRECTION('',(0.,1.,0.));
#841 = ADVANCED_FACE('',(#842),#860,.F.);
#842 = FACE_BOUND('',#843,.F.);
#843 = EDGE_LOOP('',(#844,#852,#858,#859));
#844 = ORIENTED_EDGE('',*,*,#845,.T.);
#845 = EDGE_CURVE('',#274,#846,#848,.T.);
#846 = VERTEX_POINT('',#847);
#847 = CARTESIAN_POINT('',(-1.4,0.7,0.1));
#848 = LINE('',#849,#850);
#849 = CARTESIAN_POINT('',(-1.4,0.7,0.));
#850 = VECTOR('',#851,1.);
#851 = DIRECTION('',(0.,0.,1.));
#852 = ORIENTED_EDGE('',*,*,#853,.T.);
#853 = EDGE_CURVE('',#846,#720,#854,.T.);
#854 = LINE('',#855,#856);
#855 = CARTESIAN_POINT('',(-1.4,0.7,0.1));
#856 = VECTOR('',#857,1.);
#857 = DIRECTION('',(0.,-1.,0.));
#858 = ORIENTED_EDGE('',*,*,#719,.F.);
#859 = ORIENTED_EDGE('',*,*,#281,.F.);
#860 = PLANE('',#861);
#861 = AXIS2_PLACEMENT_3D('',#862,#863,#864);
#862 = CARTESIAN_POINT('',(-1.4,0.7,0.));
#863 = DIRECTION('',(1.,0.,0.));
#864 = DIRECTION('',(0.,-1.,0.));
#865 = ADVANCED_FACE('',(#866),#884,.T.);
#866 = FACE_BOUND('',#867,.T.);
#867 = EDGE_LOOP('',(#868,#876,#882,#883));
#868 = ORIENTED_EDGE('',*,*,#869,.T.);
#869 = EDGE_CURVE('',#162,#870,#872,.T.);
#870 = VERTEX_POINT('',#871);
#871 = CARTESIAN_POINT('',(1.4,-0.7,0.1));
#872 = LINE('',#873,#874);
#873 = CARTESIAN_POINT('',(1.4,-0.7,0.));
#874 = VECTOR('',#875,1.);
#875 = DIRECTION('',(0.,0.,1.));
#876 = ORIENTED_EDGE('',*,*,#877,.T.);
#877 = EDGE_CURVE('',#870,#822,#878,.T.);
#878 = LINE('',#879,#880);
#879 = CARTESIAN_POINT('',(1.4,-0.7,0.1));
#880 = VECTOR('',#881,1.);
#881 = DIRECTION('',(1.,0.,0.));
#882 = ORIENTED_EDGE('',*,*,#829,.F.);
#883 = ORIENTED_EDGE('',*,*,#161,.F.);
#884 = PLANE('',#885);
#885 = AXIS2_PLACEMENT_3D('',#886,#887,#888);
#886 = CARTESIAN_POINT('',(1.4,-0.7,0.));
#887 = DIRECTION('',(0.,1.,0.));
#888 = DIRECTION('',(1.,0.,0.));
#889 = ADVANCED_FACE('',(#890),#901,.F.);
#890 = FACE_BOUND('',#891,.F.);
#891 = EDGE_LOOP('',(#892,#893,#899,#900));
#892 = ORIENTED_EDGE('',*,*,#681,.T.);
#893 = ORIENTED_EDGE('',*,*,#894,.T.);
#894 = EDGE_CURVE('',#674,#846,#895,.T.);
#895 = LINE('',#896,#897);
#896 = CARTESIAN_POINT('',(-1.5,0.7,0.1));
#897 = VECTOR('',#898,1.);
#898 = DIRECTION('',(1.,0.,0.));
#899 = ORIENTED_EDGE('',*,*,#845,.F.);
#900 = ORIENTED_EDGE('',*,*,#273,.F.);
#901 = PLANE('',#902);
#902 = AXIS2_PLACEMENT_3D('',#903,#904,#905);
#903 = CARTESIAN_POINT('',(-1.5,0.7,0.));
#904 = DIRECTION('',(0.,1.,0.));
#905 = DIRECTION('',(1.,0.,0.));
#906 = ADVANCED_FACE('',(#907),#925,.T.);
#907 = FACE_BOUND('',#908,.T.);
#908 = EDGE_LOOP('',(#909,#917,#923,#924));
#909 = ORIENTED_EDGE('',*,*,#910,.T.);
#910 = EDGE_CURVE('',#170,#911,#913,.T.);
#911 = VERTEX_POINT('',#912);
#912 = CARTESIAN_POINT('',(1.4,0.7,0.1));
#913 = LINE('',#914,#915);
#914 = CARTESIAN_POINT('',(1.4,0.7,0.));
#915 = VECTOR('',#916,1.);
#916 = DIRECTION('',(0.,0.,1.));
#917 = ORIENTED_EDGE('',*,*,#918,.T.);
#918 = EDGE_CURVE('',#911,#870,#919,.T.);
#919 = LINE('',#920,#921);
#920 = CARTESIAN_POINT('',(1.4,0.7,0.1));
#921 = VECTOR('',#922,1.);
#922 = DIRECTION('',(0.,-1.,0.));
#923 = ORIENTED_EDGE('',*,*,#869,.F.);
#924 = ORIENTED_EDGE('',*,*,#169,.F.);
#925 = PLANE('',#926);
#926 = AXIS2_PLACEMENT_3D('',#927,#928,#929);
#927 = CARTESIAN_POINT('',(1.4,0.7,0.));
#928 = DIRECTION('',(1.,0.,0.));
#929 = DIRECTION('',(0.,-1.,0.));
#930 = ADVANCED_FACE('',(#931),#942,.T.);
#931 = FACE_BOUND('',#932,.T.);
#932 = EDGE_LOOP('',(#933,#934,#940,#941));
#933 = ORIENTED_EDGE('',*,*,#813,.T.);
#934 = ORIENTED_EDGE('',*,*,#935,.T.);
#935 = EDGE_CURVE('',#814,#911,#936,.T.);
#936 = LINE('',#937,#938);
#937 = CARTESIAN_POINT('',(1.5,0.7,0.1));
#938 = VECTOR('',#939,1.);
#939 = DIRECTION('',(-1.,0.,0.));
#940 = ORIENTED_EDGE('',*,*,#910,.F.);
#941 = ORIENTED_EDGE('',*,*,#177,.F.);
#942 = PLANE('',#943);
#943 = AXIS2_PLACEMENT_3D('',#944,#945,#946);
#944 = CARTESIAN_POINT('',(1.5,0.7,0.));
#945 = DIRECTION('',(0.,-1.,0.));
#946 = DIRECTION('',(-1.,0.,0.));
#947 = ADVANCED_FACE('',(#948),#966,.F.);
#948 = FACE_BOUND('',#949,.F.);
#949 = EDGE_LOOP('',(#950,#951,#952,#960));
#950 = ORIENTED_EDGE('',*,*,#594,.T.);
#951 = ORIENTED_EDGE('',*,*,#257,.T.);
#952 = ORIENTED_EDGE('',*,*,#953,.T.);
#953 = EDGE_CURVE('',#250,#954,#956,.T.);
#954 = VERTEX_POINT('',#955);
#955 = CARTESIAN_POINT('',(-1.15,0.85,0.5));
#956 = LINE('',#957,#958);
#957 = CARTESIAN_POINT('',(-1.15,0.85,7.5E-16));
#958 = VECTOR('',#959,1.);
#959 = DIRECTION('',(0.,-8.9E-16,1.));
#960 = ORIENTED_EDGE('',*,*,#961,.T.);
#961 = EDGE_CURVE('',#954,#595,#962,.T.);
#962 = LINE('',#963,#964);
#963 = CARTESIAN_POINT('',(-1.15,0.85,0.5));
#964 = VECTOR('',#965,1.);
#965 = DIRECTION('',(-1.,0.,0.));
#966 = PLANE('',#967);
#967 = AXIS2_PLACEMENT_3D('',#968,#969,#970);
#968 = CARTESIAN_POINT('',(-1.325,0.85,0.25));
#969 = DIRECTION('',(-0.,-1.,-8.9E-16));
#970 = DIRECTION('',(0.,8.9E-16,-1.));
#971 = ADVANCED_FACE('',(#972),#990,.F.);
#972 = FACE_BOUND('',#973,.T.);
#973 = EDGE_LOOP('',(#974,#975,#976,#984));
#974 = ORIENTED_EDGE('',*,*,#249,.T.);
#975 = ORIENTED_EDGE('',*,*,#953,.T.);
#976 = ORIENTED_EDGE('',*,*,#977,.F.);
#977 = EDGE_CURVE('',#978,#954,#980,.T.);
#978 = VERTEX_POINT('',#979);
#979 = CARTESIAN_POINT('',(-1.15,1.1,0.5));
#980 = LINE('',#981,#982);
#981 = CARTESIAN_POINT('',(-1.15,1.1,0.5));
#982 = VECTOR('',#983,1.);
#983 = DIRECTION('',(-0.,-1.,-6.7E-16));
#984 = ORIENTED_EDGE('',*,*,#985,.F.);
#985 = EDGE_CURVE('',#242,#978,#986,.T.);
#986 = LINE('',#987,#988);
#987 = CARTESIAN_POINT('',(-1.15,1.1,9.8E-16));
#988 = VECTOR('',#989,1.);
#989 = DIRECTION('',(0.,-8.9E-16,1.));
#990 = PLANE('',#991);
#991 = AXIS2_PLACEMENT_3D('',#992,#993,#994);
#992 = CARTESIAN_POINT('',(-1.15,1.1,4.9E-16));
#993 = DIRECTION('',(1.,0.,0.));
#994 = DIRECTION('',(0.,6.7E-16,-1.));
#995 = ADVANCED_FACE('',(#996),#1014,.F.);
#996 = FACE_BOUND('',#997,.T.);
#997 = EDGE_LOOP('',(#998,#999,#1000,#1008));
#998 = ORIENTED_EDGE('',*,*,#806,.T.);
#999 = ORIENTED_EDGE('',*,*,#193,.T.);
#1000 = ORIENTED_EDGE('',*,*,#1001,.T.);
#1001 = EDGE_CURVE('',#194,#1002,#1004,.T.);
#1002 = VERTEX_POINT('',#1003);
#1003 = CARTESIAN_POINT('',(1.15,0.85,0.5));
#1004 = LINE('',#1005,#1006);
#1005 = CARTESIAN_POINT('',(1.15,0.85,0.));
#1006 = VECTOR('',#1007,1.);
#1007 = DIRECTION('',(0.,0.,1.));
#1008 = ORIENTED_EDGE('',*,*,#1009,.T.);
#1009 = EDGE_CURVE('',#1002,#799,#1010,.T.);
#1010 = LINE('',#1011,#1012);
#1011 = CARTESIAN_POINT('',(1.15,0.85,0.5));
#1012 = VECTOR('',#1013,1.);
#1013 = DIRECTION('',(1.,0.,0.));
#1014 = PLANE('',#1015);
#1015 = AXIS2_PLACEMENT_3D('',#1016,#1017,#1018);
#1016 = CARTESIAN_POINT('',(1.325,0.85,0.25));
#1017 = DIRECTION('',(0.,-1.,-4.4E-16));
#1018 = DIRECTION('',(0.,-4.4E-16,1.));
#1019 = ADVANCED_FACE('',(#1020),#1107,.T.);
#1020 = FACE_BOUND('',#1021,.T.);
#1021 = EDGE_LOOP('',(#1022,#1030,#1038,#1046,#1052,#1053,#1061,#1069,
    #1075,#1076,#1077,#1085,#1093,#1099,#1100,#1106));
#1022 = ORIENTED_EDGE('',*,*,#1023,.T.);
#1023 = EDGE_CURVE('',#775,#1024,#1026,.T.);
#1024 = VERTEX_POINT('',#1025);
#1025 = CARTESIAN_POINT('',(1.25,1.1,0.971676038076));
#1026 = LINE('',#1027,#1028);
#1027 = CARTESIAN_POINT('',(4.08426067361,1.1,0.971676038076));
#1028 = VECTOR('',#1029,1.);
#1029 = DIRECTION('',(-1.,0.,0.));
#1030 = ORIENTED_EDGE('',*,*,#1031,.T.);
#1031 = EDGE_CURVE('',#1024,#1032,#1034,.T.);
#1032 = VERTEX_POINT('',#1033);
#1033 = CARTESIAN_POINT('',(1.25,1.1,0.5));
#1034 = LINE('',#1035,#1036);
#1035 = CARTESIAN_POINT('',(1.25,1.1,1.05));
#1036 = VECTOR('',#1037,1.);
#1037 = DIRECTION('',(0.,0.,-1.));
#1038 = ORIENTED_EDGE('',*,*,#1039,.F.);
#1039 = EDGE_CURVE('',#1040,#1032,#1042,.T.);
#1040 = VERTEX_POINT('',#1041);
#1041 = CARTESIAN_POINT('',(1.15,1.1,0.5));
#1042 = LINE('',#1043,#1044);
#1043 = CARTESIAN_POINT('',(1.15,1.1,0.5));
#1044 = VECTOR('',#1045,1.);
#1045 = DIRECTION('',(1.,0.,0.));
#1046 = ORIENTED_EDGE('',*,*,#1047,.F.);
#1047 = EDGE_CURVE('',#202,#1040,#1048,.T.);
#1048 = LINE('',#1049,#1050);
#1049 = CARTESIAN_POINT('',(1.15,1.1,0.));
#1050 = VECTOR('',#1051,1.);
#1051 = DIRECTION('',(0.,0.,1.));
#1052 = ORIENTED_EDGE('',*,*,#209,.T.);
#1053 = ORIENTED_EDGE('',*,*,#1054,.T.);
#1054 = EDGE_CURVE('',#210,#1055,#1057,.T.);
#1055 = VERTEX_POINT('',#1056);
#1056 = CARTESIAN_POINT('',(0.85,1.1,0.55));
#1057 = LINE('',#1058,#1059);
#1058 = CARTESIAN_POINT('',(0.85,1.1,0.));
#1059 = VECTOR('',#1060,1.);
#1060 = DIRECTION('',(0.,0.,1.));
#1061 = ORIENTED_EDGE('',*,*,#1062,.F.);
#1062 = EDGE_CURVE('',#1063,#1055,#1065,.T.);
#1063 = VERTEX_POINT('',#1064);
#1064 = CARTESIAN_POINT('',(-0.85,1.1,0.55));
#1065 = LINE('',#1066,#1067);
#1066 = CARTESIAN_POINT('',(-0.85,1.1,0.55));
#1067 = VECTOR('',#1068,1.);
#1068 = DIRECTION('',(1.,0.,0.));
#1069 = ORIENTED_EDGE('',*,*,#1070,.F.);
#1070 = EDGE_CURVE('',#234,#1063,#1071,.T.);
#1071 = LINE('',#1072,#1073);
#1072 = CARTESIAN_POINT('',(-0.85,1.1,9.8E-16));
#1073 = VECTOR('',#1074,1.);
#1074 = DIRECTION('',(0.,-8.9E-16,1.));
#1075 = ORIENTED_EDGE('',*,*,#241,.F.);
#1076 = ORIENTED_EDGE('',*,*,#985,.T.);
#1077 = ORIENTED_EDGE('',*,*,#1078,.T.);
#1078 = EDGE_CURVE('',#978,#1079,#1081,.T.);
#1079 = VERTEX_POINT('',#1080);
#1080 = CARTESIAN_POINT('',(-1.25,1.1,0.5));
#1081 = LINE('',#1082,#1083);
#1082 = CARTESIAN_POINT('',(-1.15,1.1,0.5));
#1083 = VECTOR('',#1084,1.);
#1084 = DIRECTION('',(-1.,0.,0.));
#1085 = ORIENTED_EDGE('',*,*,#1086,.F.);
#1086 = EDGE_CURVE('',#1087,#1079,#1089,.T.);
#1087 = VERTEX_POINT('',#1088);
#1088 = CARTESIAN_POINT('',(-1.25,1.1,0.971676038076));
#1089 = LINE('',#1090,#1091);
#1090 = CARTESIAN_POINT('',(-1.25,1.1,1.05));
#1091 = VECTOR('',#1092,1.);
#1092 = DIRECTION('',(-0.,8.9E-16,-1.));
#1093 = ORIENTED_EDGE('',*,*,#1094,.T.);
#1094 = EDGE_CURVE('',#1087,#619,#1095,.T.);
#1095 = LINE('',#1096,#1097);
#1096 = CARTESIAN_POINT('',(4.08426067361,1.1,0.971676038076));
#1097 = VECTOR('',#1098,1.);
#1098 = DIRECTION('',(-1.,0.,0.));
#1099 = ORIENTED_EDGE('',*,*,#626,.T.);
#1100 = ORIENTED_EDGE('',*,*,#1101,.F.);
#1101 = EDGE_CURVE('',#767,#627,#1102,.T.);
#1102 = LINE('',#1103,#1104);
#1103 = CARTESIAN_POINT('',(4.08426067361,1.1,1.05));
#1104 = VECTOR('',#1105,1.);
#1105 = DIRECTION('',(-1.,0.,0.));
#1106 = ORIENTED_EDGE('',*,*,#774,.T.);
#1107 = PLANE('',#1108);
#1108 = AXIS2_PLACEMENT_3D('',#1109,#1110,#1111);
#1109 = CARTESIAN_POINT('',(-8.E-17,1.1,0.660417175982));
#1110 = DIRECTION('',(0.,1.,5.E-16));
#1111 = DIRECTION('',(0.,-5.E-16,1.));
#1112 = ADVANCED_FACE('',(#1113),#1124,.F.);
#1113 = FACE_BOUND('',#1114,.F.);
#1114 = EDGE_LOOP('',(#1115,#1116,#1117,#1123));
#1115 = ORIENTED_EDGE('',*,*,#201,.T.);
#1116 = ORIENTED_EDGE('',*,*,#1001,.T.);
#1117 = ORIENTED_EDGE('',*,*,#1118,.F.);
#1118 = EDGE_CURVE('',#1040,#1002,#1119,.T.);
#1119 = LINE('',#1120,#1121);
#1120 = CARTESIAN_POINT('',(1.15,1.1,0.5));
#1121 = VECTOR('',#1122,1.);
#1122 = DIRECTION('',(0.,-1.,-2.2E-16));
#1123 = ORIENTED_EDGE('',*,*,#1047,.F.);
#1124 = PLANE('',#1125);
#1125 = AXIS2_PLACEMENT_3D('',#1126,#1127,#1128);
#1126 = CARTESIAN_POINT('',(1.15,1.1,0.));
#1127 = DIRECTION('',(-1.,0.,0.));
#1128 = DIRECTION('',(0.,-2.2E-16,1.));
#1129 = ADVANCED_FACE('',(#1130),#1148,.F.);
#1130 = FACE_BOUND('',#1131,.T.);
#1131 = EDGE_LOOP('',(#1132,#1133,#1134,#1142));
#1132 = ORIENTED_EDGE('',*,*,#233,.T.);
#1133 = ORIENTED_EDGE('',*,*,#1070,.T.);
#1134 = ORIENTED_EDGE('',*,*,#1135,.F.);
#1135 = EDGE_CURVE('',#1136,#1063,#1138,.T.);
#1136 = VERTEX_POINT('',#1137);
#1137 = CARTESIAN_POINT('',(-0.85,1.25,0.55));
#1138 = LINE('',#1139,#1140);
#1139 = CARTESIAN_POINT('',(-0.85,1.25,0.55));
#1140 = VECTOR('',#1141,1.);
#1141 = DIRECTION('',(-0.,-1.,-6.7E-16));
#1142 = ORIENTED_EDGE('',*,*,#1143,.F.);
#1143 = EDGE_CURVE('',#226,#1136,#1144,.T.);
#1144 = LINE('',#1145,#1146);
#1145 = CARTESIAN_POINT('',(-0.85,1.25,1.11E-15));
#1146 = VECTOR('',#1147,1.);
#1147 = DIRECTION('',(0.,-8.9E-16,1.));
#1148 = PLANE('',#1149);
#1149 = AXIS2_PLACEMENT_3D('',#1150,#1151,#1152);
#1150 = CARTESIAN_POINT('',(-0.85,1.25,5.6E-16));
#1151 = DIRECTION('',(1.,0.,0.));
#1152 = DIRECTION('',(0.,6.7E-16,-1.));
#1153 = ADVANCED_FACE('',(#1154),#1172,.F.);
#1154 = FACE_BOUND('',#1155,.F.);
#1155 = EDGE_LOOP('',(#1156,#1157,#1165,#1171));
#1156 = ORIENTED_EDGE('',*,*,#225,.F.);
#1157 = ORIENTED_EDGE('',*,*,#1158,.T.);
#1158 = EDGE_CURVE('',#218,#1159,#1161,.T.);
#1159 = VERTEX_POINT('',#1160);
#1160 = CARTESIAN_POINT('',(0.85,1.25,0.55));
#1161 = LINE('',#1162,#1163);
#1162 = CARTESIAN_POINT('',(0.85,1.25,0.));
#1163 = VECTOR('',#1164,1.);
#1164 = DIRECTION('',(0.,0.,1.));
#1165 = ORIENTED_EDGE('',*,*,#1166,.F.);
#1166 = EDGE_CURVE('',#1136,#1159,#1167,.T.);
#1167 = LINE('',#1168,#1169);
#1168 = CARTESIAN_POINT('',(-0.85,1.25,0.55));
#1169 = VECTOR('',#1170,1.);
#1170 = DIRECTION('',(1.,0.,0.));
#1171 = ORIENTED_EDGE('',*,*,#1143,.F.);
#1172 = PLANE('',#1173);
#1173 = AXIS2_PLACEMENT_3D('',#1174,#1175,#1176);
#1174 = CARTESIAN_POINT('',(1.5,1.25,0.));
#1175 = DIRECTION('',(0.,-1.,0.));
#1176 = DIRECTION('',(-1.,0.,0.));
#1177 = ADVANCED_FACE('',(#1178),#1189,.F.);
#1178 = FACE_BOUND('',#1179,.F.);
#1179 = EDGE_LOOP('',(#1180,#1181,#1182,#1188));
#1180 = ORIENTED_EDGE('',*,*,#217,.T.);
#1181 = ORIENTED_EDGE('',*,*,#1054,.T.);
#1182 = ORIENTED_EDGE('',*,*,#1183,.F.);
#1183 = EDGE_CURVE('',#1159,#1055,#1184,.T.);
#1184 = LINE('',#1185,#1186);
#1185 = CARTESIAN_POINT('',(0.85,1.25,0.55));
#1186 = VECTOR('',#1187,1.);
#1187 = DIRECTION('',(0.,-1.,-2.2E-16));
#1188 = ORIENTED_EDGE('',*,*,#1158,.F.);
#1189 = PLANE('',#1190);
#1190 = AXIS2_PLACEMENT_3D('',#1191,#1192,#1193);
#1191 = CARTESIAN_POINT('',(0.85,1.25,0.));
#1192 = DIRECTION('',(-1.,0.,0.));
#1193 = DIRECTION('',(0.,-2.2E-16,1.));
#1194 = ADVANCED_FACE('',(#1195),#1201,.T.);
#1195 = FACE_BOUND('',#1196,.T.);
#1196 = EDGE_LOOP('',(#1197,#1198,#1199,#1200));
#1197 = ORIENTED_EDGE('',*,*,#506,.T.);
#1198 = ORIENTED_EDGE('',*,*,#403,.T.);
#1199 = ORIENTED_EDGE('',*,*,#347,.F.);
#1200 = ORIENTED_EDGE('',*,*,#371,.F.);
#1201 = PLANE('',#1202);
#1202 = AXIS2_PLACEMENT_3D('',#1203,#1204,#1205);
#1203 = CARTESIAN_POINT('',(-1.6E-16,-1.175,0.55));
#1204 = DIRECTION('',(0.,0.,1.));
#1205 = DIRECTION('',(1.,0.,0.));
#1206 = ADVANCED_FACE('',(#1207),#1227,.T.);
#1207 = FACE_BOUND('',#1208,.T.);
#1208 = EDGE_LOOP('',(#1209,#1217,#1218,#1219,#1220,#1221));
#1209 = ORIENTED_EDGE('',*,*,#1210,.T.);
#1210 = EDGE_CURVE('',#1211,#427,#1213,.T.);
#1211 = VERTEX_POINT('',#1212);
#1212 = CARTESIAN_POINT('',(1.25,-1.25,0.5));
#1213 = LINE('',#1214,#1215);
#1214 = CARTESIAN_POINT('',(1.25,-1.25,0.5));
#1215 = VECTOR('',#1216,1.);
#1216 = DIRECTION('',(2.2E-16,1.,-2.2E-16));
#1217 = ORIENTED_EDGE('',*,*,#426,.F.);
#1218 = ORIENTED_EDGE('',*,*,#578,.T.);
#1219 = ORIENTED_EDGE('',*,*,#705,.T.);
#1220 = ORIENTED_EDGE('',*,*,#743,.F.);
#1221 = ORIENTED_EDGE('',*,*,#1222,.F.);
#1222 = EDGE_CURVE('',#1211,#744,#1223,.T.);
#1223 = LINE('',#1224,#1225);
#1224 = CARTESIAN_POINT('',(1.25,-1.25,0.5));
#1225 = VECTOR('',#1226,1.);
#1226 = DIRECTION('',(1.,-2.2E-16,2.2E-16));
#1227 = PLANE('',#1228);
#1228 = AXIS2_PLACEMENT_3D('',#1229,#1230,#1231);
#1229 = CARTESIAN_POINT('',(1.335,-1.04,0.5));
#1230 = DIRECTION('',(2.7E-16,-4.9E-16,-1.));
#1231 = DIRECTION('',(0.,-1.,4.9E-16));
#1232 = ADVANCED_FACE('',(#1233),#1251,.F.);
#1233 = FACE_BOUND('',#1234,.T.);
#1234 = EDGE_LOOP('',(#1235,#1243,#1249,#1250));
#1235 = ORIENTED_EDGE('',*,*,#1236,.F.);
#1236 = EDGE_CURVE('',#1237,#1211,#1239,.T.);
#1237 = VERTEX_POINT('',#1238);
#1238 = CARTESIAN_POINT('',(1.25,-1.25,0.65));
#1239 = LINE('',#1240,#1241);
#1240 = CARTESIAN_POINT('',(1.25,-1.25,1.05));
#1241 = VECTOR('',#1242,1.);
#1242 = DIRECTION('',(2.2E-16,0.,-1.));
#1243 = ORIENTED_EDGE('',*,*,#1244,.T.);
#1244 = EDGE_CURVE('',#1237,#435,#1245,.T.);
#1245 = LINE('',#1246,#1247);
#1246 = CARTESIAN_POINT('',(1.25,-1.098395555688,0.975116780007));
#1247 = VECTOR('',#1248,1.);
#1248 = DIRECTION('',(-1.1E-16,0.422618261741,0.906307787037));
#1249 = ORIENTED_EDGE('',*,*,#434,.T.);
#1250 = ORIENTED_EDGE('',*,*,#1210,.F.);
#1251 = PLANE('',#1252);
#1252 = AXIS2_PLACEMENT_3D('',#1253,#1254,#1255);
#1253 = CARTESIAN_POINT('',(1.25,-1.25,1.05));
#1254 = DIRECTION('',(1.,-2.2E-16,2.2E-16));
#1255 = DIRECTION('',(-2.2E-16,2.2E-16,1.));
#1256 = ADVANCED_FACE('',(#1257),#1268,.T.);
#1257 = FACE_BOUND('',#1258,.T.);
#1258 = EDGE_LOOP('',(#1259,#1260,#1261,#1267));
#1259 = ORIENTED_EDGE('',*,*,#442,.T.);
#1260 = ORIENTED_EDGE('',*,*,#1244,.F.);
#1261 = ORIENTED_EDGE('',*,*,#1262,.F.);
#1262 = EDGE_CURVE('',#752,#1237,#1263,.T.);
#1263 = LINE('',#1264,#1265);
#1264 = CARTESIAN_POINT('',(4.08426067361,-1.25,0.65));
#1265 = VECTOR('',#1266,1.);
#1266 = DIRECTION('',(-1.,-0.,-0.));
#1267 = ORIENTED_EDGE('',*,*,#759,.T.);
#1268 = PLANE('',#1269);
#1269 = AXIS2_PLACEMENT_3D('',#1270,#1271,#1272);
#1270 = CARTESIAN_POINT('',(4.08426067361,-1.1,0.971676038076));
#1271 = DIRECTION('',(0.,-0.906307787037,0.422618261741));
#1272 = DIRECTION('',(0.,-0.422618261741,-0.906307787037));
#1273 = ADVANCED_FACE('',(#1274,#1280),#1314,.T.);
#1274 = FACE_BOUND('',#1275,.T.);
#1275 = EDGE_LOOP('',(#1276,#1277,#1278,#1279));
#1276 = ORIENTED_EDGE('',*,*,#1101,.T.);
#1277 = ORIENTED_EDGE('',*,*,#634,.T.);
#1278 = ORIENTED_EDGE('',*,*,#458,.F.);
#1279 = ORIENTED_EDGE('',*,*,#766,.T.);
#1280 = FACE_BOUND('',#1281,.T.);
#1281 = EDGE_LOOP('',(#1282,#1292,#1300,#1308));
#1282 = ORIENTED_EDGE('',*,*,#1283,.F.);
#1283 = EDGE_CURVE('',#1284,#1286,#1288,.T.);
#1284 = VERTEX_POINT('',#1285);
#1285 = CARTESIAN_POINT('',(-1.14,-0.92,1.05));
#1286 = VERTEX_POINT('',#1287);
#1287 = CARTESIAN_POINT('',(1.14,-0.92,1.05));
#1288 = LINE('',#1289,#1290);
#1289 = CARTESIAN_POINT('',(-1.14,-0.92,1.05));
#1290 = VECTOR('',#1291,1.);
#1291 = DIRECTION('',(1.,0.,0.));
#1292 = ORIENTED_EDGE('',*,*,#1293,.F.);
#1293 = EDGE_CURVE('',#1294,#1284,#1296,.T.);
#1294 = VERTEX_POINT('',#1295);
#1295 = CARTESIAN_POINT('',(-1.14,0.92,1.05));
#1296 = LINE('',#1297,#1298);
#1297 = CARTESIAN_POINT('',(-1.14,0.92,1.05));
#1298 = VECTOR('',#1299,1.);
#1299 = DIRECTION('',(0.,-1.,0.));
#1300 = ORIENTED_EDGE('',*,*,#1301,.F.);
#1301 = EDGE_CURVE('',#1302,#1294,#1304,.T.);
#1302 = VERTEX_POINT('',#1303);
#1303 = CARTESIAN_POINT('',(1.14,0.92,1.05));
#1304 = LINE('',#1305,#1306);
#1305 = CARTESIAN_POINT('',(1.14,0.92,1.05));
#1306 = VECTOR('',#1307,1.);
#1307 = DIRECTION('',(-1.,0.,0.));
#1308 = ORIENTED_EDGE('',*,*,#1309,.F.);
#1309 = EDGE_CURVE('',#1286,#1302,#1310,.T.);
#1310 = LINE('',#1311,#1312);
#1311 = CARTESIAN_POINT('',(1.14,-0.92,1.05));
#1312 = VECTOR('',#1313,1.);
#1313 = DIRECTION('',(0.,1.,0.));
#1314 = PLANE('',#1315);
#1315 = AXIS2_PLACEMENT_3D('',#1316,#1317,#1318);
#1316 = CARTESIAN_POINT('',(0.,0.,1.05));
#1317 = DIRECTION('',(0.,0.,1.));
#1318 = DIRECTION('',(1.,0.,0.));
#1319 = ADVANCED_FACE('',(#1320),#1338,.T.);
#1320 = FACE_BOUND('',#1321,.T.);
#1321 = EDGE_LOOP('',(#1322,#1330,#1331,#1332));
#1322 = ORIENTED_EDGE('',*,*,#1323,.T.);
#1323 = EDGE_CURVE('',#1324,#475,#1326,.T.);
#1324 = VERTEX_POINT('',#1325);
#1325 = CARTESIAN_POINT('',(-1.25,-1.25,0.65));
#1326 = LINE('',#1327,#1328);
#1327 = CARTESIAN_POINT('',(-1.25,-1.098395555688,0.975116780007));
#1328 = VECTOR('',#1329,1.);
#1329 = DIRECTION('',(0.,0.422618261741,0.906307787037));
#1330 = ORIENTED_EDGE('',*,*,#474,.T.);
#1331 = ORIENTED_EDGE('',*,*,#641,.T.);
#1332 = ORIENTED_EDGE('',*,*,#1333,.F.);
#1333 = EDGE_CURVE('',#1324,#642,#1334,.T.);
#1334 = LINE('',#1335,#1336);
#1335 = CARTESIAN_POINT('',(4.08426067361,-1.25,0.65));
#1336 = VECTOR('',#1337,1.);
#1337 = DIRECTION('',(-1.,-0.,-0.));
#1338 = PLANE('',#1339);
#1339 = AXIS2_PLACEMENT_3D('',#1340,#1341,#1342);
#1340 = CARTESIAN_POINT('',(4.08426067361,-1.1,0.971676038076));
#1341 = DIRECTION('',(0.,-0.906307787037,0.422618261741));
#1342 = DIRECTION('',(0.,-0.422618261741,-0.906307787037));
#1343 = ADVANCED_FACE('',(#1344),#1362,.F.);
#1344 = FACE_BOUND('',#1345,.F.);
#1345 = EDGE_LOOP('',(#1346,#1354,#1355,#1356));
#1346 = ORIENTED_EDGE('',*,*,#1347,.F.);
#1347 = EDGE_CURVE('',#1324,#1348,#1350,.T.);
#1348 = VERTEX_POINT('',#1349);
#1349 = CARTESIAN_POINT('',(-1.25,-1.25,0.5));
#1350 = LINE('',#1351,#1352);
#1351 = CARTESIAN_POINT('',(-1.25,-1.25,1.05));
#1352 = VECTOR('',#1353,1.);
#1353 = DIRECTION('',(0.,0.,-1.));
#1354 = ORIENTED_EDGE('',*,*,#1323,.T.);
#1355 = ORIENTED_EDGE('',*,*,#482,.T.);
#1356 = ORIENTED_EDGE('',*,*,#1357,.F.);
#1357 = EDGE_CURVE('',#1348,#483,#1358,.T.);
#1358 = LINE('',#1359,#1360);
#1359 = CARTESIAN_POINT('',(-1.25,-1.25,0.5));
#1360 = VECTOR('',#1361,1.);
#1361 = DIRECTION('',(0.,1.,-2.2E-16));
#1362 = PLANE('',#1363);
#1363 = AXIS2_PLACEMENT_3D('',#1364,#1365,#1366);
#1364 = CARTESIAN_POINT('',(-1.25,-1.25,1.05));
#1365 = DIRECTION('',(-1.,0.,0.));
#1366 = DIRECTION('',(-0.,-2.2E-16,-1.));
#1367 = ADVANCED_FACE('',(#1368),#1381,.T.);
#1368 = FACE_BOUND('',#1369,.T.);
#1369 = EDGE_LOOP('',(#1370,#1371,#1372,#1373,#1379,#1380));
#1370 = ORIENTED_EDGE('',*,*,#530,.F.);
#1371 = ORIENTED_EDGE('',*,*,#490,.T.);
#1372 = ORIENTED_EDGE('',*,*,#1357,.F.);
#1373 = ORIENTED_EDGE('',*,*,#1374,.T.);
#1374 = EDGE_CURVE('',#1348,#650,#1375,.T.);
#1375 = LINE('',#1376,#1377);
#1376 = CARTESIAN_POINT('',(-1.25,-1.25,0.5));
#1377 = VECTOR('',#1378,1.);
#1378 = DIRECTION('',(-1.,0.,0.));
#1379 = ORIENTED_EDGE('',*,*,#657,.T.);
#1380 = ORIENTED_EDGE('',*,*,#555,.F.);
#1381 = PLANE('',#1382);
#1382 = AXIS2_PLACEMENT_3D('',#1383,#1384,#1385);
#1383 = CARTESIAN_POINT('',(-1.335,-1.04,0.5));
#1384 = DIRECTION('',(-0.,-6.5E-16,-1.));
#1385 = DIRECTION('',(0.,-1.,6.5E-16));
#1386 = ADVANCED_FACE('',(#1387),#1393,.F.);
#1387 = FACE_BOUND('',#1388,.T.);
#1388 = EDGE_LOOP('',(#1389,#1390,#1391,#1392));
#1389 = ORIENTED_EDGE('',*,*,#894,.T.);
#1390 = ORIENTED_EDGE('',*,*,#853,.T.);
#1391 = ORIENTED_EDGE('',*,*,#727,.T.);
#1392 = ORIENTED_EDGE('',*,*,#673,.T.);
#1393 = PLANE('',#1394);
#1394 = AXIS2_PLACEMENT_3D('',#1395,#1396,#1397);
#1395 = CARTESIAN_POINT('',(-1.5E-16,1.E-17,0.1));
#1396 = DIRECTION('',(0.,0.,1.));
#1397 = DIRECTION('',(1.,0.,0.));
#1398 = ADVANCED_FACE('',(#1399),#1405,.F.);
#1399 = FACE_BOUND('',#1400,.F.);
#1400 = EDGE_LOOP('',(#1401,#1402,#1403,#1404));
#1401 = ORIENTED_EDGE('',*,*,#1347,.T.);
#1402 = ORIENTED_EDGE('',*,*,#1374,.T.);
#1403 = ORIENTED_EDGE('',*,*,#649,.T.);
#1404 = ORIENTED_EDGE('',*,*,#1333,.F.);
#1405 = PLANE('',#1406);
#1406 = AXIS2_PLACEMENT_3D('',#1407,#1408,#1409);
#1407 = CARTESIAN_POINT('',(-1.5,-1.25,0.));
#1408 = DIRECTION('',(0.,1.,0.));
#1409 = DIRECTION('',(1.,0.,0.));
#1410 = ADVANCED_FACE('',(#1411),#1429,.T.);
#1411 = FACE_BOUND('',#1412,.F.);
#1412 = EDGE_LOOP('',(#1413,#1421,#1422,#1423));
#1413 = ORIENTED_EDGE('',*,*,#1414,.F.);
#1414 = EDGE_CURVE('',#1087,#1415,#1417,.T.);
#1415 = VERTEX_POINT('',#1416);
#1416 = CARTESIAN_POINT('',(-1.25,1.25,0.65));
#1417 = LINE('',#1418,#1419);
#1418 = CARTESIAN_POINT('',(-1.25,1.098395555688,0.975116780007));
#1419 = VECTOR('',#1420,1.);
#1420 = DIRECTION('',(0.,0.422618261741,-0.906307787037));
#1421 = ORIENTED_EDGE('',*,*,#1094,.T.);
#1422 = ORIENTED_EDGE('',*,*,#618,.T.);
#1423 = ORIENTED_EDGE('',*,*,#1424,.F.);
#1424 = EDGE_CURVE('',#1415,#611,#1425,.T.);
#1425 = LINE('',#1426,#1427);
#1426 = CARTESIAN_POINT('',(4.08426067361,1.25,0.65));
#1427 = VECTOR('',#1428,1.);
#1428 = DIRECTION('',(-1.,0.,0.));
#1429 = PLANE('',#1430);
#1430 = AXIS2_PLACEMENT_3D('',#1431,#1432,#1433);
#1431 = CARTESIAN_POINT('',(4.08426067361,1.1,0.971676038076));
#1432 = DIRECTION('',(0.,0.906307787037,0.422618261741));
#1433 = DIRECTION('',(0.,-0.422618261741,0.906307787037));
#1434 = ADVANCED_FACE('',(#1435),#1453,.F.);
#1435 = FACE_BOUND('',#1436,.F.);
#1436 = EDGE_LOOP('',(#1437,#1438,#1446,#1452));
#1437 = ORIENTED_EDGE('',*,*,#610,.F.);
#1438 = ORIENTED_EDGE('',*,*,#1439,.F.);
#1439 = EDGE_CURVE('',#1440,#603,#1442,.T.);
#1440 = VERTEX_POINT('',#1441);
#1441 = CARTESIAN_POINT('',(-1.25,1.25,0.5));
#1442 = LINE('',#1443,#1444);
#1443 = CARTESIAN_POINT('',(-1.25,1.25,0.5));
#1444 = VECTOR('',#1445,1.);
#1445 = DIRECTION('',(-1.,0.,0.));
#1446 = ORIENTED_EDGE('',*,*,#1447,.F.);
#1447 = EDGE_CURVE('',#1415,#1440,#1448,.T.);
#1448 = LINE('',#1449,#1450);
#1449 = CARTESIAN_POINT('',(-1.25,1.25,1.05));
#1450 = VECTOR('',#1451,1.);
#1451 = DIRECTION('',(-0.,8.9E-16,-1.));
#1452 = ORIENTED_EDGE('',*,*,#1424,.T.);
#1453 = PLANE('',#1454);
#1454 = AXIS2_PLACEMENT_3D('',#1455,#1456,#1457);
#1455 = CARTESIAN_POINT('',(1.5,1.25,0.));
#1456 = DIRECTION('',(0.,-1.,0.));
#1457 = DIRECTION('',(-1.,0.,0.));
#1458 = ADVANCED_FACE('',(#1459),#1472,.T.);
#1459 = FACE_BOUND('',#1460,.T.);
#1460 = EDGE_LOOP('',(#1461,#1467,#1468,#1469,#1470,#1471));
#1461 = ORIENTED_EDGE('',*,*,#1462,.T.);
#1462 = EDGE_CURVE('',#1440,#1079,#1463,.T.);
#1463 = LINE('',#1464,#1465);
#1464 = CARTESIAN_POINT('',(-1.25,1.25,0.5));
#1465 = VECTOR('',#1466,1.);
#1466 = DIRECTION('',(-0.,-1.,-6.7E-16));
#1467 = ORIENTED_EDGE('',*,*,#1078,.F.);
#1468 = ORIENTED_EDGE('',*,*,#977,.T.);
#1469 = ORIENTED_EDGE('',*,*,#961,.T.);
#1470 = ORIENTED_EDGE('',*,*,#602,.F.);
#1471 = ORIENTED_EDGE('',*,*,#1439,.F.);
#1472 = PLANE('',#1473);
#1473 = AXIS2_PLACEMENT_3D('',#1474,#1475,#1476);
#1474 = CARTESIAN_POINT('',(-1.335,1.04,0.5));
#1475 = DIRECTION('',(0.,1.E-15,-1.));
#1476 = DIRECTION('',(0.,-1.,-1.E-15));
#1477 = ADVANCED_FACE('',(#1478),#1484,.F.);
#1478 = FACE_BOUND('',#1479,.F.);
#1479 = EDGE_LOOP('',(#1480,#1481,#1482,#1483));
#1480 = ORIENTED_EDGE('',*,*,#935,.T.);
#1481 = ORIENTED_EDGE('',*,*,#918,.T.);
#1482 = ORIENTED_EDGE('',*,*,#877,.T.);
#1483 = ORIENTED_EDGE('',*,*,#821,.T.);
#1484 = PLANE('',#1485);
#1485 = AXIS2_PLACEMENT_3D('',#1486,#1487,#1488);
#1486 = CARTESIAN_POINT('',(-1.5E-16,1.E-17,0.1));
#1487 = DIRECTION('',(0.,0.,1.));
#1488 = DIRECTION('',(1.,0.,0.));
#1489 = ADVANCED_FACE('',(#1490),#1510,.T.);
#1490 = FACE_BOUND('',#1491,.T.);
#1491 = EDGE_LOOP('',(#1492,#1493,#1494,#1502,#1508,#1509));
#1492 = ORIENTED_EDGE('',*,*,#1118,.F.);
#1493 = ORIENTED_EDGE('',*,*,#1039,.T.);
#1494 = ORIENTED_EDGE('',*,*,#1495,.F.);
#1495 = EDGE_CURVE('',#1496,#1032,#1498,.T.);
#1496 = VERTEX_POINT('',#1497);
#1497 = CARTESIAN_POINT('',(1.25,1.25,0.5));
#1498 = LINE('',#1499,#1500);
#1499 = CARTESIAN_POINT('',(1.25,1.25,0.5));
#1500 = VECTOR('',#1501,1.);
#1501 = DIRECTION('',(0.,-1.,-2.2E-16));
#1502 = ORIENTED_EDGE('',*,*,#1503,.T.);
#1503 = EDGE_CURVE('',#1496,#791,#1504,.T.);
#1504 = LINE('',#1505,#1506);
#1505 = CARTESIAN_POINT('',(1.25,1.25,0.5));
#1506 = VECTOR('',#1507,1.);
#1507 = DIRECTION('',(1.,0.,0.));
#1508 = ORIENTED_EDGE('',*,*,#798,.T.);
#1509 = ORIENTED_EDGE('',*,*,#1009,.F.);
#1510 = PLANE('',#1511);
#1511 = AXIS2_PLACEMENT_3D('',#1512,#1513,#1514);
#1512 = CARTESIAN_POINT('',(1.335,1.04,0.5));
#1513 = DIRECTION('',(2.7E-16,1.16E-15,-1.));
#1514 = DIRECTION('',(0.,-1.,-1.16E-15));
#1515 = ADVANCED_FACE('',(#1516),#1534,.F.);
#1516 = FACE_BOUND('',#1517,.F.);
#1517 = EDGE_LOOP('',(#1518,#1526,#1527,#1528));
#1518 = ORIENTED_EDGE('',*,*,#1519,.T.);
#1519 = EDGE_CURVE('',#1520,#1496,#1522,.T.);
#1520 = VERTEX_POINT('',#1521);
#1521 = CARTESIAN_POINT('',(1.25,1.25,0.65));
#1522 = LINE('',#1523,#1524);
#1523 = CARTESIAN_POINT('',(1.25,1.25,1.05));
#1524 = VECTOR('',#1525,1.);
#1525 = DIRECTION('',(0.,0.,-1.));
#1526 = ORIENTED_EDGE('',*,*,#1503,.T.);
#1527 = ORIENTED_EDGE('',*,*,#790,.T.);
#1528 = ORIENTED_EDGE('',*,*,#1529,.T.);
#1529 = EDGE_CURVE('',#783,#1520,#1530,.T.);
#1530 = LINE('',#1531,#1532);
#1531 = CARTESIAN_POINT('',(4.08426067361,1.25,0.65));
#1532 = VECTOR('',#1533,1.);
#1533 = DIRECTION('',(-1.,0.,0.));
#1534 = PLANE('',#1535);
#1535 = AXIS2_PLACEMENT_3D('',#1536,#1537,#1538);
#1536 = CARTESIAN_POINT('',(1.5,1.25,0.));
#1537 = DIRECTION('',(0.,-1.,0.));
#1538 = DIRECTION('',(-1.,0.,0.));
#1539 = ADVANCED_FACE('',(#1540),#1551,.T.);
#1540 = FACE_BOUND('',#1541,.F.);
#1541 = EDGE_LOOP('',(#1542,#1543,#1549,#1550));
#1542 = ORIENTED_EDGE('',*,*,#1023,.T.);
#1543 = ORIENTED_EDGE('',*,*,#1544,.T.);
#1544 = EDGE_CURVE('',#1024,#1520,#1545,.T.);
#1545 = LINE('',#1546,#1547);
#1546 = CARTESIAN_POINT('',(1.25,1.098395555688,0.975116780007));
#1547 = VECTOR('',#1548,1.);
#1548 = DIRECTION('',(1.1E-16,0.422618261741,-0.906307787037));
#1549 = ORIENTED_EDGE('',*,*,#1529,.F.);
#1550 = ORIENTED_EDGE('',*,*,#782,.T.);
#1551 = PLANE('',#1552);
#1552 = AXIS2_PLACEMENT_3D('',#1553,#1554,#1555);
#1553 = CARTESIAN_POINT('',(4.08426067361,1.1,0.971676038076));
#1554 = DIRECTION('',(0.,0.906307787037,0.422618261741));
#1555 = DIRECTION('',(0.,-0.422618261741,0.906307787037));
#1556 = ADVANCED_FACE('',(#1557),#1563,.F.);
#1557 = FACE_BOUND('',#1558,.F.);
#1558 = EDGE_LOOP('',(#1559,#1560,#1561,#1562));
#1559 = ORIENTED_EDGE('',*,*,#751,.F.);
#1560 = ORIENTED_EDGE('',*,*,#1222,.F.);
#1561 = ORIENTED_EDGE('',*,*,#1236,.F.);
#1562 = ORIENTED_EDGE('',*,*,#1262,.F.);
#1563 = PLANE('',#1564);
#1564 = AXIS2_PLACEMENT_3D('',#1565,#1566,#1567);
#1565 = CARTESIAN_POINT('',(-1.5,-1.25,0.));
#1566 = DIRECTION('',(0.,1.,0.));
#1567 = DIRECTION('',(1.,0.,0.));
#1568 = ADVANCED_FACE('',(#1569),#1575,.F.);
#1569 = FACE_BOUND('',#1570,.F.);
#1570 = EDGE_LOOP('',(#1571,#1572,#1573,#1574));
#1571 = ORIENTED_EDGE('',*,*,#1519,.F.);
#1572 = ORIENTED_EDGE('',*,*,#1544,.F.);
#1573 = ORIENTED_EDGE('',*,*,#1031,.T.);
#1574 = ORIENTED_EDGE('',*,*,#1495,.F.);
#1575 = PLANE('',#1576);
#1576 = AXIS2_PLACEMENT_3D('',#1577,#1578,#1579);
#1577 = CARTESIAN_POINT('',(1.25,1.25,1.05));
#1578 = DIRECTION('',(1.,0.,-0.));
#1579 = DIRECTION('',(-0.,2.2E-16,-1.));
#1580 = ADVANCED_FACE('',(#1581),#1587,.T.);
#1581 = FACE_BOUND('',#1582,.T.);
#1582 = EDGE_LOOP('',(#1583,#1584,#1585,#1586));
#1583 = ORIENTED_EDGE('',*,*,#1135,.T.);
#1584 = ORIENTED_EDGE('',*,*,#1062,.T.);
#1585 = ORIENTED_EDGE('',*,*,#1183,.F.);
#1586 = ORIENTED_EDGE('',*,*,#1166,.F.);
#1587 = PLANE('',#1588);
#1588 = AXIS2_PLACEMENT_3D('',#1589,#1590,#1591);
#1589 = CARTESIAN_POINT('',(-1.7E-16,1.175,0.55));
#1590 = DIRECTION('',(0.,-4.E-16,1.));
#1591 = DIRECTION('',(0.,1.,4.E-16));
#1592 = ADVANCED_FACE('',(#1593),#1599,.F.);
#1593 = FACE_BOUND('',#1594,.T.);
#1594 = EDGE_LOOP('',(#1595,#1596,#1597,#1598));
#1595 = ORIENTED_EDGE('',*,*,#1447,.F.);
#1596 = ORIENTED_EDGE('',*,*,#1414,.F.);
#1597 = ORIENTED_EDGE('',*,*,#1086,.T.);
#1598 = ORIENTED_EDGE('',*,*,#1462,.F.);
#1599 = PLANE('',#1600);
#1600 = AXIS2_PLACEMENT_3D('',#1601,#1602,#1603);
#1601 = CARTESIAN_POINT('',(-1.25,1.25,1.05));
#1602 = DIRECTION('',(-1.,-0.,-0.));
#1603 = DIRECTION('',(0.,-6.7E-16,1.));
#1604 = ADVANCED_FACE('',(#1605),#1630,.F.);
#1605 = FACE_BOUND('',#1606,.F.);
#1606 = EDGE_LOOP('',(#1607,#1615,#1623,#1629));
#1607 = ORIENTED_EDGE('',*,*,#1608,.T.);
#1608 = EDGE_CURVE('',#1284,#1609,#1611,.T.);
#1609 = VERTEX_POINT('',#1610);
#1610 = CARTESIAN_POINT('',(-1.14,-0.92,0.85));
#1611 = LINE('',#1612,#1613);
#1612 = CARTESIAN_POINT('',(-1.14,-0.92,1.05));
#1613 = VECTOR('',#1614,1.);
#1614 = DIRECTION('',(-0.,-0.,-1.));
#1615 = ORIENTED_EDGE('',*,*,#1616,.T.);
#1616 = EDGE_CURVE('',#1609,#1617,#1619,.T.);
#1617 = VERTEX_POINT('',#1618);
#1618 = CARTESIAN_POINT('',(1.14,-0.92,0.85));
#1619 = LINE('',#1620,#1621);
#1620 = CARTESIAN_POINT('',(-1.14,-0.92,0.85));
#1621 = VECTOR('',#1622,1.);
#1622 = DIRECTION('',(1.,0.,0.));
#1623 = ORIENTED_EDGE('',*,*,#1624,.F.);
#1624 = EDGE_CURVE('',#1286,#1617,#1625,.T.);
#1625 = LINE('',#1626,#1627);
#1626 = CARTESIAN_POINT('',(1.14,-0.92,1.05));
#1627 = VECTOR('',#1628,1.);
#1628 = DIRECTION('',(-0.,-0.,-1.));
#1629 = ORIENTED_EDGE('',*,*,#1283,.F.);
#1630 = PLANE('',#1631);
#1631 = AXIS2_PLACEMENT_3D('',#1632,#1633,#1634);
#1632 = CARTESIAN_POINT('',(-1.14,-0.92,1.05));
#1633 = DIRECTION('',(0.,-1.,0.));
#1634 = DIRECTION('',(1.,0.,0.));
#1635 = ADVANCED_FACE('',(#1636),#1654,.F.);
#1636 = FACE_BOUND('',#1637,.F.);
#1637 = EDGE_LOOP('',(#1638,#1639,#1647,#1653));
#1638 = ORIENTED_EDGE('',*,*,#1624,.T.);
#1639 = ORIENTED_EDGE('',*,*,#1640,.T.);
#1640 = EDGE_CURVE('',#1617,#1641,#1643,.T.);
#1641 = VERTEX_POINT('',#1642);
#1642 = CARTESIAN_POINT('',(1.14,0.92,0.85));
#1643 = LINE('',#1644,#1645);
#1644 = CARTESIAN_POINT('',(1.14,-0.92,0.85));
#1645 = VECTOR('',#1646,1.);
#1646 = DIRECTION('',(0.,1.,0.));
#1647 = ORIENTED_EDGE('',*,*,#1648,.F.);
#1648 = EDGE_CURVE('',#1302,#1641,#1649,.T.);
#1649 = LINE('',#1650,#1651);
#1650 = CARTESIAN_POINT('',(1.14,0.92,1.05));
#1651 = VECTOR('',#1652,1.);
#1652 = DIRECTION('',(-0.,-0.,-1.));
#1653 = ORIENTED_EDGE('',*,*,#1309,.F.);
#1654 = PLANE('',#1655);
#1655 = AXIS2_PLACEMENT_3D('',#1656,#1657,#1658);
#1656 = CARTESIAN_POINT('',(1.14,-0.92,1.05));
#1657 = DIRECTION('',(1.,0.,0.));
#1658 = DIRECTION('',(0.,1.,0.));
#1659 = ADVANCED_FACE('',(#1660),#1678,.F.);
#1660 = FACE_BOUND('',#1661,.F.);
#1661 = EDGE_LOOP('',(#1662,#1663,#1671,#1677));
#1662 = ORIENTED_EDGE('',*,*,#1648,.T.);
#1663 = ORIENTED_EDGE('',*,*,#1664,.T.);
#1664 = EDGE_CURVE('',#1641,#1665,#1667,.T.);
#1665 = VERTEX_POINT('',#1666);
#1666 = CARTESIAN_POINT('',(-1.14,0.92,0.85));
#1667 = LINE('',#1668,#1669);
#1668 = CARTESIAN_POINT('',(1.14,0.92,0.85));
#1669 = VECTOR('',#1670,1.);
#1670 = DIRECTION('',(-1.,0.,0.));
#1671 = ORIENTED_EDGE('',*,*,#1672,.F.);
#1672 = EDGE_CURVE('',#1294,#1665,#1673,.T.);
#1673 = LINE('',#1674,#1675);
#1674 = CARTESIAN_POINT('',(-1.14,0.92,1.05));
#1675 = VECTOR('',#1676,1.);
#1676 = DIRECTION('',(-0.,-0.,-1.));
#1677 = ORIENTED_EDGE('',*,*,#1301,.F.);
#1678 = PLANE('',#1679);
#1679 = AXIS2_PLACEMENT_3D('',#1680,#1681,#1682);
#1680 = CARTESIAN_POINT('',(1.14,0.92,1.05));
#1681 = DIRECTION('',(0.,1.,0.));
#1682 = DIRECTION('',(-1.,0.,0.));
#1683 = ADVANCED_FACE('',(#1684),#1695,.F.);
#1684 = FACE_BOUND('',#1685,.F.);
#1685 = EDGE_LOOP('',(#1686,#1687,#1693,#1694));
#1686 = ORIENTED_EDGE('',*,*,#1672,.T.);
#1687 = ORIENTED_EDGE('',*,*,#1688,.T.);
#1688 = EDGE_CURVE('',#1665,#1609,#1689,.T.);
#1689 = LINE('',#1690,#1691);
#1690 = CARTESIAN_POINT('',(-1.14,0.92,0.85));
#1691 = VECTOR('',#1692,1.);
#1692 = DIRECTION('',(0.,-1.,0.));
#1693 = ORIENTED_EDGE('',*,*,#1608,.F.);
#1694 = ORIENTED_EDGE('',*,*,#1293,.F.);
#1695 = PLANE('',#1696);
#1696 = AXIS2_PLACEMENT_3D('',#1697,#1698,#1699);
#1697 = CARTESIAN_POINT('',(-1.14,0.92,1.05));
#1698 = DIRECTION('',(-1.,0.,0.));
#1699 = DIRECTION('',(0.,-1.,0.));
#1700 = ADVANCED_FACE('',(#1701),#1707,.T.);
#1701 = FACE_BOUND('',#1702,.T.);
#1702 = EDGE_LOOP('',(#1703,#1704,#1705,#1706));
#1703 = ORIENTED_EDGE('',*,*,#1616,.T.);
#1704 = ORIENTED_EDGE('',*,*,#1640,.T.);
#1705 = ORIENTED_EDGE('',*,*,#1664,.T.);
#1706 = ORIENTED_EDGE('',*,*,#1688,.T.);
#1707 = PLANE('',#1708);
#1708 = AXIS2_PLACEMENT_3D('',#1709,#1710,#1711);
#1709 = CARTESIAN_POINT('',(0.,0.,0.85));
#1710 = DIRECTION('',(0.,0.,1.));
#1711 = DIRECTION('',(1.,0.,0.));
#1712 = ( GEOMETRIC_REPRESENTATION_CONTEXT(3) 
GLOBAL_UNCERTAINTY_ASSIGNED_CONTEXT((#1716)) 
GLOBAL_UNIT_ASSIGNED_CONTEXT((#1713,#1714,#1715)) REPRESENTATION_CONTEXT
('Context #1','3D Context with UNIT and UNCERTAINTY') );
#1713 = ( LENGTH_UNIT() NAMED_UNIT(*) SI_UNIT(.MILLI.,.METRE.) );
#1714 = ( NAMED_UNIT(*) PLANE_ANGLE_UNIT() SI_UNIT($,.RADIAN.) );
#1715 = ( NAMED_UNIT(*) SI_UNIT($,.STERADIAN.) SOLID_ANGLE_UNIT() );
#1716 = UNCERTAINTY_MEASURE_WITH_UNIT(LENGTH_MEASURE(2.E-06),#1713,
  'distance_accuracy_value','confusion accuracy');
#1717 = CONTEXT_DEPENDENT_SHAPE_REPRESENTATION(#1718,#1720);
#1718 = ( REPRESENTATION_RELATIONSHIP('','',#44,#10) 
REPRESENTATION_RELATIONSHIP_WITH_TRANSFORMATION(#1719) 
SHAPE_REPRESENTATION_RELATIONSHIP() );
#1719 = ITEM_DEFINED_TRANSFORMATION('','',#11,#15);
#1720 = PRODUCT_DEFINITION_SHAPE('Placement','Placement of an item',
  #1721);
#1721 = NEXT_ASSEMBLY_USAGE_OCCURRENCE('1','Base001','',#5,#39,$);
#1722 = PRODUCT_RELATED_PRODUCT_CATEGORY('part',$,(#41));
#1723 = SHAPE_DEFINITION_REPRESENTATION(#1724,#1730);
#1724 = PRODUCT_DEFINITION_SHAPE('','',#1725);
#1725 = PRODUCT_DEFINITION('design','',#1726,#1729);
#1726 = PRODUCT_DEFINITION_FORMATION('','',#1727);
#1727 = PRODUCT('Shell001','Shell001','',(#1728));
#1728 = PRODUCT_CONTEXT('',#2,'mechanical');
#1729 = PRODUCT_DEFINITION_CONTEXT('part definition',#2,'design');
#1730 = ADVANCED_BREP_SHAPE_REPRESENTATION('',(#11,#1731),#3518);
#1731 = MANIFOLD_SOLID_BREP('',#1732);
#1732 = CLOSED_SHELL('',(#1733,#1782,#1814,#1845,#1869,#1886,#1942,#2116
    ,#2172,#2196,#2220,#2245,#2269,#2294,#2318,#2342,#2375,#2406,#2430,
    #2455,#2479,#2504,#2528,#2545,#2562,#2587,#2627,#2682,#2714,#2769,
    #2800,#2831,#2853,#2865,#2882,#2913,#2947,#2987,#3019,#3050,#3074,
    #3091,#3125,#3165,#3197,#3228,#3252,#3269,#3292,#3315,#3366,#3397,
    #3421,#3445,#3473,#3488,#3503));
#1733 = ADVANCED_FACE('',(#1734),#1777,.F.);
#1734 = FACE_BOUND('',#1735,.T.);
#1735 = EDGE_LOOP('',(#1736,#1746,#1754,#1762,#1771));
#1736 = ORIENTED_EDGE('',*,*,#1737,.T.);
#1737 = EDGE_CURVE('',#1738,#1740,#1742,.T.);
#1738 = VERTEX_POINT('',#1739);
#1739 = CARTESIAN_POINT('',(1.5,-0.911961341385,0.5));
#1740 = VERTEX_POINT('',#1741);
#1741 = CARTESIAN_POINT('',(1.363395489921,-0.85,0.5));
#1742 = LINE('',#1743,#1744);
#1743 = CARTESIAN_POINT('',(1.387358054673,-0.860868987079,0.5));
#1744 = VECTOR('',#1745,1.);
#1745 = DIRECTION('',(-0.910696733856,0.413075609234,-4.7E-16));
#1746 = ORIENTED_EDGE('',*,*,#1747,.T.);
#1747 = EDGE_CURVE('',#1740,#1748,#1750,.T.);
#1748 = VERTEX_POINT('',#1749);
#1749 = CARTESIAN_POINT('',(1.25,-1.1,0.5));
#1750 = LINE('',#1751,#1752);
#1751 = CARTESIAN_POINT('',(1.268537435249,-1.059131012921,0.5));
#1752 = VECTOR('',#1753,1.);
#1753 = DIRECTION('',(-0.413075609223,-0.910696733861,5.E-16));
#1754 = ORIENTED_EDGE('',*,*,#1755,.T.);
#1755 = EDGE_CURVE('',#1748,#1756,#1758,.T.);
#1756 = VERTEX_POINT('',#1757);
#1757 = CARTESIAN_POINT('',(1.25,-1.25,0.5));
#1758 = LINE('',#1759,#1760);
#1759 = CARTESIAN_POINT('',(1.25,-1.145,0.5));
#1760 = VECTOR('',#1761,1.);
#1761 = DIRECTION('',(-2.9332E-13,-1.,6.5E-16));
#1762 = ORIENTED_EDGE('',*,*,#1763,.T.);
#1763 = EDGE_CURVE('',#1756,#1764,#1766,.T.);
#1764 = VERTEX_POINT('',#1765);
#1765 = CARTESIAN_POINT('',(1.38660451007,-1.16196134139,0.5));
#1766 = CIRCLE('',#1767,0.149999999991);
#1767 = AXIS2_PLACEMENT_3D('',#1768,#1769,#1770);
#1768 = CARTESIAN_POINT('',(1.25,-1.100000000009,0.5));
#1769 = DIRECTION('',(-2.2E-16,0.,1.));
#1770 = DIRECTION('',(-1.,2.2E-16,-2.2E-16));
#1771 = ORIENTED_EDGE('',*,*,#1772,.T.);
#1772 = EDGE_CURVE('',#1764,#1738,#1773,.T.);
#1773 = LINE('',#1774,#1775);
#1774 = CARTESIAN_POINT('',(1.461839690287,-0.996092354306,0.5));
#1775 = VECTOR('',#1776,1.);
#1776 = DIRECTION('',(0.413075609243,0.910696733852,-5.E-16));
#1777 = PLANE('',#1778);
#1778 = AXIS2_PLACEMENT_3D('',#1779,#1780,#1781);
#1779 = CARTESIAN_POINT('',(1.335,-1.04,0.5));
#1780 = DIRECTION('',(2.2E-16,-6.5E-16,-1.));
#1781 = DIRECTION('',(2.2E-16,1.,-6.5E-16));
#1782 = ADVANCED_FACE('',(#1783),#1809,.T.);
#1783 = FACE_BOUND('',#1784,.F.);
#1784 = EDGE_LOOP('',(#1785,#1796,#1802,#1803));
#1785 = ORIENTED_EDGE('',*,*,#1786,.F.);
#1786 = EDGE_CURVE('',#1787,#1789,#1791,.T.);
#1787 = VERTEX_POINT('',#1788);
#1788 = CARTESIAN_POINT('',(1.25,-1.25,0.2));
#1789 = VERTEX_POINT('',#1790);
#1790 = CARTESIAN_POINT('',(1.38660451007,-1.16196134139,0.2));
#1791 = CIRCLE('',#1792,0.149999999991);
#1792 = AXIS2_PLACEMENT_3D('',#1793,#1794,#1795);
#1793 = CARTESIAN_POINT('',(1.25,-1.100000000009,0.2));
#1794 = DIRECTION('',(-2.2E-16,0.,1.));
#1795 = DIRECTION('',(-1.,2.2E-16,-2.2E-16));
#1796 = ORIENTED_EDGE('',*,*,#1797,.F.);
#1797 = EDGE_CURVE('',#1756,#1787,#1798,.T.);
#1798 = LINE('',#1799,#1800);
#1799 = CARTESIAN_POINT('',(1.25,-1.25,0.6));
#1800 = VECTOR('',#1801,1.);
#1801 = DIRECTION('',(2.2E-16,0.,-1.));
#1802 = ORIENTED_EDGE('',*,*,#1763,.T.);
#1803 = ORIENTED_EDGE('',*,*,#1804,.F.);
#1804 = EDGE_CURVE('',#1789,#1764,#1805,.T.);
#1805 = LINE('',#1806,#1807);
#1806 = CARTESIAN_POINT('',(1.38660451007,-1.16196134139,0.2));
#1807 = VECTOR('',#1808,1.);
#1808 = DIRECTION('',(-2.2E-16,0.,1.));
#1809 = CYLINDRICAL_SURFACE('',#1810,0.149999999991);
#1810 = AXIS2_PLACEMENT_3D('',#1811,#1812,#1813);
#1811 = CARTESIAN_POINT('',(1.25,-1.100000000009,0.2));
#1812 = DIRECTION('',(2.2E-16,0.,-1.));
#1813 = DIRECTION('',(-1.,2.2E-16,-2.2E-16));
#1814 = ADVANCED_FACE('',(#1815),#1840,.F.);
#1815 = FACE_BOUND('',#1816,.T.);
#1816 = EDGE_LOOP('',(#1817,#1827,#1833,#1834));
#1817 = ORIENTED_EDGE('',*,*,#1818,.F.);
#1818 = EDGE_CURVE('',#1819,#1821,#1823,.T.);
#1819 = VERTEX_POINT('',#1820);
#1820 = CARTESIAN_POINT('',(1.25,-1.1,0.2));
#1821 = VERTEX_POINT('',#1822);
#1822 = CARTESIAN_POINT('',(1.363395489921,-0.85,0.2));
#1823 = LINE('',#1824,#1825);
#1824 = CARTESIAN_POINT('',(1.25,-1.1,0.2));
#1825 = VECTOR('',#1826,1.);
#1826 = DIRECTION('',(0.413075609223,0.910696733861,9.E-17));
#1827 = ORIENTED_EDGE('',*,*,#1828,.F.);
#1828 = EDGE_CURVE('',#1748,#1819,#1829,.T.);
#1829 = LINE('',#1830,#1831);
#1830 = CARTESIAN_POINT('',(1.25,-1.1,0.6));
#1831 = VECTOR('',#1832,1.);
#1832 = DIRECTION('',(2.2E-16,0.,-1.));
#1833 = ORIENTED_EDGE('',*,*,#1747,.F.);
#1834 = ORIENTED_EDGE('',*,*,#1835,.F.);
#1835 = EDGE_CURVE('',#1821,#1740,#1836,.T.);
#1836 = LINE('',#1837,#1838);
#1837 = CARTESIAN_POINT('',(1.363395489921,-0.85,0.2));
#1838 = VECTOR('',#1839,1.);
#1839 = DIRECTION('',(-2.2E-16,0.,1.));
#1840 = PLANE('',#1841);
#1841 = AXIS2_PLACEMENT_3D('',#1842,#1843,#1844);
#1842 = CARTESIAN_POINT('',(1.25,-1.1,0.2));
#1843 = DIRECTION('',(0.910696733861,-0.413075609223,2.E-16));
#1844 = DIRECTION('',(-0.413075609223,-0.910696733861,-9.E-17));
#1845 = ADVANCED_FACE('',(#1846),#1864,.F.);
#1846 = FACE_BOUND('',#1847,.T.);
#1847 = EDGE_LOOP('',(#1848,#1856,#1857,#1858));
#1848 = ORIENTED_EDGE('',*,*,#1849,.F.);
#1849 = EDGE_CURVE('',#1821,#1850,#1852,.T.);
#1850 = VERTEX_POINT('',#1851);
#1851 = CARTESIAN_POINT('',(1.5,-0.911961341385,0.2));
#1852 = LINE('',#1853,#1854);
#1853 = CARTESIAN_POINT('',(1.363395489921,-0.85,0.2));
#1854 = VECTOR('',#1855,1.);
#1855 = DIRECTION('',(0.910696733856,-0.413075609234,2.E-16));
#1856 = ORIENTED_EDGE('',*,*,#1835,.T.);
#1857 = ORIENTED_EDGE('',*,*,#1737,.F.);
#1858 = ORIENTED_EDGE('',*,*,#1859,.F.);
#1859 = EDGE_CURVE('',#1850,#1738,#1860,.T.);
#1860 = LINE('',#1861,#1862);
#1861 = CARTESIAN_POINT('',(1.5,-0.911961341385,0.2));
#1862 = VECTOR('',#1863,1.);
#1863 = DIRECTION('',(-2.2E-16,0.,1.));
#1864 = PLANE('',#1865);
#1865 = AXIS2_PLACEMENT_3D('',#1866,#1867,#1868);
#1866 = CARTESIAN_POINT('',(1.363395489921,-0.85,0.2));
#1867 = DIRECTION('',(-0.413075609234,-0.910696733856,-9.E-17));
#1868 = DIRECTION('',(-0.910696733856,0.413075609234,-2.E-16));
#1869 = ADVANCED_FACE('',(#1870),#1881,.F.);
#1870 = FACE_BOUND('',#1871,.T.);
#1871 = EDGE_LOOP('',(#1872,#1878,#1879,#1880));
#1872 = ORIENTED_EDGE('',*,*,#1873,.F.);
#1873 = EDGE_CURVE('',#1850,#1789,#1874,.T.);
#1874 = LINE('',#1875,#1876);
#1875 = CARTESIAN_POINT('',(1.5,-0.911961341385,0.2));
#1876 = VECTOR('',#1877,1.);
#1877 = DIRECTION('',(-0.413075609243,-0.910696733852,-9.E-17));
#1878 = ORIENTED_EDGE('',*,*,#1859,.T.);
#1879 = ORIENTED_EDGE('',*,*,#1772,.F.);
#1880 = ORIENTED_EDGE('',*,*,#1804,.F.);
#1881 = PLANE('',#1882);
#1882 = AXIS2_PLACEMENT_3D('',#1883,#1884,#1885);
#1883 = CARTESIAN_POINT('',(1.5,-0.911961341385,0.2));
#1884 = DIRECTION('',(-0.910696733852,0.413075609243,-2.E-16));
#1885 = DIRECTION('',(0.413075609243,0.910696733852,9.E-17));
#1886 = ADVANCED_FACE('',(#1887),#1937,.T.);
#1887 = FACE_BOUND('',#1888,.T.);
#1888 = EDGE_LOOP('',(#1889,#1897,#1898,#1906,#1914,#1922,#1930));
#1889 = ORIENTED_EDGE('',*,*,#1890,.F.);
#1890 = EDGE_CURVE('',#1756,#1891,#1893,.T.);
#1891 = VERTEX_POINT('',#1892);
#1892 = CARTESIAN_POINT('',(1.25,-1.25,1.05));
#1893 = LINE('',#1894,#1895);
#1894 = CARTESIAN_POINT('',(1.25,-1.25,1.05));
#1895 = VECTOR('',#1896,1.);
#1896 = DIRECTION('',(0.,0.,1.));
#1897 = ORIENTED_EDGE('',*,*,#1755,.F.);
#1898 = ORIENTED_EDGE('',*,*,#1899,.F.);
#1899 = EDGE_CURVE('',#1900,#1748,#1902,.T.);
#1900 = VERTEX_POINT('',#1901);
#1901 = CARTESIAN_POINT('',(1.25,-1.1,1.05));
#1902 = LINE('',#1903,#1904);
#1903 = CARTESIAN_POINT('',(1.25,-1.1,0.6));
#1904 = VECTOR('',#1905,1.);
#1905 = DIRECTION('',(2.2E-16,-0.,-1.));
#1906 = ORIENTED_EDGE('',*,*,#1907,.T.);
#1907 = EDGE_CURVE('',#1900,#1908,#1910,.T.);
#1908 = VERTEX_POINT('',#1909);
#1909 = CARTESIAN_POINT('',(1.25,-1.,1.05));
#1910 = LINE('',#1911,#1912);
#1911 = CARTESIAN_POINT('',(1.25,-1.25,1.05));
#1912 = VECTOR('',#1913,1.);
#1913 = DIRECTION('',(0.,1.,0.));
#1914 = ORIENTED_EDGE('',*,*,#1915,.T.);
#1915 = EDGE_CURVE('',#1908,#1916,#1918,.T.);
#1916 = VERTEX_POINT('',#1917);
#1917 = CARTESIAN_POINT('',(1.25,-1.,1.2));
#1918 = LINE('',#1919,#1920);
#1919 = CARTESIAN_POINT('',(1.25,-1.,1.05));
#1920 = VECTOR('',#1921,1.);
#1921 = DIRECTION('',(0.,0.,1.));
#1922 = ORIENTED_EDGE('',*,*,#1923,.F.);
#1923 = EDGE_CURVE('',#1924,#1916,#1926,.T.);
#1924 = VERTEX_POINT('',#1925);
#1925 = CARTESIAN_POINT('',(1.25,-1.1,1.2));
#1926 = LINE('',#1927,#1928);
#1927 = CARTESIAN_POINT('',(1.25,-1.25,1.2));
#1928 = VECTOR('',#1929,1.);
#1929 = DIRECTION('',(0.,1.,0.));
#1930 = ORIENTED_EDGE('',*,*,#1931,.T.);
#1931 = EDGE_CURVE('',#1924,#1891,#1932,.T.);
#1932 = CIRCLE('',#1933,0.15);
#1933 = AXIS2_PLACEMENT_3D('',#1934,#1935,#1936);
#1934 = CARTESIAN_POINT('',(1.25,-1.1,1.05));
#1935 = DIRECTION('',(1.,0.,-0.));
#1936 = DIRECTION('',(0.,0.,1.));
#1937 = PLANE('',#1938);
#1938 = AXIS2_PLACEMENT_3D('',#1939,#1940,#1941);
#1939 = CARTESIAN_POINT('',(1.25,-1.149365212307,0.866132991446));
#1940 = DIRECTION('',(1.,-1.591E-14,-8.14E-15));
#1941 = DIRECTION('',(1.591E-14,1.,0.));
#1942 = ADVANCED_FACE('',(#1943,#2100),#2111,.T.);
#1943 = FACE_BOUND('',#1944,.T.);
#1944 = EDGE_LOOP('',(#1945,#1955,#1961,#1962,#1970,#1978,#1987,#1995,
    #2004,#2012,#2020,#2028,#2036,#2044,#2052,#2060,#2069,#2077,#2086,
    #2094));
#1945 = ORIENTED_EDGE('',*,*,#1946,.T.);
#1946 = EDGE_CURVE('',#1947,#1949,#1951,.T.);
#1947 = VERTEX_POINT('',#1948);
#1948 = CARTESIAN_POINT('',(-1.25,-1.,1.2));
#1949 = VERTEX_POINT('',#1950);
#1950 = CARTESIAN_POINT('',(-1.25,-1.1,1.2));
#1951 = LINE('',#1952,#1953);
#1952 = CARTESIAN_POINT('',(-1.25,-1.,1.2));
#1953 = VECTOR('',#1954,1.);
#1954 = DIRECTION('',(0.,-1.,0.));
#1955 = ORIENTED_EDGE('',*,*,#1956,.T.);
#1956 = EDGE_CURVE('',#1949,#1924,#1957,.T.);
#1957 = LINE('',#1958,#1959);
#1958 = CARTESIAN_POINT('',(-1.25,-1.1,1.2));
#1959 = VECTOR('',#1960,1.);
#1960 = DIRECTION('',(1.,0.,0.));
#1961 = ORIENTED_EDGE('',*,*,#1923,.T.);
#1962 = ORIENTED_EDGE('',*,*,#1963,.T.);
#1963 = EDGE_CURVE('',#1916,#1964,#1966,.T.);
#1964 = VERTEX_POINT('',#1965);
#1965 = CARTESIAN_POINT('',(1.5,-1.,1.2));
#1966 = LINE('',#1967,#1968);
#1967 = CARTESIAN_POINT('',(1.25,-1.,1.2));
#1968 = VECTOR('',#1969,1.);
#1969 = DIRECTION('',(1.,0.,0.));
#1970 = ORIENTED_EDGE('',*,*,#1971,.T.);
#1971 = EDGE_CURVE('',#1964,#1972,#1974,.T.);
#1972 = VERTEX_POINT('',#1973);
#1973 = CARTESIAN_POINT('',(1.5,-0.6,1.2));
#1974 = LINE('',#1975,#1976);
#1975 = CARTESIAN_POINT('',(1.5,-1.,1.2));
#1976 = VECTOR('',#1977,1.);
#1977 = DIRECTION('',(0.,1.,0.));
#1978 = ORIENTED_EDGE('',*,*,#1979,.F.);
#1979 = EDGE_CURVE('',#1980,#1972,#1982,.T.);
#1980 = VERTEX_POINT('',#1981);
#1981 = CARTESIAN_POINT('',(1.5,-0.4,1.2));
#1982 = CIRCLE('',#1983,0.1);
#1983 = AXIS2_PLACEMENT_3D('',#1984,#1985,#1986);
#1984 = CARTESIAN_POINT('',(1.5,-0.5,1.2));
#1985 = DIRECTION('',(0.,0.,1.));
#1986 = DIRECTION('',(1.,0.,0.));
#1987 = ORIENTED_EDGE('',*,*,#1988,.F.);
#1988 = EDGE_CURVE('',#1989,#1980,#1991,.T.);
#1989 = VERTEX_POINT('',#1990);
#1990 = CARTESIAN_POINT('',(1.5,0.4,1.2));
#1991 = LINE('',#1992,#1993);
#1992 = CARTESIAN_POINT('',(1.5,0.4,1.2));
#1993 = VECTOR('',#1994,1.);
#1994 = DIRECTION('',(0.,-1.,0.));
#1995 = ORIENTED_EDGE('',*,*,#1996,.F.);
#1996 = EDGE_CURVE('',#1997,#1989,#1999,.T.);
#1997 = VERTEX_POINT('',#1998);
#1998 = CARTESIAN_POINT('',(1.5,0.6,1.2));
#1999 = CIRCLE('',#2000,0.1);
#2000 = AXIS2_PLACEMENT_3D('',#2001,#2002,#2003);
#2001 = CARTESIAN_POINT('',(1.5,0.5,1.2));
#2002 = DIRECTION('',(0.,0.,1.));
#2003 = DIRECTION('',(1.,0.,0.));
#2004 = ORIENTED_EDGE('',*,*,#2005,.F.);
#2005 = EDGE_CURVE('',#2006,#1997,#2008,.T.);
#2006 = VERTEX_POINT('',#2007);
#2007 = CARTESIAN_POINT('',(1.5,1.,1.2));
#2008 = LINE('',#2009,#2010);
#2009 = CARTESIAN_POINT('',(1.5,1.,1.2));
#2010 = VECTOR('',#2011,1.);
#2011 = DIRECTION('',(0.,-1.,0.));
#2012 = ORIENTED_EDGE('',*,*,#2013,.T.);
#2013 = EDGE_CURVE('',#2006,#2014,#2016,.T.);
#2014 = VERTEX_POINT('',#2015);
#2015 = CARTESIAN_POINT('',(1.25,1.,1.2));
#2016 = LINE('',#2017,#2018);
#2017 = CARTESIAN_POINT('',(1.5,1.,1.2));
#2018 = VECTOR('',#2019,1.);
#2019 = DIRECTION('',(-1.,0.,0.));
#2020 = ORIENTED_EDGE('',*,*,#2021,.T.);
#2021 = EDGE_CURVE('',#2014,#2022,#2024,.T.);
#2022 = VERTEX_POINT('',#2023);
#2023 = CARTESIAN_POINT('',(1.25,1.1,1.2));
#2024 = LINE('',#2025,#2026);
#2025 = CARTESIAN_POINT('',(1.25,1.,1.2));
#2026 = VECTOR('',#2027,1.);
#2027 = DIRECTION('',(0.,1.,0.));
#2028 = ORIENTED_EDGE('',*,*,#2029,.F.);
#2029 = EDGE_CURVE('',#2030,#2022,#2032,.T.);
#2030 = VERTEX_POINT('',#2031);
#2031 = CARTESIAN_POINT('',(-1.25,1.1,1.2));
#2032 = LINE('',#2033,#2034);
#2033 = CARTESIAN_POINT('',(-1.25,1.1,1.2));
#2034 = VECTOR('',#2035,1.);
#2035 = DIRECTION('',(1.,0.,0.));
#2036 = ORIENTED_EDGE('',*,*,#2037,.T.);
#2037 = EDGE_CURVE('',#2030,#2038,#2040,.T.);
#2038 = VERTEX_POINT('',#2039);
#2039 = CARTESIAN_POINT('',(-1.25,1.,1.2));
#2040 = LINE('',#2041,#2042);
#2041 = CARTESIAN_POINT('',(-1.25,1.25,1.2));
#2042 = VECTOR('',#2043,1.);
#2043 = DIRECTION('',(0.,-1.,0.));
#2044 = ORIENTED_EDGE('',*,*,#2045,.T.);
#2045 = EDGE_CURVE('',#2038,#2046,#2048,.T.);
#2046 = VERTEX_POINT('',#2047);
#2047 = CARTESIAN_POINT('',(-1.5,1.,1.2));
#2048 = LINE('',#2049,#2050);
#2049 = CARTESIAN_POINT('',(-1.25,1.,1.2));
#2050 = VECTOR('',#2051,1.);
#2051 = DIRECTION('',(-1.,0.,0.));
#2052 = ORIENTED_EDGE('',*,*,#2053,.F.);
#2053 = EDGE_CURVE('',#2054,#2046,#2056,.T.);
#2054 = VERTEX_POINT('',#2055);
#2055 = CARTESIAN_POINT('',(-1.5,0.6,1.2));
#2056 = LINE('',#2057,#2058);
#2057 = CARTESIAN_POINT('',(-1.5,0.6,1.2));
#2058 = VECTOR('',#2059,1.);
#2059 = DIRECTION('',(0.,1.,0.));
#2060 = ORIENTED_EDGE('',*,*,#2061,.F.);
#2061 = EDGE_CURVE('',#2062,#2054,#2064,.T.);
#2062 = VERTEX_POINT('',#2063);
#2063 = CARTESIAN_POINT('',(-1.5,0.4,1.2));
#2064 = CIRCLE('',#2065,9.999999999966E-02);
#2065 = AXIS2_PLACEMENT_3D('',#2066,#2067,#2068);
#2066 = CARTESIAN_POINT('',(-1.5,0.5,1.2));
#2067 = DIRECTION('',(0.,0.,1.));
#2068 = DIRECTION('',(1.,0.,0.));
#2069 = ORIENTED_EDGE('',*,*,#2070,.T.);
#2070 = EDGE_CURVE('',#2062,#2071,#2073,.T.);
#2071 = VERTEX_POINT('',#2072);
#2072 = CARTESIAN_POINT('',(-1.5,-0.4,1.2));
#2073 = LINE('',#2074,#2075);
#2074 = CARTESIAN_POINT('',(-1.5,0.4,1.2));
#2075 = VECTOR('',#2076,1.);
#2076 = DIRECTION('',(0.,-1.,0.));
#2077 = ORIENTED_EDGE('',*,*,#2078,.F.);
#2078 = EDGE_CURVE('',#2079,#2071,#2081,.T.);
#2079 = VERTEX_POINT('',#2080);
#2080 = CARTESIAN_POINT('',(-1.5,-0.6,1.2));
#2081 = CIRCLE('',#2082,0.1);
#2082 = AXIS2_PLACEMENT_3D('',#2083,#2084,#2085);
#2083 = CARTESIAN_POINT('',(-1.5,-0.5,1.2));
#2084 = DIRECTION('',(0.,0.,1.));
#2085 = DIRECTION('',(1.,0.,0.));
#2086 = ORIENTED_EDGE('',*,*,#2087,.T.);
#2087 = EDGE_CURVE('',#2079,#2088,#2090,.T.);
#2088 = VERTEX_POINT('',#2089);
#2089 = CARTESIAN_POINT('',(-1.5,-1.,1.2));
#2090 = LINE('',#2091,#2092);
#2091 = CARTESIAN_POINT('',(-1.5,-0.6,1.2));
#2092 = VECTOR('',#2093,1.);
#2093 = DIRECTION('',(0.,-1.,0.));
#2094 = ORIENTED_EDGE('',*,*,#2095,.T.);
#2095 = EDGE_CURVE('',#2088,#1947,#2096,.T.);
#2096 = LINE('',#2097,#2098);
#2097 = CARTESIAN_POINT('',(-1.5,-1.,1.2));
#2098 = VECTOR('',#2099,1.);
#2099 = DIRECTION('',(1.,0.,0.));
#2100 = FACE_BOUND('',#2101,.T.);
#2101 = EDGE_LOOP('',(#2102));
#2102 = ORIENTED_EDGE('',*,*,#2103,.F.);
#2103 = EDGE_CURVE('',#2104,#2104,#2106,.T.);
#2104 = VERTEX_POINT('',#2105);
#2105 = CARTESIAN_POINT('',(0.8,0.,1.2));
#2106 = CIRCLE('',#2107,0.8);
#2107 = AXIS2_PLACEMENT_3D('',#2108,#2109,#2110);
#2108 = CARTESIAN_POINT('',(0.,0.,1.2));
#2109 = DIRECTION('',(0.,0.,1.));
#2110 = DIRECTION('',(1.,0.,0.));
#2111 = PLANE('',#2112);
#2112 = AXIS2_PLACEMENT_3D('',#2113,#2114,#2115);
#2113 = CARTESIAN_POINT('',(9.16E-14,-3.314E-14,1.2));
#2114 = DIRECTION('',(0.,0.,1.));
#2115 = DIRECTION('',(1.,0.,0.));
#2116 = ADVANCED_FACE('',(#2117),#2167,.T.);
#2117 = FACE_BOUND('',#2118,.T.);
#2118 = EDGE_LOOP('',(#2119,#2128,#2129,#2137,#2145,#2153,#2161));
#2119 = ORIENTED_EDGE('',*,*,#2120,.F.);
#2120 = EDGE_CURVE('',#1949,#2121,#2123,.T.);
#2121 = VERTEX_POINT('',#2122);
#2122 = CARTESIAN_POINT('',(-1.25,-1.25,1.05));
#2123 = CIRCLE('',#2124,0.15);
#2124 = AXIS2_PLACEMENT_3D('',#2125,#2126,#2127);
#2125 = CARTESIAN_POINT('',(-1.25,-1.1,1.05));
#2126 = DIRECTION('',(1.,0.,-0.));
#2127 = DIRECTION('',(0.,0.,1.));
#2128 = ORIENTED_EDGE('',*,*,#1946,.F.);
#2129 = ORIENTED_EDGE('',*,*,#2130,.F.);
#2130 = EDGE_CURVE('',#2131,#1947,#2133,.T.);
#2131 = VERTEX_POINT('',#2132);
#2132 = CARTESIAN_POINT('',(-1.25,-1.,1.05));
#2133 = LINE('',#2134,#2135);
#2134 = CARTESIAN_POINT('',(-1.25,-1.,1.05));
#2135 = VECTOR('',#2136,1.);
#2136 = DIRECTION('',(0.,0.,1.));
#2137 = ORIENTED_EDGE('',*,*,#2138,.T.);
#2138 = EDGE_CURVE('',#2131,#2139,#2141,.T.);
#2139 = VERTEX_POINT('',#2140);
#2140 = CARTESIAN_POINT('',(-1.25,-1.1,1.05));
#2141 = LINE('',#2142,#2143);
#2142 = CARTESIAN_POINT('',(-1.25,-1.,1.05));
#2143 = VECTOR('',#2144,1.);
#2144 = DIRECTION('',(0.,-1.,0.));
#2145 = ORIENTED_EDGE('',*,*,#2146,.T.);
#2146 = EDGE_CURVE('',#2139,#2147,#2149,.T.);
#2147 = VERTEX_POINT('',#2148);
#2148 = CARTESIAN_POINT('',(-1.25,-1.1,0.5));
#2149 = LINE('',#2150,#2151);
#2150 = CARTESIAN_POINT('',(-1.25,-1.1,1.05));
#2151 = VECTOR('',#2152,1.);
#2152 = DIRECTION('',(0.,0.,-1.));
#2153 = ORIENTED_EDGE('',*,*,#2154,.T.);
#2154 = EDGE_CURVE('',#2147,#2155,#2157,.T.);
#2155 = VERTEX_POINT('',#2156);
#2156 = CARTESIAN_POINT('',(-1.25,-1.25,0.5));
#2157 = LINE('',#2158,#2159);
#2158 = CARTESIAN_POINT('',(-1.25,-1.145,0.5));
#2159 = VECTOR('',#2160,1.);
#2160 = DIRECTION('',(2.931E-13,-1.,6.5E-16));
#2161 = ORIENTED_EDGE('',*,*,#2162,.F.);
#2162 = EDGE_CURVE('',#2121,#2155,#2163,.T.);
#2163 = LINE('',#2164,#2165);
#2164 = CARTESIAN_POINT('',(-1.25,-1.25,0.6));
#2165 = VECTOR('',#2166,1.);
#2166 = DIRECTION('',(0.,0.,-1.));
#2167 = PLANE('',#2168);
#2168 = AXIS2_PLACEMENT_3D('',#2169,#2170,#2171);
#2169 = CARTESIAN_POINT('',(-1.25,-1.155687148193,0.720350435477));
#2170 = DIRECTION('',(-1.,-0.,-0.));
#2171 = DIRECTION('',(0.,0.,-1.));
#2172 = ADVANCED_FACE('',(#2173),#2191,.F.);
#2173 = FACE_BOUND('',#2174,.F.);
#2174 = EDGE_LOOP('',(#2175,#2183,#2184,#2185));
#2175 = ORIENTED_EDGE('',*,*,#2176,.T.);
#2176 = EDGE_CURVE('',#2177,#2088,#2179,.T.);
#2177 = VERTEX_POINT('',#2178);
#2178 = CARTESIAN_POINT('',(-1.5,-1.,1.05));
#2179 = LINE('',#2180,#2181);
#2180 = CARTESIAN_POINT('',(-1.5,-1.,1.05));
#2181 = VECTOR('',#2182,1.);
#2182 = DIRECTION('',(0.,0.,1.));
#2183 = ORIENTED_EDGE('',*,*,#2095,.T.);
#2184 = ORIENTED_EDGE('',*,*,#2130,.F.);
#2185 = ORIENTED_EDGE('',*,*,#2186,.F.);
#2186 = EDGE_CURVE('',#2177,#2131,#2187,.T.);
#2187 = LINE('',#2188,#2189);
#2188 = CARTESIAN_POINT('',(-1.5,-1.,1.05));
#2189 = VECTOR('',#2190,1.);
#2190 = DIRECTION('',(1.,0.,0.));
#2191 = PLANE('',#2192);
#2192 = AXIS2_PLACEMENT_3D('',#2193,#2194,#2195);
#2193 = CARTESIAN_POINT('',(-1.5,-1.,1.05));
#2194 = DIRECTION('',(0.,1.,0.));
#2195 = DIRECTION('',(1.,0.,0.));
#2196 = ADVANCED_FACE('',(#2197),#2215,.F.);
#2197 = FACE_BOUND('',#2198,.F.);
#2198 = EDGE_LOOP('',(#2199,#2207,#2208,#2209));
#2199 = ORIENTED_EDGE('',*,*,#2200,.T.);
#2200 = EDGE_CURVE('',#2201,#2079,#2203,.T.);
#2201 = VERTEX_POINT('',#2202);
#2202 = CARTESIAN_POINT('',(-1.5,-0.6,1.05));
#2203 = LINE('',#2204,#2205);
#2204 = CARTESIAN_POINT('',(-1.5,-0.6,1.05));
#2205 = VECTOR('',#2206,1.);
#2206 = DIRECTION('',(0.,0.,1.));
#2207 = ORIENTED_EDGE('',*,*,#2087,.T.);
#2208 = ORIENTED_EDGE('',*,*,#2176,.F.);
#2209 = ORIENTED_EDGE('',*,*,#2210,.F.);
#2210 = EDGE_CURVE('',#2201,#2177,#2211,.T.);
#2211 = LINE('',#2212,#2213);
#2212 = CARTESIAN_POINT('',(-1.5,-0.6,1.05));
#2213 = VECTOR('',#2214,1.);
#2214 = DIRECTION('',(0.,-1.,0.));
#2215 = PLANE('',#2216);
#2216 = AXIS2_PLACEMENT_3D('',#2217,#2218,#2219);
#2217 = CARTESIAN_POINT('',(-1.5,-0.6,1.05));
#2218 = DIRECTION('',(1.,0.,0.));
#2219 = DIRECTION('',(0.,-1.,0.));
#2220 = ADVANCED_FACE('',(#2221),#2240,.F.);
#2221 = FACE_BOUND('',#2222,.T.);
#2222 = EDGE_LOOP('',(#2223,#2224,#2225,#2233));
#2223 = ORIENTED_EDGE('',*,*,#2200,.T.);
#2224 = ORIENTED_EDGE('',*,*,#2078,.T.);
#2225 = ORIENTED_EDGE('',*,*,#2226,.F.);
#2226 = EDGE_CURVE('',#2227,#2071,#2229,.T.);
#2227 = VERTEX_POINT('',#2228);
#2228 = CARTESIAN_POINT('',(-1.5,-0.4,1.05));
#2229 = LINE('',#2230,#2231);
#2230 = CARTESIAN_POINT('',(-1.5,-0.4,1.05));
#2231 = VECTOR('',#2232,1.);
#2232 = DIRECTION('',(0.,0.,1.));
#2233 = ORIENTED_EDGE('',*,*,#2234,.F.);
#2234 = EDGE_CURVE('',#2201,#2227,#2235,.T.);
#2235 = CIRCLE('',#2236,0.1);
#2236 = AXIS2_PLACEMENT_3D('',#2237,#2238,#2239);
#2237 = CARTESIAN_POINT('',(-1.5,-0.5,1.05));
#2238 = DIRECTION('',(0.,0.,1.));
#2239 = DIRECTION('',(1.,0.,0.));
#2240 = CYLINDRICAL_SURFACE('',#2241,0.1);
#2241 = AXIS2_PLACEMENT_3D('',#2242,#2243,#2244);
#2242 = CARTESIAN_POINT('',(-1.5,-0.5,1.05));
#2243 = DIRECTION('',(-0.,-0.,-1.));
#2244 = DIRECTION('',(1.,0.,0.));
#2245 = ADVANCED_FACE('',(#2246),#2264,.F.);
#2246 = FACE_BOUND('',#2247,.F.);
#2247 = EDGE_LOOP('',(#2248,#2256,#2257,#2258));
#2248 = ORIENTED_EDGE('',*,*,#2249,.T.);
#2249 = EDGE_CURVE('',#2250,#2062,#2252,.T.);
#2250 = VERTEX_POINT('',#2251);
#2251 = CARTESIAN_POINT('',(-1.5,0.4,1.05));
#2252 = LINE('',#2253,#2254);
#2253 = CARTESIAN_POINT('',(-1.5,0.4,1.05));
#2254 = VECTOR('',#2255,1.);
#2255 = DIRECTION('',(0.,0.,1.));
#2256 = ORIENTED_EDGE('',*,*,#2070,.T.);
#2257 = ORIENTED_EDGE('',*,*,#2226,.F.);
#2258 = ORIENTED_EDGE('',*,*,#2259,.F.);
#2259 = EDGE_CURVE('',#2250,#2227,#2260,.T.);
#2260 = LINE('',#2261,#2262);
#2261 = CARTESIAN_POINT('',(-1.5,0.4,1.05));
#2262 = VECTOR('',#2263,1.);
#2263 = DIRECTION('',(0.,-1.,0.));
#2264 = PLANE('',#2265);
#2265 = AXIS2_PLACEMENT_3D('',#2266,#2267,#2268);
#2266 = CARTESIAN_POINT('',(-1.5,0.4,1.05));
#2267 = DIRECTION('',(1.,0.,0.));
#2268 = DIRECTION('',(0.,-1.,0.));
#2269 = ADVANCED_FACE('',(#2270),#2289,.F.);
#2270 = FACE_BOUND('',#2271,.T.);
#2271 = EDGE_LOOP('',(#2272,#2273,#2274,#2282));
#2272 = ORIENTED_EDGE('',*,*,#2249,.T.);
#2273 = ORIENTED_EDGE('',*,*,#2061,.T.);
#2274 = ORIENTED_EDGE('',*,*,#2275,.F.);
#2275 = EDGE_CURVE('',#2276,#2054,#2278,.T.);
#2276 = VERTEX_POINT('',#2277);
#2277 = CARTESIAN_POINT('',(-1.5,0.6,1.05));
#2278 = LINE('',#2279,#2280);
#2279 = CARTESIAN_POINT('',(-1.5,0.6,1.05));
#2280 = VECTOR('',#2281,1.);
#2281 = DIRECTION('',(0.,0.,1.));
#2282 = ORIENTED_EDGE('',*,*,#2283,.F.);
#2283 = EDGE_CURVE('',#2250,#2276,#2284,.T.);
#2284 = CIRCLE('',#2285,9.999999999966E-02);
#2285 = AXIS2_PLACEMENT_3D('',#2286,#2287,#2288);
#2286 = CARTESIAN_POINT('',(-1.5,0.5,1.05));
#2287 = DIRECTION('',(0.,0.,1.));
#2288 = DIRECTION('',(1.,0.,0.));
#2289 = CYLINDRICAL_SURFACE('',#2290,9.999999999966E-02);
#2290 = AXIS2_PLACEMENT_3D('',#2291,#2292,#2293);
#2291 = CARTESIAN_POINT('',(-1.5,0.5,1.05));
#2292 = DIRECTION('',(-0.,-0.,-1.));
#2293 = DIRECTION('',(1.,0.,0.));
#2294 = ADVANCED_FACE('',(#2295),#2313,.T.);
#2295 = FACE_BOUND('',#2296,.T.);
#2296 = EDGE_LOOP('',(#2297,#2298,#2299,#2307));
#2297 = ORIENTED_EDGE('',*,*,#2275,.T.);
#2298 = ORIENTED_EDGE('',*,*,#2053,.T.);
#2299 = ORIENTED_EDGE('',*,*,#2300,.F.);
#2300 = EDGE_CURVE('',#2301,#2046,#2303,.T.);
#2301 = VERTEX_POINT('',#2302);
#2302 = CARTESIAN_POINT('',(-1.5,1.,1.05));
#2303 = LINE('',#2304,#2305);
#2304 = CARTESIAN_POINT('',(-1.5,1.,1.05));
#2305 = VECTOR('',#2306,1.);
#2306 = DIRECTION('',(0.,0.,1.));
#2307 = ORIENTED_EDGE('',*,*,#2308,.F.);
#2308 = EDGE_CURVE('',#2276,#2301,#2309,.T.);
#2309 = LINE('',#2310,#2311);
#2310 = CARTESIAN_POINT('',(-1.5,0.6,1.05));
#2311 = VECTOR('',#2312,1.);
#2312 = DIRECTION('',(0.,1.,0.));
#2313 = PLANE('',#2314);
#2314 = AXIS2_PLACEMENT_3D('',#2315,#2316,#2317);
#2315 = CARTESIAN_POINT('',(-1.5,0.6,1.05));
#2316 = DIRECTION('',(-1.,0.,0.));
#2317 = DIRECTION('',(0.,1.,0.));
#2318 = ADVANCED_FACE('',(#2319),#2337,.F.);
#2319 = FACE_BOUND('',#2320,.F.);
#2320 = EDGE_LOOP('',(#2321,#2329,#2330,#2331));
#2321 = ORIENTED_EDGE('',*,*,#2322,.T.);
#2322 = EDGE_CURVE('',#2323,#2038,#2325,.T.);
#2323 = VERTEX_POINT('',#2324);
#2324 = CARTESIAN_POINT('',(-1.25,1.,1.05));
#2325 = LINE('',#2326,#2327);
#2326 = CARTESIAN_POINT('',(-1.25,1.,1.05));
#2327 = VECTOR('',#2328,1.);
#2328 = DIRECTION('',(0.,0.,1.));
#2329 = ORIENTED_EDGE('',*,*,#2045,.T.);
#2330 = ORIENTED_EDGE('',*,*,#2300,.F.);
#2331 = ORIENTED_EDGE('',*,*,#2332,.F.);
#2332 = EDGE_CURVE('',#2323,#2301,#2333,.T.);
#2333 = LINE('',#2334,#2335);
#2334 = CARTESIAN_POINT('',(-1.25,1.,1.05));
#2335 = VECTOR('',#2336,1.);
#2336 = DIRECTION('',(-1.,0.,0.));
#2337 = PLANE('',#2338);
#2338 = AXIS2_PLACEMENT_3D('',#2339,#2340,#2341);
#2339 = CARTESIAN_POINT('',(-1.25,1.,1.05));
#2340 = DIRECTION('',(0.,-1.,0.));
#2341 = DIRECTION('',(-1.,0.,0.));
#2342 = ADVANCED_FACE('',(#2343),#2370,.T.);
#2343 = FACE_BOUND('',#2344,.F.);
#2344 = EDGE_LOOP('',(#2345,#2354,#2362,#2369));
#2345 = ORIENTED_EDGE('',*,*,#2346,.T.);
#2346 = EDGE_CURVE('',#2030,#2347,#2349,.T.);
#2347 = VERTEX_POINT('',#2348);
#2348 = CARTESIAN_POINT('',(-1.25,1.25,1.05));
#2349 = CIRCLE('',#2350,0.15);
#2350 = AXIS2_PLACEMENT_3D('',#2351,#2352,#2353);
#2351 = CARTESIAN_POINT('',(-1.25,1.1,1.05));
#2352 = DIRECTION('',(-1.,0.,0.));
#2353 = DIRECTION('',(0.,-4.4E-16,1.));
#2354 = ORIENTED_EDGE('',*,*,#2355,.F.);
#2355 = EDGE_CURVE('',#2356,#2347,#2358,.T.);
#2356 = VERTEX_POINT('',#2357);
#2357 = CARTESIAN_POINT('',(1.25,1.25,1.05));
#2358 = LINE('',#2359,#2360);
#2359 = CARTESIAN_POINT('',(1.25,1.25,1.05));
#2360 = VECTOR('',#2361,1.);
#2361 = DIRECTION('',(-1.,0.,0.));
#2362 = ORIENTED_EDGE('',*,*,#2363,.F.);
#2363 = EDGE_CURVE('',#2022,#2356,#2364,.T.);
#2364 = CIRCLE('',#2365,0.15);
#2365 = AXIS2_PLACEMENT_3D('',#2366,#2367,#2368);
#2366 = CARTESIAN_POINT('',(1.25,1.1,1.05));
#2367 = DIRECTION('',(-1.,0.,0.));
#2368 = DIRECTION('',(0.,-4.4E-16,1.));
#2369 = ORIENTED_EDGE('',*,*,#2029,.F.);
#2370 = CYLINDRICAL_SURFACE('',#2371,0.15);
#2371 = AXIS2_PLACEMENT_3D('',#2372,#2373,#2374);
#2372 = CARTESIAN_POINT('',(-1.25,1.1,1.05));
#2373 = DIRECTION('',(1.,0.,0.));
#2374 = DIRECTION('',(0.,-4.4E-16,1.));
#2375 = ADVANCED_FACE('',(#2376),#2401,.F.);
#2376 = FACE_BOUND('',#2377,.F.);
#2377 = EDGE_LOOP('',(#2378,#2386,#2387,#2395));
#2378 = ORIENTED_EDGE('',*,*,#2379,.T.);
#2379 = EDGE_CURVE('',#2380,#2006,#2382,.T.);
#2380 = VERTEX_POINT('',#2381);
#2381 = CARTESIAN_POINT('',(1.5,1.,1.05));
#2382 = LINE('',#2383,#2384);
#2383 = CARTESIAN_POINT('',(1.5,1.,1.05));
#2384 = VECTOR('',#2385,1.);
#2385 = DIRECTION('',(0.,0.,1.));
#2386 = ORIENTED_EDGE('',*,*,#2013,.T.);
#2387 = ORIENTED_EDGE('',*,*,#2388,.F.);
#2388 = EDGE_CURVE('',#2389,#2014,#2391,.T.);
#2389 = VERTEX_POINT('',#2390);
#2390 = CARTESIAN_POINT('',(1.25,1.,1.05));
#2391 = LINE('',#2392,#2393);
#2392 = CARTESIAN_POINT('',(1.25,1.,1.05));
#2393 = VECTOR('',#2394,1.);
#2394 = DIRECTION('',(0.,0.,1.));
#2395 = ORIENTED_EDGE('',*,*,#2396,.F.);
#2396 = EDGE_CURVE('',#2380,#2389,#2397,.T.);
#2397 = LINE('',#2398,#2399);
#2398 = CARTESIAN_POINT('',(1.5,1.,1.05));
#2399 = VECTOR('',#2400,1.);
#2400 = DIRECTION('',(-1.,0.,0.));
#2401 = PLANE('',#2402);
#2402 = AXIS2_PLACEMENT_3D('',#2403,#2404,#2405);
#2403 = CARTESIAN_POINT('',(1.5,1.,1.05));
#2404 = DIRECTION('',(0.,-1.,0.));
#2405 = DIRECTION('',(-1.,0.,0.));
#2406 = ADVANCED_FACE('',(#2407),#2425,.T.);
#2407 = FACE_BOUND('',#2408,.T.);
#2408 = EDGE_LOOP('',(#2409,#2410,#2411,#2419));
#2409 = ORIENTED_EDGE('',*,*,#2379,.T.);
#2410 = ORIENTED_EDGE('',*,*,#2005,.T.);
#2411 = ORIENTED_EDGE('',*,*,#2412,.F.);
#2412 = EDGE_CURVE('',#2413,#1997,#2415,.T.);
#2413 = VERTEX_POINT('',#2414);
#2414 = CARTESIAN_POINT('',(1.5,0.6,1.05));
#2415 = LINE('',#2416,#2417);
#2416 = CARTESIAN_POINT('',(1.5,0.6,1.05));
#2417 = VECTOR('',#2418,1.);
#2418 = DIRECTION('',(0.,0.,1.));
#2419 = ORIENTED_EDGE('',*,*,#2420,.F.);
#2420 = EDGE_CURVE('',#2380,#2413,#2421,.T.);
#2421 = LINE('',#2422,#2423);
#2422 = CARTESIAN_POINT('',(1.5,1.,1.05));
#2423 = VECTOR('',#2424,1.);
#2424 = DIRECTION('',(0.,-1.,0.));
#2425 = PLANE('',#2426);
#2426 = AXIS2_PLACEMENT_3D('',#2427,#2428,#2429);
#2427 = CARTESIAN_POINT('',(1.5,1.,1.05));
#2428 = DIRECTION('',(1.,0.,0.));
#2429 = DIRECTION('',(0.,-1.,0.));
#2430 = ADVANCED_FACE('',(#2431),#2450,.F.);
#2431 = FACE_BOUND('',#2432,.T.);
#2432 = EDGE_LOOP('',(#2433,#2434,#2435,#2443));
#2433 = ORIENTED_EDGE('',*,*,#2412,.T.);
#2434 = ORIENTED_EDGE('',*,*,#1996,.T.);
#2435 = ORIENTED_EDGE('',*,*,#2436,.F.);
#2436 = EDGE_CURVE('',#2437,#1989,#2439,.T.);
#2437 = VERTEX_POINT('',#2438);
#2438 = CARTESIAN_POINT('',(1.5,0.4,1.05));
#2439 = LINE('',#2440,#2441);
#2440 = CARTESIAN_POINT('',(1.5,0.4,1.05));
#2441 = VECTOR('',#2442,1.);
#2442 = DIRECTION('',(0.,0.,1.));
#2443 = ORIENTED_EDGE('',*,*,#2444,.F.);
#2444 = EDGE_CURVE('',#2413,#2437,#2445,.T.);
#2445 = CIRCLE('',#2446,0.1);
#2446 = AXIS2_PLACEMENT_3D('',#2447,#2448,#2449);
#2447 = CARTESIAN_POINT('',(1.5,0.5,1.05));
#2448 = DIRECTION('',(0.,0.,1.));
#2449 = DIRECTION('',(1.,0.,0.));
#2450 = CYLINDRICAL_SURFACE('',#2451,0.1);
#2451 = AXIS2_PLACEMENT_3D('',#2452,#2453,#2454);
#2452 = CARTESIAN_POINT('',(1.5,0.5,1.05));
#2453 = DIRECTION('',(-0.,-0.,-1.));
#2454 = DIRECTION('',(1.,0.,0.));
#2455 = ADVANCED_FACE('',(#2456),#2474,.T.);
#2456 = FACE_BOUND('',#2457,.T.);
#2457 = EDGE_LOOP('',(#2458,#2459,#2460,#2468));
#2458 = ORIENTED_EDGE('',*,*,#2436,.T.);
#2459 = ORIENTED_EDGE('',*,*,#1988,.T.);
#2460 = ORIENTED_EDGE('',*,*,#2461,.F.);
#2461 = EDGE_CURVE('',#2462,#1980,#2464,.T.);
#2462 = VERTEX_POINT('',#2463);
#2463 = CARTESIAN_POINT('',(1.5,-0.4,1.05));
#2464 = LINE('',#2465,#2466);
#2465 = CARTESIAN_POINT('',(1.5,-0.4,1.05));
#2466 = VECTOR('',#2467,1.);
#2467 = DIRECTION('',(0.,0.,1.));
#2468 = ORIENTED_EDGE('',*,*,#2469,.F.);
#2469 = EDGE_CURVE('',#2437,#2462,#2470,.T.);
#2470 = LINE('',#2471,#2472);
#2471 = CARTESIAN_POINT('',(1.5,0.4,1.05));
#2472 = VECTOR('',#2473,1.);
#2473 = DIRECTION('',(0.,-1.,0.));
#2474 = PLANE('',#2475);
#2475 = AXIS2_PLACEMENT_3D('',#2476,#2477,#2478);
#2476 = CARTESIAN_POINT('',(1.5,0.4,1.05));
#2477 = DIRECTION('',(1.,0.,0.));
#2478 = DIRECTION('',(0.,-1.,0.));
#2479 = ADVANCED_FACE('',(#2480),#2499,.F.);
#2480 = FACE_BOUND('',#2481,.T.);
#2481 = EDGE_LOOP('',(#2482,#2483,#2484,#2492));
#2482 = ORIENTED_EDGE('',*,*,#2461,.T.);
#2483 = ORIENTED_EDGE('',*,*,#1979,.T.);
#2484 = ORIENTED_EDGE('',*,*,#2485,.F.);
#2485 = EDGE_CURVE('',#2486,#1972,#2488,.T.);
#2486 = VERTEX_POINT('',#2487);
#2487 = CARTESIAN_POINT('',(1.5,-0.6,1.05));
#2488 = LINE('',#2489,#2490);
#2489 = CARTESIAN_POINT('',(1.5,-0.6,1.05));
#2490 = VECTOR('',#2491,1.);
#2491 = DIRECTION('',(0.,0.,1.));
#2492 = ORIENTED_EDGE('',*,*,#2493,.F.);
#2493 = EDGE_CURVE('',#2462,#2486,#2494,.T.);
#2494 = CIRCLE('',#2495,0.1);
#2495 = AXIS2_PLACEMENT_3D('',#2496,#2497,#2498);
#2496 = CARTESIAN_POINT('',(1.5,-0.5,1.05));
#2497 = DIRECTION('',(0.,0.,1.));
#2498 = DIRECTION('',(1.,0.,0.));
#2499 = CYLINDRICAL_SURFACE('',#2500,0.1);
#2500 = AXIS2_PLACEMENT_3D('',#2501,#2502,#2503);
#2501 = CARTESIAN_POINT('',(1.5,-0.5,1.05));
#2502 = DIRECTION('',(-0.,-0.,-1.));
#2503 = DIRECTION('',(1.,0.,0.));
#2504 = ADVANCED_FACE('',(#2505),#2523,.F.);
#2505 = FACE_BOUND('',#2506,.F.);
#2506 = EDGE_LOOP('',(#2507,#2515,#2516,#2517));
#2507 = ORIENTED_EDGE('',*,*,#2508,.T.);
#2508 = EDGE_CURVE('',#2509,#1964,#2511,.T.);
#2509 = VERTEX_POINT('',#2510);
#2510 = CARTESIAN_POINT('',(1.5,-1.,1.05));
#2511 = LINE('',#2512,#2513);
#2512 = CARTESIAN_POINT('',(1.5,-1.,1.05));
#2513 = VECTOR('',#2514,1.);
#2514 = DIRECTION('',(0.,0.,1.));
#2515 = ORIENTED_EDGE('',*,*,#1971,.T.);
#2516 = ORIENTED_EDGE('',*,*,#2485,.F.);
#2517 = ORIENTED_EDGE('',*,*,#2518,.F.);
#2518 = EDGE_CURVE('',#2509,#2486,#2519,.T.);
#2519 = LINE('',#2520,#2521);
#2520 = CARTESIAN_POINT('',(1.5,-1.,1.05));
#2521 = VECTOR('',#2522,1.);
#2522 = DIRECTION('',(0.,1.,0.));
#2523 = PLANE('',#2524);
#2524 = AXIS2_PLACEMENT_3D('',#2525,#2526,#2527);
#2525 = CARTESIAN_POINT('',(1.5,-1.,1.05));
#2526 = DIRECTION('',(-1.,0.,0.));
#2527 = DIRECTION('',(0.,1.,0.));
#2528 = ADVANCED_FACE('',(#2529),#2540,.F.);
#2529 = FACE_BOUND('',#2530,.F.);
#2530 = EDGE_LOOP('',(#2531,#2532,#2533,#2534));
#2531 = ORIENTED_EDGE('',*,*,#1915,.T.);
#2532 = ORIENTED_EDGE('',*,*,#1963,.T.);
#2533 = ORIENTED_EDGE('',*,*,#2508,.F.);
#2534 = ORIENTED_EDGE('',*,*,#2535,.F.);
#2535 = EDGE_CURVE('',#1908,#2509,#2536,.T.);
#2536 = LINE('',#2537,#2538);
#2537 = CARTESIAN_POINT('',(1.25,-1.,1.05));
#2538 = VECTOR('',#2539,1.);
#2539 = DIRECTION('',(1.,0.,0.));
#2540 = PLANE('',#2541);
#2541 = AXIS2_PLACEMENT_3D('',#2542,#2543,#2544);
#2542 = CARTESIAN_POINT('',(1.25,-1.,1.05));
#2543 = DIRECTION('',(0.,1.,0.));
#2544 = DIRECTION('',(1.,0.,0.));
#2545 = ADVANCED_FACE('',(#2546),#2557,.T.);
#2546 = FACE_BOUND('',#2547,.T.);
#2547 = EDGE_LOOP('',(#2548,#2549,#2555,#2556));
#2548 = ORIENTED_EDGE('',*,*,#2120,.T.);
#2549 = ORIENTED_EDGE('',*,*,#2550,.T.);
#2550 = EDGE_CURVE('',#2121,#1891,#2551,.T.);
#2551 = LINE('',#2552,#2553);
#2552 = CARTESIAN_POINT('',(-1.25,-1.25,1.05));
#2553 = VECTOR('',#2554,1.);
#2554 = DIRECTION('',(1.,0.,0.));
#2555 = ORIENTED_EDGE('',*,*,#1931,.F.);
#2556 = ORIENTED_EDGE('',*,*,#1956,.F.);
#2557 = CYLINDRICAL_SURFACE('',#2558,0.15);
#2558 = AXIS2_PLACEMENT_3D('',#2559,#2560,#2561);
#2559 = CARTESIAN_POINT('',(-1.25,-1.1,1.05));
#2560 = DIRECTION('',(1.,0.,0.));
#2561 = DIRECTION('',(0.,0.,1.));
#2562 = ADVANCED_FACE('',(#2563),#2582,.F.);
#2563 = FACE_BOUND('',#2564,.T.);
#2564 = EDGE_LOOP('',(#2565,#2573,#2574,#2575));
#2565 = ORIENTED_EDGE('',*,*,#2566,.T.);
#2566 = EDGE_CURVE('',#2567,#2104,#2569,.T.);
#2567 = VERTEX_POINT('',#2568);
#2568 = CARTESIAN_POINT('',(0.8,0.,1.05));
#2569 = LINE('',#2570,#2571);
#2570 = CARTESIAN_POINT('',(0.8,0.,1.05));
#2571 = VECTOR('',#2572,1.);
#2572 = DIRECTION('',(0.,0.,1.));
#2573 = ORIENTED_EDGE('',*,*,#2103,.T.);
#2574 = ORIENTED_EDGE('',*,*,#2566,.F.);
#2575 = ORIENTED_EDGE('',*,*,#2576,.F.);
#2576 = EDGE_CURVE('',#2567,#2567,#2577,.T.);
#2577 = CIRCLE('',#2578,0.8);
#2578 = AXIS2_PLACEMENT_3D('',#2579,#2580,#2581);
#2579 = CARTESIAN_POINT('',(0.,0.,1.05));
#2580 = DIRECTION('',(0.,0.,1.));
#2581 = DIRECTION('',(1.,0.,0.));
#2582 = CYLINDRICAL_SURFACE('',#2583,0.8);
#2583 = AXIS2_PLACEMENT_3D('',#2584,#2585,#2586);
#2584 = CARTESIAN_POINT('',(0.,0.,1.05));
#2585 = DIRECTION('',(-0.,-0.,-1.));
#2586 = DIRECTION('',(1.,0.,0.));
#2587 = ADVANCED_FACE('',(#2588),#2622,.F.);
#2588 = FACE_BOUND('',#2589,.F.);
#2589 = EDGE_LOOP('',(#2590,#2600,#2606,#2607,#2616));
#2590 = ORIENTED_EDGE('',*,*,#2591,.T.);
#2591 = EDGE_CURVE('',#2592,#2594,#2596,.T.);
#2592 = VERTEX_POINT('',#2593);
#2593 = CARTESIAN_POINT('',(-1.5,-0.911961341385,0.5));
#2594 = VERTEX_POINT('',#2595);
#2595 = CARTESIAN_POINT('',(-1.363395489921,-0.85,0.5));
#2596 = LINE('',#2597,#2598);
#2597 = CARTESIAN_POINT('',(-1.387358054673,-0.860868987079,0.5));
#2598 = VECTOR('',#2599,1.);
#2599 = DIRECTION('',(0.910696733856,0.413075609234,-2.7E-16));
#2600 = ORIENTED_EDGE('',*,*,#2601,.T.);
#2601 = EDGE_CURVE('',#2594,#2147,#2602,.T.);
#2602 = LINE('',#2603,#2604);
#2603 = CARTESIAN_POINT('',(-1.268537435249,-1.059131012921,0.5));
#2604 = VECTOR('',#2605,1.);
#2605 = DIRECTION('',(0.413075609223,-0.910696733861,5.9E-16));
#2606 = ORIENTED_EDGE('',*,*,#2154,.T.);
#2607 = ORIENTED_EDGE('',*,*,#2608,.T.);
#2608 = EDGE_CURVE('',#2155,#2609,#2611,.T.);
#2609 = VERTEX_POINT('',#2610);
#2610 = CARTESIAN_POINT('',(-1.38660451007,-1.16196134139,0.5));
#2611 = CIRCLE('',#2612,0.149999999991);
#2612 = AXIS2_PLACEMENT_3D('',#2613,#2614,#2615);
#2613 = CARTESIAN_POINT('',(-1.25,-1.100000000009,0.5));
#2614 = DIRECTION('',(0.,0.,-1.));
#2615 = DIRECTION('',(1.,0.,0.));
#2616 = ORIENTED_EDGE('',*,*,#2617,.T.);
#2617 = EDGE_CURVE('',#2609,#2592,#2618,.T.);
#2618 = LINE('',#2619,#2620);
#2619 = CARTESIAN_POINT('',(-1.461839690287,-0.996092354306,0.5));
#2620 = VECTOR('',#2621,1.);
#2621 = DIRECTION('',(-0.413075609243,0.910696733852,-5.9E-16));
#2622 = PLANE('',#2623);
#2623 = AXIS2_PLACEMENT_3D('',#2624,#2625,#2626);
#2624 = CARTESIAN_POINT('',(-1.335,-1.04,0.5));
#2625 = DIRECTION('',(-0.,-6.5E-16,-1.));
#2626 = DIRECTION('',(0.,-1.,6.5E-16));
#2627 = ADVANCED_FACE('',(#2628,#2674),#2677,.F.);
#2628 = FACE_BOUND('',#2629,.F.);
#2629 = EDGE_LOOP('',(#2630,#2631,#2632,#2633,#2634,#2635,#2636,#2642,
    #2643,#2644,#2645,#2646,#2647,#2648,#2649,#2650,#2658,#2666,#2672,
    #2673));
#2630 = ORIENTED_EDGE('',*,*,#2283,.F.);
#2631 = ORIENTED_EDGE('',*,*,#2259,.T.);
#2632 = ORIENTED_EDGE('',*,*,#2234,.F.);
#2633 = ORIENTED_EDGE('',*,*,#2210,.T.);
#2634 = ORIENTED_EDGE('',*,*,#2186,.T.);
#2635 = ORIENTED_EDGE('',*,*,#2138,.T.);
#2636 = ORIENTED_EDGE('',*,*,#2637,.T.);
#2637 = EDGE_CURVE('',#2139,#1900,#2638,.T.);
#2638 = LINE('',#2639,#2640);
#2639 = CARTESIAN_POINT('',(-1.25,-1.1,1.05));
#2640 = VECTOR('',#2641,1.);
#2641 = DIRECTION('',(1.,0.,0.));
#2642 = ORIENTED_EDGE('',*,*,#1907,.T.);
#2643 = ORIENTED_EDGE('',*,*,#2535,.T.);
#2644 = ORIENTED_EDGE('',*,*,#2518,.T.);
#2645 = ORIENTED_EDGE('',*,*,#2493,.F.);
#2646 = ORIENTED_EDGE('',*,*,#2469,.F.);
#2647 = ORIENTED_EDGE('',*,*,#2444,.F.);
#2648 = ORIENTED_EDGE('',*,*,#2420,.F.);
#2649 = ORIENTED_EDGE('',*,*,#2396,.T.);
#2650 = ORIENTED_EDGE('',*,*,#2651,.T.);
#2651 = EDGE_CURVE('',#2389,#2652,#2654,.T.);
#2652 = VERTEX_POINT('',#2653);
#2653 = CARTESIAN_POINT('',(1.25,1.1,1.05));
#2654 = LINE('',#2655,#2656);
#2655 = CARTESIAN_POINT('',(1.25,1.,1.05));
#2656 = VECTOR('',#2657,1.);
#2657 = DIRECTION('',(0.,1.,0.));
#2658 = ORIENTED_EDGE('',*,*,#2659,.F.);
#2659 = EDGE_CURVE('',#2660,#2652,#2662,.T.);
#2660 = VERTEX_POINT('',#2661);
#2661 = CARTESIAN_POINT('',(-1.25,1.1,1.05));
#2662 = LINE('',#2663,#2664);
#2663 = CARTESIAN_POINT('',(-1.25,1.1,1.05));
#2664 = VECTOR('',#2665,1.);
#2665 = DIRECTION('',(1.,0.,0.));
#2666 = ORIENTED_EDGE('',*,*,#2667,.T.);
#2667 = EDGE_CURVE('',#2660,#2323,#2668,.T.);
#2668 = LINE('',#2669,#2670);
#2669 = CARTESIAN_POINT('',(-1.25,1.25,1.05));
#2670 = VECTOR('',#2671,1.);
#2671 = DIRECTION('',(0.,-1.,0.));
#2672 = ORIENTED_EDGE('',*,*,#2332,.T.);
#2673 = ORIENTED_EDGE('',*,*,#2308,.F.);
#2674 = FACE_BOUND('',#2675,.F.);
#2675 = EDGE_LOOP('',(#2676));
#2676 = ORIENTED_EDGE('',*,*,#2576,.F.);
#2677 = PLANE('',#2678);
#2678 = AXIS2_PLACEMENT_3D('',#2679,#2680,#2681);
#2679 = CARTESIAN_POINT('',(9.16E-14,-3.314E-14,1.05));
#2680 = DIRECTION('',(0.,0.,1.));
#2681 = DIRECTION('',(1.,0.,0.));
#2682 = ADVANCED_FACE('',(#2683),#2709,.T.);
#2683 = FACE_BOUND('',#2684,.T.);
#2684 = EDGE_LOOP('',(#2685,#2696,#2702,#2703));
#2685 = ORIENTED_EDGE('',*,*,#2686,.F.);
#2686 = EDGE_CURVE('',#2687,#2689,#2691,.T.);
#2687 = VERTEX_POINT('',#2688);
#2688 = CARTESIAN_POINT('',(-1.25,-1.25,0.2));
#2689 = VERTEX_POINT('',#2690);
#2690 = CARTESIAN_POINT('',(-1.38660451007,-1.16196134139,0.2));
#2691 = CIRCLE('',#2692,0.149999999991);
#2692 = AXIS2_PLACEMENT_3D('',#2693,#2694,#2695);
#2693 = CARTESIAN_POINT('',(-1.25,-1.100000000009,0.2));
#2694 = DIRECTION('',(0.,0.,-1.));
#2695 = DIRECTION('',(1.,0.,0.));
#2696 = ORIENTED_EDGE('',*,*,#2697,.F.);
#2697 = EDGE_CURVE('',#2155,#2687,#2698,.T.);
#2698 = LINE('',#2699,#2700);
#2699 = CARTESIAN_POINT('',(-1.25,-1.25,0.6));
#2700 = VECTOR('',#2701,1.);
#2701 = DIRECTION('',(0.,0.,-1.));
#2702 = ORIENTED_EDGE('',*,*,#2608,.T.);
#2703 = ORIENTED_EDGE('',*,*,#2704,.F.);
#2704 = EDGE_CURVE('',#2689,#2609,#2705,.T.);
#2705 = LINE('',#2706,#2707);
#2706 = CARTESIAN_POINT('',(-1.38660451007,-1.16196134139,0.2));
#2707 = VECTOR('',#2708,1.);
#2708 = DIRECTION('',(0.,0.,1.));
#2709 = CYLINDRICAL_SURFACE('',#2710,0.149999999991);
#2710 = AXIS2_PLACEMENT_3D('',#2711,#2712,#2713);
#2711 = CARTESIAN_POINT('',(-1.25,-1.100000000009,0.2));
#2712 = DIRECTION('',(0.,0.,-1.));
#2713 = DIRECTION('',(1.,0.,0.));
#2714 = ADVANCED_FACE('',(#2715),#2764,.T.);
#2715 = FACE_BOUND('',#2716,.T.);
#2716 = EDGE_LOOP('',(#2717,#2727,#2735,#2741,#2742,#2750,#2758));
#2717 = ORIENTED_EDGE('',*,*,#2718,.T.);
#2718 = EDGE_CURVE('',#2719,#2721,#2723,.T.);
#2719 = VERTEX_POINT('',#2720);
#2720 = CARTESIAN_POINT('',(-1.25,-1.1,0.2));
#2721 = VERTEX_POINT('',#2722);
#2722 = CARTESIAN_POINT('',(-0.9,-1.1,0.2));
#2723 = LINE('',#2724,#2725);
#2724 = CARTESIAN_POINT('',(-1.25,-1.1,0.2));
#2725 = VECTOR('',#2726,1.);
#2726 = DIRECTION('',(1.,0.,0.));
#2727 = ORIENTED_EDGE('',*,*,#2728,.T.);
#2728 = EDGE_CURVE('',#2721,#2729,#2731,.T.);
#2729 = VERTEX_POINT('',#2730);
#2730 = CARTESIAN_POINT('',(-0.9,-1.25,0.2));
#2731 = LINE('',#2732,#2733);
#2732 = CARTESIAN_POINT('',(-0.9,-1.1,0.2));
#2733 = VECTOR('',#2734,1.);
#2734 = DIRECTION('',(0.,-1.,0.));
#2735 = ORIENTED_EDGE('',*,*,#2736,.T.);
#2736 = EDGE_CURVE('',#2729,#2687,#2737,.T.);
#2737 = LINE('',#2738,#2739);
#2738 = CARTESIAN_POINT('',(-0.9,-1.25,0.2));
#2739 = VECTOR('',#2740,1.);
#2740 = DIRECTION('',(-1.,0.,0.));
#2741 = ORIENTED_EDGE('',*,*,#2686,.T.);
#2742 = ORIENTED_EDGE('',*,*,#2743,.F.);
#2743 = EDGE_CURVE('',#2744,#2689,#2746,.T.);
#2744 = VERTEX_POINT('',#2745);
#2745 = CARTESIAN_POINT('',(-1.5,-0.911961341385,0.2));
#2746 = LINE('',#2747,#2748);
#2747 = CARTESIAN_POINT('',(-1.5,-0.911961341385,0.2));
#2748 = VECTOR('',#2749,1.);
#2749 = DIRECTION('',(0.413075609243,-0.910696733852,0.));
#2750 = ORIENTED_EDGE('',*,*,#2751,.F.);
#2751 = EDGE_CURVE('',#2752,#2744,#2754,.T.);
#2752 = VERTEX_POINT('',#2753);
#2753 = CARTESIAN_POINT('',(-1.363395489921,-0.85,0.2));
#2754 = LINE('',#2755,#2756);
#2755 = CARTESIAN_POINT('',(-1.363395489921,-0.85,0.2));
#2756 = VECTOR('',#2757,1.);
#2757 = DIRECTION('',(-0.910696733856,-0.413075609234,0.));
#2758 = ORIENTED_EDGE('',*,*,#2759,.F.);
#2759 = EDGE_CURVE('',#2719,#2752,#2760,.T.);
#2760 = LINE('',#2761,#2762);
#2761 = CARTESIAN_POINT('',(-1.25,-1.1,0.2));
#2762 = VECTOR('',#2763,1.);
#2763 = DIRECTION('',(-0.413075609223,0.910696733861,-0.));
#2764 = PLANE('',#2765);
#2765 = AXIS2_PLACEMENT_3D('',#2766,#2767,#2768);
#2766 = CARTESIAN_POINT('',(-1.211534487264,-1.099648998613,0.2));
#2767 = DIRECTION('',(-0.,-0.,-1.));
#2768 = DIRECTION('',(-1.,0.,0.));
#2769 = ADVANCED_FACE('',(#2770),#2795,.F.);
#2770 = FACE_BOUND('',#2771,.F.);
#2771 = EDGE_LOOP('',(#2772,#2780,#2781,#2789));
#2772 = ORIENTED_EDGE('',*,*,#2773,.T.);
#2773 = EDGE_CURVE('',#2774,#2721,#2776,.T.);
#2774 = VERTEX_POINT('',#2775);
#2775 = CARTESIAN_POINT('',(-0.9,-1.1,0.6));
#2776 = LINE('',#2777,#2778);
#2777 = CARTESIAN_POINT('',(-0.9,-1.1,0.6));
#2778 = VECTOR('',#2779,1.);
#2779 = DIRECTION('',(0.,0.,-1.));
#2780 = ORIENTED_EDGE('',*,*,#2728,.T.);
#2781 = ORIENTED_EDGE('',*,*,#2782,.F.);
#2782 = EDGE_CURVE('',#2783,#2729,#2785,.T.);
#2783 = VERTEX_POINT('',#2784);
#2784 = CARTESIAN_POINT('',(-0.9,-1.25,0.6));
#2785 = LINE('',#2786,#2787);
#2786 = CARTESIAN_POINT('',(-0.9,-1.25,0.6));
#2787 = VECTOR('',#2788,1.);
#2788 = DIRECTION('',(0.,0.,-1.));
#2789 = ORIENTED_EDGE('',*,*,#2790,.F.);
#2790 = EDGE_CURVE('',#2774,#2783,#2791,.T.);
#2791 = LINE('',#2792,#2793);
#2792 = CARTESIAN_POINT('',(-0.9,-1.1,0.6));
#2793 = VECTOR('',#2794,1.);
#2794 = DIRECTION('',(0.,-1.,0.));
#2795 = PLANE('',#2796);
#2796 = AXIS2_PLACEMENT_3D('',#2797,#2798,#2799);
#2797 = CARTESIAN_POINT('',(-0.9,-1.1,0.6));
#2798 = DIRECTION('',(-1.,-0.,-0.));
#2799 = DIRECTION('',(0.,-1.,0.));
#2800 = ADVANCED_FACE('',(#2801),#2826,.F.);
#2801 = FACE_BOUND('',#2802,.F.);
#2802 = EDGE_LOOP('',(#2803,#2804,#2812,#2820));
#2803 = ORIENTED_EDGE('',*,*,#2790,.T.);
#2804 = ORIENTED_EDGE('',*,*,#2805,.T.);
#2805 = EDGE_CURVE('',#2783,#2806,#2808,.T.);
#2806 = VERTEX_POINT('',#2807);
#2807 = CARTESIAN_POINT('',(0.9,-1.25,0.6));
#2808 = LINE('',#2809,#2810);
#2809 = CARTESIAN_POINT('',(0.625,-1.25,0.6));
#2810 = VECTOR('',#2811,1.);
#2811 = DIRECTION('',(1.,0.,0.));
#2812 = ORIENTED_EDGE('',*,*,#2813,.F.);
#2813 = EDGE_CURVE('',#2814,#2806,#2816,.T.);
#2814 = VERTEX_POINT('',#2815);
#2815 = CARTESIAN_POINT('',(0.9,-1.1,0.6));
#2816 = LINE('',#2817,#2818);
#2817 = CARTESIAN_POINT('',(0.9,-1.1,0.6));
#2818 = VECTOR('',#2819,1.);
#2819 = DIRECTION('',(-2.2E-16,-1.,0.));
#2820 = ORIENTED_EDGE('',*,*,#2821,.T.);
#2821 = EDGE_CURVE('',#2814,#2774,#2822,.T.);
#2822 = LINE('',#2823,#2824);
#2823 = CARTESIAN_POINT('',(-0.625,-1.1,0.6));
#2824 = VECTOR('',#2825,1.);
#2825 = DIRECTION('',(-1.,0.,0.));
#2826 = PLANE('',#2827);
#2827 = AXIS2_PLACEMENT_3D('',#2828,#2829,#2830);
#2828 = CARTESIAN_POINT('',(-1.6E-16,-1.175,0.6));
#2829 = DIRECTION('',(0.,0.,1.));
#2830 = DIRECTION('',(1.,0.,0.));
#2831 = ADVANCED_FACE('',(#2832),#2848,.F.);
#2832 = FACE_BOUND('',#2833,.F.);
#2833 = EDGE_LOOP('',(#2834,#2835,#2841,#2842));
#2834 = ORIENTED_EDGE('',*,*,#2751,.F.);
#2835 = ORIENTED_EDGE('',*,*,#2836,.T.);
#2836 = EDGE_CURVE('',#2752,#2594,#2837,.T.);
#2837 = LINE('',#2838,#2839);
#2838 = CARTESIAN_POINT('',(-1.363395489921,-0.85,0.2));
#2839 = VECTOR('',#2840,1.);
#2840 = DIRECTION('',(0.,0.,1.));
#2841 = ORIENTED_EDGE('',*,*,#2591,.F.);
#2842 = ORIENTED_EDGE('',*,*,#2843,.F.);
#2843 = EDGE_CURVE('',#2744,#2592,#2844,.T.);
#2844 = LINE('',#2845,#2846);
#2845 = CARTESIAN_POINT('',(-1.5,-0.911961341385,0.2));
#2846 = VECTOR('',#2847,1.);
#2847 = DIRECTION('',(0.,0.,1.));
#2848 = PLANE('',#2849);
#2849 = AXIS2_PLACEMENT_3D('',#2850,#2851,#2852);
#2850 = CARTESIAN_POINT('',(-1.363395489921,-0.85,0.2));
#2851 = DIRECTION('',(0.413075609234,-0.910696733856,0.));
#2852 = DIRECTION('',(-0.910696733856,-0.413075609234,0.));
#2853 = ADVANCED_FACE('',(#2854),#2860,.F.);
#2854 = FACE_BOUND('',#2855,.F.);
#2855 = EDGE_LOOP('',(#2856,#2857,#2858,#2859));
#2856 = ORIENTED_EDGE('',*,*,#2743,.F.);
#2857 = ORIENTED_EDGE('',*,*,#2843,.T.);
#2858 = ORIENTED_EDGE('',*,*,#2617,.F.);
#2859 = ORIENTED_EDGE('',*,*,#2704,.F.);
#2860 = PLANE('',#2861);
#2861 = AXIS2_PLACEMENT_3D('',#2862,#2863,#2864);
#2862 = CARTESIAN_POINT('',(-1.5,-0.911961341385,0.2));
#2863 = DIRECTION('',(0.910696733852,0.413075609243,0.));
#2864 = DIRECTION('',(0.413075609243,-0.910696733852,0.));
#2865 = ADVANCED_FACE('',(#2866),#2877,.F.);
#2866 = FACE_BOUND('',#2867,.F.);
#2867 = EDGE_LOOP('',(#2868,#2869,#2875,#2876));
#2868 = ORIENTED_EDGE('',*,*,#2759,.F.);
#2869 = ORIENTED_EDGE('',*,*,#2870,.F.);
#2870 = EDGE_CURVE('',#2147,#2719,#2871,.T.);
#2871 = LINE('',#2872,#2873);
#2872 = CARTESIAN_POINT('',(-1.25,-1.1,1.05));
#2873 = VECTOR('',#2874,1.);
#2874 = DIRECTION('',(0.,0.,-1.));
#2875 = ORIENTED_EDGE('',*,*,#2601,.F.);
#2876 = ORIENTED_EDGE('',*,*,#2836,.F.);
#2877 = PLANE('',#2878);
#2878 = AXIS2_PLACEMENT_3D('',#2879,#2880,#2881);
#2879 = CARTESIAN_POINT('',(-1.25,-1.1,0.2));
#2880 = DIRECTION('',(-0.910696733861,-0.413075609223,-0.));
#2881 = DIRECTION('',(-0.413075609223,0.910696733861,0.));
#2882 = ADVANCED_FACE('',(#2883),#2908,.F.);
#2883 = FACE_BOUND('',#2884,.T.);
#2884 = EDGE_LOOP('',(#2885,#2893,#2901,#2907));
#2885 = ORIENTED_EDGE('',*,*,#2886,.T.);
#2886 = EDGE_CURVE('',#2814,#2887,#2889,.T.);
#2887 = VERTEX_POINT('',#2888);
#2888 = CARTESIAN_POINT('',(0.9,-1.1,0.2));
#2889 = LINE('',#2890,#2891);
#2890 = CARTESIAN_POINT('',(0.9,-1.1,0.6));
#2891 = VECTOR('',#2892,1.);
#2892 = DIRECTION('',(2.2E-16,0.,-1.));
#2893 = ORIENTED_EDGE('',*,*,#2894,.T.);
#2894 = EDGE_CURVE('',#2887,#2895,#2897,.T.);
#2895 = VERTEX_POINT('',#2896);
#2896 = CARTESIAN_POINT('',(0.9,-1.25,0.2));
#2897 = LINE('',#2898,#2899);
#2898 = CARTESIAN_POINT('',(0.9,-1.1,0.2));
#2899 = VECTOR('',#2900,1.);
#2900 = DIRECTION('',(-2.2E-16,-1.,0.));
#2901 = ORIENTED_EDGE('',*,*,#2902,.F.);
#2902 = EDGE_CURVE('',#2806,#2895,#2903,.T.);
#2903 = LINE('',#2904,#2905);
#2904 = CARTESIAN_POINT('',(0.9,-1.25,0.6));
#2905 = VECTOR('',#2906,1.);
#2906 = DIRECTION('',(2.2E-16,0.,-1.));
#2907 = ORIENTED_EDGE('',*,*,#2813,.F.);
#2908 = PLANE('',#2909);
#2909 = AXIS2_PLACEMENT_3D('',#2910,#2911,#2912);
#2910 = CARTESIAN_POINT('',(0.9,-1.1,0.6));
#2911 = DIRECTION('',(1.,-2.2E-16,2.2E-16));
#2912 = DIRECTION('',(2.2E-16,1.,0.));
#2913 = ADVANCED_FACE('',(#2914),#2942,.T.);
#2914 = FACE_BOUND('',#2915,.T.);
#2915 = EDGE_LOOP('',(#2916,#2917,#2918,#2919,#2920,#2928,#2936));
#2916 = ORIENTED_EDGE('',*,*,#2667,.T.);
#2917 = ORIENTED_EDGE('',*,*,#2322,.T.);
#2918 = ORIENTED_EDGE('',*,*,#2037,.F.);
#2919 = ORIENTED_EDGE('',*,*,#2346,.T.);
#2920 = ORIENTED_EDGE('',*,*,#2921,.T.);
#2921 = EDGE_CURVE('',#2347,#2922,#2924,.T.);
#2922 = VERTEX_POINT('',#2923);
#2923 = CARTESIAN_POINT('',(-1.25,1.25,0.5));
#2924 = LINE('',#2925,#2926);
#2925 = CARTESIAN_POINT('',(-1.25,1.25,1.05));
#2926 = VECTOR('',#2927,1.);
#2927 = DIRECTION('',(0.,4.4E-16,-1.));
#2928 = ORIENTED_EDGE('',*,*,#2929,.F.);
#2929 = EDGE_CURVE('',#2930,#2922,#2932,.T.);
#2930 = VERTEX_POINT('',#2931);
#2931 = CARTESIAN_POINT('',(-1.25,1.1,0.5));
#2932 = LINE('',#2933,#2934);
#2933 = CARTESIAN_POINT('',(-1.25,1.145,0.5));
#2934 = VECTOR('',#2935,1.);
#2935 = DIRECTION('',(2.931E-13,1.,1.09E-15));
#2936 = ORIENTED_EDGE('',*,*,#2937,.F.);
#2937 = EDGE_CURVE('',#2660,#2930,#2938,.T.);
#2938 = LINE('',#2939,#2940);
#2939 = CARTESIAN_POINT('',(-1.25,1.1,0.6));
#2940 = VECTOR('',#2941,1.);
#2941 = DIRECTION('',(0.,4.4E-16,-1.));
#2942 = PLANE('',#2943);
#2943 = AXIS2_PLACEMENT_3D('',#2944,#2945,#2946);
#2944 = CARTESIAN_POINT('',(-1.25,1.149365212307,0.866132991446));
#2945 = DIRECTION('',(-1.,1.598E-14,-7.74E-15));
#2946 = DIRECTION('',(-1.598E-14,-1.,0.));
#2947 = ADVANCED_FACE('',(#2948),#2982,.F.);
#2948 = FACE_BOUND('',#2949,.T.);
#2949 = EDGE_LOOP('',(#2950,#2960,#2966,#2967,#2976));
#2950 = ORIENTED_EDGE('',*,*,#2951,.T.);
#2951 = EDGE_CURVE('',#2952,#2954,#2956,.T.);
#2952 = VERTEX_POINT('',#2953);
#2953 = CARTESIAN_POINT('',(-1.5,0.911961341385,0.5));
#2954 = VERTEX_POINT('',#2955);
#2955 = CARTESIAN_POINT('',(-1.363395489921,0.85,0.5));
#2956 = LINE('',#2957,#2958);
#2957 = CARTESIAN_POINT('',(-1.387358054673,0.860868987079,0.5));
#2958 = VECTOR('',#2959,1.);
#2959 = DIRECTION('',(0.910696733856,-0.413075609234,-4.5E-16));
#2960 = ORIENTED_EDGE('',*,*,#2961,.T.);
#2961 = EDGE_CURVE('',#2954,#2930,#2962,.T.);
#2962 = LINE('',#2963,#2964);
#2963 = CARTESIAN_POINT('',(-1.268537435249,1.059131012921,0.5));
#2964 = VECTOR('',#2965,1.);
#2965 = DIRECTION('',(0.413075609223,0.910696733861,1.E-15));
#2966 = ORIENTED_EDGE('',*,*,#2929,.T.);
#2967 = ORIENTED_EDGE('',*,*,#2968,.T.);
#2968 = EDGE_CURVE('',#2922,#2969,#2971,.T.);
#2969 = VERTEX_POINT('',#2970);
#2970 = CARTESIAN_POINT('',(-1.38660451007,1.16196134139,0.5));
#2971 = CIRCLE('',#2972,0.149999999991);
#2972 = AXIS2_PLACEMENT_3D('',#2973,#2974,#2975);
#2973 = CARTESIAN_POINT('',(-1.25,1.100000000009,0.5));
#2974 = DIRECTION('',(0.,-4.4E-16,1.));
#2975 = DIRECTION('',(1.,0.,0.));
#2976 = ORIENTED_EDGE('',*,*,#2977,.T.);
#2977 = EDGE_CURVE('',#2969,#2952,#2978,.T.);
#2978 = LINE('',#2979,#2980);
#2979 = CARTESIAN_POINT('',(-1.461839690287,0.996092354306,0.5));
#2980 = VECTOR('',#2981,1.);
#2981 = DIRECTION('',(-0.413075609243,-0.910696733852,-1.E-15));
#2982 = PLANE('',#2983);
#2983 = AXIS2_PLACEMENT_3D('',#2984,#2985,#2986);
#2984 = CARTESIAN_POINT('',(-1.335,1.04,0.5));
#2985 = DIRECTION('',(0.,1.09E-15,-1.));
#2986 = DIRECTION('',(-0.,-1.,-1.09E-15));
#2987 = ADVANCED_FACE('',(#2988),#3014,.T.);
#2988 = FACE_BOUND('',#2989,.F.);
#2989 = EDGE_LOOP('',(#2990,#3001,#3007,#3008));
#2990 = ORIENTED_EDGE('',*,*,#2991,.F.);
#2991 = EDGE_CURVE('',#2992,#2994,#2996,.T.);
#2992 = VERTEX_POINT('',#2993);
#2993 = CARTESIAN_POINT('',(-1.25,1.25,0.2));
#2994 = VERTEX_POINT('',#2995);
#2995 = CARTESIAN_POINT('',(-1.38660451007,1.16196134139,0.2));
#2996 = CIRCLE('',#2997,0.149999999991);
#2997 = AXIS2_PLACEMENT_3D('',#2998,#2999,#3000);
#2998 = CARTESIAN_POINT('',(-1.25,1.100000000009,0.2));
#2999 = DIRECTION('',(0.,-4.4E-16,1.));
#3000 = DIRECTION('',(1.,0.,0.));
#3001 = ORIENTED_EDGE('',*,*,#3002,.F.);
#3002 = EDGE_CURVE('',#2922,#2992,#3003,.T.);
#3003 = LINE('',#3004,#3005);
#3004 = CARTESIAN_POINT('',(-1.25,1.25,0.6));
#3005 = VECTOR('',#3006,1.);
#3006 = DIRECTION('',(0.,4.4E-16,-1.));
#3007 = ORIENTED_EDGE('',*,*,#2968,.T.);
#3008 = ORIENTED_EDGE('',*,*,#3009,.F.);
#3009 = EDGE_CURVE('',#2994,#2969,#3010,.T.);
#3010 = LINE('',#3011,#3012);
#3011 = CARTESIAN_POINT('',(-1.38660451007,1.16196134139,0.2));
#3012 = VECTOR('',#3013,1.);
#3013 = DIRECTION('',(0.,-4.4E-16,1.));
#3014 = CYLINDRICAL_SURFACE('',#3015,0.149999999991);
#3015 = AXIS2_PLACEMENT_3D('',#3016,#3017,#3018);
#3016 = CARTESIAN_POINT('',(-1.25,1.100000000009,0.2));
#3017 = DIRECTION('',(0.,4.4E-16,-1.));
#3018 = DIRECTION('',(1.,0.,0.));
#3019 = ADVANCED_FACE('',(#3020),#3045,.F.);
#3020 = FACE_BOUND('',#3021,.T.);
#3021 = EDGE_LOOP('',(#3022,#3032,#3038,#3039));
#3022 = ORIENTED_EDGE('',*,*,#3023,.F.);
#3023 = EDGE_CURVE('',#3024,#3026,#3028,.T.);
#3024 = VERTEX_POINT('',#3025);
#3025 = CARTESIAN_POINT('',(-1.25,1.1,0.2));
#3026 = VERTEX_POINT('',#3027);
#3027 = CARTESIAN_POINT('',(-1.363395489921,0.85,0.2));
#3028 = LINE('',#3029,#3030);
#3029 = CARTESIAN_POINT('',(-1.25,1.1,0.2));
#3030 = VECTOR('',#3031,1.);
#3031 = DIRECTION('',(-0.413075609223,-0.910696733861,-4.E-16));
#3032 = ORIENTED_EDGE('',*,*,#3033,.F.);
#3033 = EDGE_CURVE('',#2930,#3024,#3034,.T.);
#3034 = LINE('',#3035,#3036);
#3035 = CARTESIAN_POINT('',(-1.25,1.1,0.6));
#3036 = VECTOR('',#3037,1.);
#3037 = DIRECTION('',(0.,4.4E-16,-1.));
#3038 = ORIENTED_EDGE('',*,*,#2961,.F.);
#3039 = ORIENTED_EDGE('',*,*,#3040,.F.);
#3040 = EDGE_CURVE('',#3026,#2954,#3041,.T.);
#3041 = LINE('',#3042,#3043);
#3042 = CARTESIAN_POINT('',(-1.363395489921,0.85,0.2));
#3043 = VECTOR('',#3044,1.);
#3044 = DIRECTION('',(0.,-4.4E-16,1.));
#3045 = PLANE('',#3046);
#3046 = AXIS2_PLACEMENT_3D('',#3047,#3048,#3049);
#3047 = CARTESIAN_POINT('',(-1.25,1.1,0.2));
#3048 = DIRECTION('',(-0.910696733861,0.413075609223,1.8E-16));
#3049 = DIRECTION('',(0.413075609223,0.910696733861,4.E-16));
#3050 = ADVANCED_FACE('',(#3051),#3069,.F.);
#3051 = FACE_BOUND('',#3052,.T.);
#3052 = EDGE_LOOP('',(#3053,#3061,#3062,#3063));
#3053 = ORIENTED_EDGE('',*,*,#3054,.F.);
#3054 = EDGE_CURVE('',#3026,#3055,#3057,.T.);
#3055 = VERTEX_POINT('',#3056);
#3056 = CARTESIAN_POINT('',(-1.5,0.911961341385,0.2));
#3057 = LINE('',#3058,#3059);
#3058 = CARTESIAN_POINT('',(-1.363395489921,0.85,0.2));
#3059 = VECTOR('',#3060,1.);
#3060 = DIRECTION('',(-0.910696733856,0.413075609234,1.8E-16));
#3061 = ORIENTED_EDGE('',*,*,#3040,.T.);
#3062 = ORIENTED_EDGE('',*,*,#2951,.F.);
#3063 = ORIENTED_EDGE('',*,*,#3064,.F.);
#3064 = EDGE_CURVE('',#3055,#2952,#3065,.T.);
#3065 = LINE('',#3066,#3067);
#3066 = CARTESIAN_POINT('',(-1.5,0.911961341385,0.2));
#3067 = VECTOR('',#3068,1.);
#3068 = DIRECTION('',(0.,-4.4E-16,1.));
#3069 = PLANE('',#3070);
#3070 = AXIS2_PLACEMENT_3D('',#3071,#3072,#3073);
#3071 = CARTESIAN_POINT('',(-1.363395489921,0.85,0.2));
#3072 = DIRECTION('',(0.413075609234,0.910696733856,4.E-16));
#3073 = DIRECTION('',(0.910696733856,-0.413075609234,-1.8E-16));
#3074 = ADVANCED_FACE('',(#3075),#3086,.F.);
#3075 = FACE_BOUND('',#3076,.T.);
#3076 = EDGE_LOOP('',(#3077,#3083,#3084,#3085));
#3077 = ORIENTED_EDGE('',*,*,#3078,.F.);
#3078 = EDGE_CURVE('',#3055,#2994,#3079,.T.);
#3079 = LINE('',#3080,#3081);
#3080 = CARTESIAN_POINT('',(-1.5,0.911961341385,0.2));
#3081 = VECTOR('',#3082,1.);
#3082 = DIRECTION('',(0.413075609243,0.910696733852,4.E-16));
#3083 = ORIENTED_EDGE('',*,*,#3064,.T.);
#3084 = ORIENTED_EDGE('',*,*,#2977,.F.);
#3085 = ORIENTED_EDGE('',*,*,#3009,.F.);
#3086 = PLANE('',#3087);
#3087 = AXIS2_PLACEMENT_3D('',#3088,#3089,#3090);
#3088 = CARTESIAN_POINT('',(-1.5,0.911961341385,0.2));
#3089 = DIRECTION('',(0.910696733852,-0.413075609243,-1.8E-16));
#3090 = DIRECTION('',(-0.413075609243,-0.910696733852,-4.E-16));
#3091 = ADVANCED_FACE('',(#3092),#3120,.T.);
#3092 = FACE_BOUND('',#3093,.T.);
#3093 = EDGE_LOOP('',(#3094,#3095,#3103,#3111,#3117,#3118,#3119));
#3094 = ORIENTED_EDGE('',*,*,#2651,.T.);
#3095 = ORIENTED_EDGE('',*,*,#3096,.T.);
#3096 = EDGE_CURVE('',#2652,#3097,#3099,.T.);
#3097 = VERTEX_POINT('',#3098);
#3098 = CARTESIAN_POINT('',(1.25,1.1,0.5));
#3099 = LINE('',#3100,#3101);
#3100 = CARTESIAN_POINT('',(1.25,1.1,1.05));
#3101 = VECTOR('',#3102,1.);
#3102 = DIRECTION('',(0.,4.4E-16,-1.));
#3103 = ORIENTED_EDGE('',*,*,#3104,.T.);
#3104 = EDGE_CURVE('',#3097,#3105,#3107,.T.);
#3105 = VERTEX_POINT('',#3106);
#3106 = CARTESIAN_POINT('',(1.25,1.25,0.5));
#3107 = LINE('',#3108,#3109);
#3108 = CARTESIAN_POINT('',(1.25,1.145,0.5));
#3109 = VECTOR('',#3110,1.);
#3110 = DIRECTION('',(-2.931E-13,1.,6.5E-16));
#3111 = ORIENTED_EDGE('',*,*,#3112,.F.);
#3112 = EDGE_CURVE('',#2356,#3105,#3113,.T.);
#3113 = LINE('',#3114,#3115);
#3114 = CARTESIAN_POINT('',(1.25,1.25,0.6));
#3115 = VECTOR('',#3116,1.);
#3116 = DIRECTION('',(2.2E-16,4.4E-16,-1.));
#3117 = ORIENTED_EDGE('',*,*,#2363,.F.);
#3118 = ORIENTED_EDGE('',*,*,#2021,.F.);
#3119 = ORIENTED_EDGE('',*,*,#2388,.F.);
#3120 = PLANE('',#3121);
#3121 = AXIS2_PLACEMENT_3D('',#3122,#3123,#3124);
#3122 = CARTESIAN_POINT('',(1.25,1.149365212307,0.866132991446));
#3123 = DIRECTION('',(1.,1.601E-14,-8.09E-15));
#3124 = DIRECTION('',(-1.601E-14,1.,0.));
#3125 = ADVANCED_FACE('',(#3126),#3160,.F.);
#3126 = FACE_BOUND('',#3127,.F.);
#3127 = EDGE_LOOP('',(#3128,#3138,#3144,#3145,#3154));
#3128 = ORIENTED_EDGE('',*,*,#3129,.T.);
#3129 = EDGE_CURVE('',#3130,#3132,#3134,.T.);
#3130 = VERTEX_POINT('',#3131);
#3131 = CARTESIAN_POINT('',(1.5,0.911961341385,0.5));
#3132 = VERTEX_POINT('',#3133);
#3133 = CARTESIAN_POINT('',(1.363395489921,0.85,0.5));
#3134 = LINE('',#3135,#3136);
#3135 = CARTESIAN_POINT('',(1.387358054673,0.860868987079,0.5));
#3136 = VECTOR('',#3137,1.);
#3137 = DIRECTION('',(-0.910696733856,-0.413075609234,-2.7E-16));
#3138 = ORIENTED_EDGE('',*,*,#3139,.T.);
#3139 = EDGE_CURVE('',#3132,#3097,#3140,.T.);
#3140 = LINE('',#3141,#3142);
#3141 = CARTESIAN_POINT('',(1.268537435249,1.059131012921,0.5));
#3142 = VECTOR('',#3143,1.);
#3143 = DIRECTION('',(-0.413075609223,0.910696733861,5.9E-16));
#3144 = ORIENTED_EDGE('',*,*,#3104,.T.);
#3145 = ORIENTED_EDGE('',*,*,#3146,.T.);
#3146 = EDGE_CURVE('',#3105,#3147,#3149,.T.);
#3147 = VERTEX_POINT('',#3148);
#3148 = CARTESIAN_POINT('',(1.38660451007,1.16196134139,0.5));
#3149 = CIRCLE('',#3150,0.149999999991);
#3150 = AXIS2_PLACEMENT_3D('',#3151,#3152,#3153);
#3151 = CARTESIAN_POINT('',(1.25,1.100000000009,0.5));
#3152 = DIRECTION('',(0.,0.,-1.));
#3153 = DIRECTION('',(-1.,0.,0.));
#3154 = ORIENTED_EDGE('',*,*,#3155,.T.);
#3155 = EDGE_CURVE('',#3147,#3130,#3156,.T.);
#3156 = LINE('',#3157,#3158);
#3157 = CARTESIAN_POINT('',(1.461839690287,0.996092354306,0.5));
#3158 = VECTOR('',#3159,1.);
#3159 = DIRECTION('',(0.413075609243,-0.910696733852,-5.9E-16));
#3160 = PLANE('',#3161);
#3161 = AXIS2_PLACEMENT_3D('',#3162,#3163,#3164);
#3162 = CARTESIAN_POINT('',(1.335,1.04,0.5));
#3163 = DIRECTION('',(0.,6.5E-16,-1.));
#3164 = DIRECTION('',(0.,1.,6.5E-16));
#3165 = ADVANCED_FACE('',(#3166),#3192,.T.);
#3166 = FACE_BOUND('',#3167,.T.);
#3167 = EDGE_LOOP('',(#3168,#3179,#3185,#3186));
#3168 = ORIENTED_EDGE('',*,*,#3169,.F.);
#3169 = EDGE_CURVE('',#3170,#3172,#3174,.T.);
#3170 = VERTEX_POINT('',#3171);
#3171 = CARTESIAN_POINT('',(1.25,1.25,0.2));
#3172 = VERTEX_POINT('',#3173);
#3173 = CARTESIAN_POINT('',(1.38660451007,1.16196134139,0.2));
#3174 = CIRCLE('',#3175,0.149999999991);
#3175 = AXIS2_PLACEMENT_3D('',#3176,#3177,#3178);
#3176 = CARTESIAN_POINT('',(1.25,1.100000000009,0.2));
#3177 = DIRECTION('',(0.,0.,-1.));
#3178 = DIRECTION('',(-1.,0.,0.));
#3179 = ORIENTED_EDGE('',*,*,#3180,.F.);
#3180 = EDGE_CURVE('',#3105,#3170,#3181,.T.);
#3181 = LINE('',#3182,#3183);
#3182 = CARTESIAN_POINT('',(1.25,1.25,0.6));
#3183 = VECTOR('',#3184,1.);
#3184 = DIRECTION('',(0.,0.,-1.));
#3185 = ORIENTED_EDGE('',*,*,#3146,.T.);
#3186 = ORIENTED_EDGE('',*,*,#3187,.F.);
#3187 = EDGE_CURVE('',#3172,#3147,#3188,.T.);
#3188 = LINE('',#3189,#3190);
#3189 = CARTESIAN_POINT('',(1.38660451007,1.16196134139,0.2));
#3190 = VECTOR('',#3191,1.);
#3191 = DIRECTION('',(0.,0.,1.));
#3192 = CYLINDRICAL_SURFACE('',#3193,0.149999999991);
#3193 = AXIS2_PLACEMENT_3D('',#3194,#3195,#3196);
#3194 = CARTESIAN_POINT('',(1.25,1.100000000009,0.2));
#3195 = DIRECTION('',(0.,0.,-1.));
#3196 = DIRECTION('',(-1.,0.,0.));
#3197 = ADVANCED_FACE('',(#3198),#3223,.F.);
#3198 = FACE_BOUND('',#3199,.F.);
#3199 = EDGE_LOOP('',(#3200,#3210,#3216,#3217));
#3200 = ORIENTED_EDGE('',*,*,#3201,.F.);
#3201 = EDGE_CURVE('',#3202,#3204,#3206,.T.);
#3202 = VERTEX_POINT('',#3203);
#3203 = CARTESIAN_POINT('',(1.25,1.1,0.2));
#3204 = VERTEX_POINT('',#3205);
#3205 = CARTESIAN_POINT('',(1.363395489921,0.85,0.2));
#3206 = LINE('',#3207,#3208);
#3207 = CARTESIAN_POINT('',(1.25,1.1,0.2));
#3208 = VECTOR('',#3209,1.);
#3209 = DIRECTION('',(0.413075609223,-0.910696733861,-0.));
#3210 = ORIENTED_EDGE('',*,*,#3211,.F.);
#3211 = EDGE_CURVE('',#3097,#3202,#3212,.T.);
#3212 = LINE('',#3213,#3214);
#3213 = CARTESIAN_POINT('',(1.25,1.1,0.6));
#3214 = VECTOR('',#3215,1.);
#3215 = DIRECTION('',(0.,0.,-1.));
#3216 = ORIENTED_EDGE('',*,*,#3139,.F.);
#3217 = ORIENTED_EDGE('',*,*,#3218,.F.);
#3218 = EDGE_CURVE('',#3204,#3132,#3219,.T.);
#3219 = LINE('',#3220,#3221);
#3220 = CARTESIAN_POINT('',(1.363395489921,0.85,0.2));
#3221 = VECTOR('',#3222,1.);
#3222 = DIRECTION('',(0.,0.,1.));
#3223 = PLANE('',#3224);
#3224 = AXIS2_PLACEMENT_3D('',#3225,#3226,#3227);
#3225 = CARTESIAN_POINT('',(1.25,1.1,0.2));
#3226 = DIRECTION('',(0.910696733861,0.413075609223,0.));
#3227 = DIRECTION('',(0.413075609223,-0.910696733861,0.));
#3228 = ADVANCED_FACE('',(#3229),#3247,.F.);
#3229 = FACE_BOUND('',#3230,.F.);
#3230 = EDGE_LOOP('',(#3231,#3239,#3240,#3241));
#3231 = ORIENTED_EDGE('',*,*,#3232,.F.);
#3232 = EDGE_CURVE('',#3204,#3233,#3235,.T.);
#3233 = VERTEX_POINT('',#3234);
#3234 = CARTESIAN_POINT('',(1.5,0.911961341385,0.2));
#3235 = LINE('',#3236,#3237);
#3236 = CARTESIAN_POINT('',(1.363395489921,0.85,0.2));
#3237 = VECTOR('',#3238,1.);
#3238 = DIRECTION('',(0.910696733856,0.413075609234,0.));
#3239 = ORIENTED_EDGE('',*,*,#3218,.T.);
#3240 = ORIENTED_EDGE('',*,*,#3129,.F.);
#3241 = ORIENTED_EDGE('',*,*,#3242,.F.);
#3242 = EDGE_CURVE('',#3233,#3130,#3243,.T.);
#3243 = LINE('',#3244,#3245);
#3244 = CARTESIAN_POINT('',(1.5,0.911961341385,0.2));
#3245 = VECTOR('',#3246,1.);
#3246 = DIRECTION('',(0.,0.,1.));
#3247 = PLANE('',#3248);
#3248 = AXIS2_PLACEMENT_3D('',#3249,#3250,#3251);
#3249 = CARTESIAN_POINT('',(1.363395489921,0.85,0.2));
#3250 = DIRECTION('',(-0.413075609234,0.910696733856,0.));
#3251 = DIRECTION('',(0.910696733856,0.413075609234,0.));
#3252 = ADVANCED_FACE('',(#3253),#3264,.F.);
#3253 = FACE_BOUND('',#3254,.F.);
#3254 = EDGE_LOOP('',(#3255,#3261,#3262,#3263));
#3255 = ORIENTED_EDGE('',*,*,#3256,.F.);
#3256 = EDGE_CURVE('',#3233,#3172,#3257,.T.);
#3257 = LINE('',#3258,#3259);
#3258 = CARTESIAN_POINT('',(1.5,0.911961341385,0.2));
#3259 = VECTOR('',#3260,1.);
#3260 = DIRECTION('',(-0.413075609243,0.910696733852,0.));
#3261 = ORIENTED_EDGE('',*,*,#3242,.T.);
#3262 = ORIENTED_EDGE('',*,*,#3155,.F.);
#3263 = ORIENTED_EDGE('',*,*,#3187,.F.);
#3264 = PLANE('',#3265);
#3265 = AXIS2_PLACEMENT_3D('',#3266,#3267,#3268);
#3266 = CARTESIAN_POINT('',(1.5,0.911961341385,0.2));
#3267 = DIRECTION('',(-0.910696733852,-0.413075609243,0.));
#3268 = DIRECTION('',(-0.413075609243,0.910696733852,0.));
#3269 = ADVANCED_FACE('',(#3270),#3287,.T.);
#3270 = FACE_BOUND('',#3271,.T.);
#3271 = EDGE_LOOP('',(#3272,#3273,#3274,#3275,#3276,#3277,#3278,#3284,
    #3285,#3286));
#3272 = ORIENTED_EDGE('',*,*,#2162,.T.);
#3273 = ORIENTED_EDGE('',*,*,#2697,.T.);
#3274 = ORIENTED_EDGE('',*,*,#2736,.F.);
#3275 = ORIENTED_EDGE('',*,*,#2782,.F.);
#3276 = ORIENTED_EDGE('',*,*,#2805,.T.);
#3277 = ORIENTED_EDGE('',*,*,#2902,.T.);
#3278 = ORIENTED_EDGE('',*,*,#3279,.T.);
#3279 = EDGE_CURVE('',#2895,#1787,#3280,.T.);
#3280 = LINE('',#3281,#3282);
#3281 = CARTESIAN_POINT('',(0.9,-1.25,0.2));
#3282 = VECTOR('',#3283,1.);
#3283 = DIRECTION('',(1.,-2.2E-16,2.2E-16));
#3284 = ORIENTED_EDGE('',*,*,#1797,.F.);
#3285 = ORIENTED_EDGE('',*,*,#1890,.T.);
#3286 = ORIENTED_EDGE('',*,*,#2550,.F.);
#3287 = PLANE('',#3288);
#3288 = AXIS2_PLACEMENT_3D('',#3289,#3290,#3291);
#3289 = CARTESIAN_POINT('',(-9.E-17,-1.25,0.697));
#3290 = DIRECTION('',(-0.,-1.,-0.));
#3291 = DIRECTION('',(0.,0.,-1.));
#3292 = ADVANCED_FACE('',(#3293),#3310,.T.);
#3293 = FACE_BOUND('',#3294,.T.);
#3294 = EDGE_LOOP('',(#3295,#3296,#3297,#3298,#3304,#3305,#3306,#3307,
    #3308,#3309));
#3295 = ORIENTED_EDGE('',*,*,#2637,.T.);
#3296 = ORIENTED_EDGE('',*,*,#1899,.T.);
#3297 = ORIENTED_EDGE('',*,*,#1828,.T.);
#3298 = ORIENTED_EDGE('',*,*,#3299,.T.);
#3299 = EDGE_CURVE('',#1819,#2887,#3300,.T.);
#3300 = LINE('',#3301,#3302);
#3301 = CARTESIAN_POINT('',(1.25,-1.1,0.2));
#3302 = VECTOR('',#3303,1.);
#3303 = DIRECTION('',(-1.,2.2E-16,-2.2E-16));
#3304 = ORIENTED_EDGE('',*,*,#2886,.F.);
#3305 = ORIENTED_EDGE('',*,*,#2821,.T.);
#3306 = ORIENTED_EDGE('',*,*,#2773,.T.);
#3307 = ORIENTED_EDGE('',*,*,#2718,.F.);
#3308 = ORIENTED_EDGE('',*,*,#2870,.F.);
#3309 = ORIENTED_EDGE('',*,*,#2146,.F.);
#3310 = PLANE('',#3311);
#3311 = AXIS2_PLACEMENT_3D('',#3312,#3313,#3314);
#3312 = CARTESIAN_POINT('',(-6.E-17,-1.1,0.697));
#3313 = DIRECTION('',(0.,1.,0.));
#3314 = DIRECTION('',(0.,-0.,1.));
#3315 = ADVANCED_FACE('',(#3316),#3361,.T.);
#3316 = FACE_BOUND('',#3317,.T.);
#3317 = EDGE_LOOP('',(#3318,#3319,#3320,#3321,#3329,#3337,#3345,#3353,
    #3359,#3360));
#3318 = ORIENTED_EDGE('',*,*,#2355,.F.);
#3319 = ORIENTED_EDGE('',*,*,#3112,.T.);
#3320 = ORIENTED_EDGE('',*,*,#3180,.T.);
#3321 = ORIENTED_EDGE('',*,*,#3322,.F.);
#3322 = EDGE_CURVE('',#3323,#3170,#3325,.T.);
#3323 = VERTEX_POINT('',#3324);
#3324 = CARTESIAN_POINT('',(0.9,1.25,0.2));
#3325 = LINE('',#3326,#3327);
#3326 = CARTESIAN_POINT('',(0.9,1.25,0.2));
#3327 = VECTOR('',#3328,1.);
#3328 = DIRECTION('',(1.,0.,0.));
#3329 = ORIENTED_EDGE('',*,*,#3330,.F.);
#3330 = EDGE_CURVE('',#3331,#3323,#3333,.T.);
#3331 = VERTEX_POINT('',#3332);
#3332 = CARTESIAN_POINT('',(0.9,1.25,0.6));
#3333 = LINE('',#3334,#3335);
#3334 = CARTESIAN_POINT('',(0.9,1.25,0.6));
#3335 = VECTOR('',#3336,1.);
#3336 = DIRECTION('',(0.,0.,-1.));
#3337 = ORIENTED_EDGE('',*,*,#3338,.F.);
#3338 = EDGE_CURVE('',#3339,#3331,#3341,.T.);
#3339 = VERTEX_POINT('',#3340);
#3340 = CARTESIAN_POINT('',(-0.9,1.25,0.6));
#3341 = LINE('',#3342,#3343);
#3342 = CARTESIAN_POINT('',(0.625,1.25,0.6));
#3343 = VECTOR('',#3344,1.);
#3344 = DIRECTION('',(1.,0.,0.));
#3345 = ORIENTED_EDGE('',*,*,#3346,.T.);
#3346 = EDGE_CURVE('',#3339,#3347,#3349,.T.);
#3347 = VERTEX_POINT('',#3348);
#3348 = CARTESIAN_POINT('',(-0.9,1.25,0.2));
#3349 = LINE('',#3350,#3351);
#3350 = CARTESIAN_POINT('',(-0.9,1.25,0.6));
#3351 = VECTOR('',#3352,1.);
#3352 = DIRECTION('',(0.,4.4E-16,-1.));
#3353 = ORIENTED_EDGE('',*,*,#3354,.T.);
#3354 = EDGE_CURVE('',#3347,#2992,#3355,.T.);
#3355 = LINE('',#3356,#3357);
#3356 = CARTESIAN_POINT('',(-0.9,1.25,0.2));
#3357 = VECTOR('',#3358,1.);
#3358 = DIRECTION('',(-1.,0.,0.));
#3359 = ORIENTED_EDGE('',*,*,#3002,.F.);
#3360 = ORIENTED_EDGE('',*,*,#2921,.F.);
#3361 = PLANE('',#3362);
#3362 = AXIS2_PLACEMENT_3D('',#3363,#3364,#3365);
#3363 = CARTESIAN_POINT('',(-6.E-17,1.25,0.697));
#3364 = DIRECTION('',(0.,1.,0.));
#3365 = DIRECTION('',(0.,-0.,1.));
#3366 = ADVANCED_FACE('',(#3367),#3392,.F.);
#3367 = FACE_BOUND('',#3368,.T.);
#3368 = EDGE_LOOP('',(#3369,#3370,#3378,#3386));
#3369 = ORIENTED_EDGE('',*,*,#3338,.T.);
#3370 = ORIENTED_EDGE('',*,*,#3371,.F.);
#3371 = EDGE_CURVE('',#3372,#3331,#3374,.T.);
#3372 = VERTEX_POINT('',#3373);
#3373 = CARTESIAN_POINT('',(0.9,1.1,0.6));
#3374 = LINE('',#3375,#3376);
#3375 = CARTESIAN_POINT('',(0.9,1.1,0.6));
#3376 = VECTOR('',#3377,1.);
#3377 = DIRECTION('',(0.,1.,0.));
#3378 = ORIENTED_EDGE('',*,*,#3379,.T.);
#3379 = EDGE_CURVE('',#3372,#3380,#3382,.T.);
#3380 = VERTEX_POINT('',#3381);
#3381 = CARTESIAN_POINT('',(-0.9,1.1,0.6));
#3382 = LINE('',#3383,#3384);
#3383 = CARTESIAN_POINT('',(-0.625,1.1,0.6));
#3384 = VECTOR('',#3385,1.);
#3385 = DIRECTION('',(-1.,-0.,-0.));
#3386 = ORIENTED_EDGE('',*,*,#3387,.T.);
#3387 = EDGE_CURVE('',#3380,#3339,#3388,.T.);
#3388 = LINE('',#3389,#3390);
#3389 = CARTESIAN_POINT('',(-0.9,1.1,0.6));
#3390 = VECTOR('',#3391,1.);
#3391 = DIRECTION('',(-0.,1.,4.4E-16));
#3392 = PLANE('',#3393);
#3393 = AXIS2_PLACEMENT_3D('',#3394,#3395,#3396);
#3394 = CARTESIAN_POINT('',(-1.6E-16,1.175,0.6));
#3395 = DIRECTION('',(0.,-4.4E-16,1.));
#3396 = DIRECTION('',(-1.,-0.,-0.));
#3397 = ADVANCED_FACE('',(#3398),#3416,.F.);
#3398 = FACE_BOUND('',#3399,.T.);
#3399 = EDGE_LOOP('',(#3400,#3408,#3414,#3415));
#3400 = ORIENTED_EDGE('',*,*,#3401,.T.);
#3401 = EDGE_CURVE('',#3380,#3402,#3404,.T.);
#3402 = VERTEX_POINT('',#3403);
#3403 = CARTESIAN_POINT('',(-0.9,1.1,0.2));
#3404 = LINE('',#3405,#3406);
#3405 = CARTESIAN_POINT('',(-0.9,1.1,0.6));
#3406 = VECTOR('',#3407,1.);
#3407 = DIRECTION('',(0.,4.4E-16,-1.));
#3408 = ORIENTED_EDGE('',*,*,#3409,.T.);
#3409 = EDGE_CURVE('',#3402,#3347,#3410,.T.);
#3410 = LINE('',#3411,#3412);
#3411 = CARTESIAN_POINT('',(-0.9,1.1,0.2));
#3412 = VECTOR('',#3413,1.);
#3413 = DIRECTION('',(-0.,1.,4.4E-16));
#3414 = ORIENTED_EDGE('',*,*,#3346,.F.);
#3415 = ORIENTED_EDGE('',*,*,#3387,.F.);
#3416 = PLANE('',#3417);
#3417 = AXIS2_PLACEMENT_3D('',#3418,#3419,#3420);
#3418 = CARTESIAN_POINT('',(-0.9,1.1,0.6));
#3419 = DIRECTION('',(-1.,0.,0.));
#3420 = DIRECTION('',(-0.,-1.,-4.4E-16));
#3421 = ADVANCED_FACE('',(#3422),#3440,.F.);
#3422 = FACE_BOUND('',#3423,.F.);
#3423 = EDGE_LOOP('',(#3424,#3432,#3438,#3439));
#3424 = ORIENTED_EDGE('',*,*,#3425,.T.);
#3425 = EDGE_CURVE('',#3372,#3426,#3428,.T.);
#3426 = VERTEX_POINT('',#3427);
#3427 = CARTESIAN_POINT('',(0.9,1.1,0.2));
#3428 = LINE('',#3429,#3430);
#3429 = CARTESIAN_POINT('',(0.9,1.1,0.6));
#3430 = VECTOR('',#3431,1.);
#3431 = DIRECTION('',(0.,0.,-1.));
#3432 = ORIENTED_EDGE('',*,*,#3433,.T.);
#3433 = EDGE_CURVE('',#3426,#3323,#3434,.T.);
#3434 = LINE('',#3435,#3436);
#3435 = CARTESIAN_POINT('',(0.9,1.1,0.2));
#3436 = VECTOR('',#3437,1.);
#3437 = DIRECTION('',(0.,1.,0.));
#3438 = ORIENTED_EDGE('',*,*,#3330,.F.);
#3439 = ORIENTED_EDGE('',*,*,#3371,.F.);
#3440 = PLANE('',#3441);
#3441 = AXIS2_PLACEMENT_3D('',#3442,#3443,#3444);
#3442 = CARTESIAN_POINT('',(0.9,1.1,0.6));
#3443 = DIRECTION('',(1.,0.,0.));
#3444 = DIRECTION('',(0.,1.,0.));
#3445 = ADVANCED_FACE('',(#3446),#3468,.T.);
#3446 = FACE_BOUND('',#3447,.T.);
#3447 = EDGE_LOOP('',(#3448,#3449,#3450,#3451,#3457,#3458,#3459,#3460,
    #3466,#3467));
#3448 = ORIENTED_EDGE('',*,*,#2659,.F.);
#3449 = ORIENTED_EDGE('',*,*,#2937,.T.);
#3450 = ORIENTED_EDGE('',*,*,#3033,.T.);
#3451 = ORIENTED_EDGE('',*,*,#3452,.T.);
#3452 = EDGE_CURVE('',#3024,#3402,#3453,.T.);
#3453 = LINE('',#3454,#3455);
#3454 = CARTESIAN_POINT('',(-1.25,1.1,0.2));
#3455 = VECTOR('',#3456,1.);
#3456 = DIRECTION('',(1.,0.,0.));
#3457 = ORIENTED_EDGE('',*,*,#3401,.F.);
#3458 = ORIENTED_EDGE('',*,*,#3379,.F.);
#3459 = ORIENTED_EDGE('',*,*,#3425,.T.);
#3460 = ORIENTED_EDGE('',*,*,#3461,.F.);
#3461 = EDGE_CURVE('',#3202,#3426,#3462,.T.);
#3462 = LINE('',#3463,#3464);
#3463 = CARTESIAN_POINT('',(1.25,1.1,0.2));
#3464 = VECTOR('',#3465,1.);
#3465 = DIRECTION('',(-1.,0.,0.));
#3466 = ORIENTED_EDGE('',*,*,#3211,.F.);
#3467 = ORIENTED_EDGE('',*,*,#3096,.F.);
#3468 = PLANE('',#3469);
#3469 = AXIS2_PLACEMENT_3D('',#3470,#3471,#3472);
#3470 = CARTESIAN_POINT('',(-3.E-17,1.1,0.697));
#3471 = DIRECTION('',(-0.,-1.,-6.3E-16));
#3472 = DIRECTION('',(0.,6.3E-16,-1.));
#3473 = ADVANCED_FACE('',(#3474),#3483,.T.);
#3474 = FACE_BOUND('',#3475,.T.);
#3475 = EDGE_LOOP('',(#3476,#3477,#3478,#3479,#3480,#3481,#3482));
#3476 = ORIENTED_EDGE('',*,*,#3299,.F.);
#3477 = ORIENTED_EDGE('',*,*,#1818,.T.);
#3478 = ORIENTED_EDGE('',*,*,#1849,.T.);
#3479 = ORIENTED_EDGE('',*,*,#1873,.T.);
#3480 = ORIENTED_EDGE('',*,*,#1786,.F.);
#3481 = ORIENTED_EDGE('',*,*,#3279,.F.);
#3482 = ORIENTED_EDGE('',*,*,#2894,.F.);
#3483 = PLANE('',#3484);
#3484 = AXIS2_PLACEMENT_3D('',#3485,#3486,#3487);
#3485 = CARTESIAN_POINT('',(1.211534487264,-1.099648998613,0.2));
#3486 = DIRECTION('',(2.3E-16,0.,-1.));
#3487 = DIRECTION('',(-1.,0.,-2.3E-16));
#3488 = ADVANCED_FACE('',(#3489),#3498,.T.);
#3489 = FACE_BOUND('',#3490,.T.);
#3490 = EDGE_LOOP('',(#3491,#3492,#3493,#3494,#3495,#3496,#3497));
#3491 = ORIENTED_EDGE('',*,*,#3452,.F.);
#3492 = ORIENTED_EDGE('',*,*,#3023,.T.);
#3493 = ORIENTED_EDGE('',*,*,#3054,.T.);
#3494 = ORIENTED_EDGE('',*,*,#3078,.T.);
#3495 = ORIENTED_EDGE('',*,*,#2991,.F.);
#3496 = ORIENTED_EDGE('',*,*,#3354,.F.);
#3497 = ORIENTED_EDGE('',*,*,#3409,.F.);
#3498 = PLANE('',#3499);
#3499 = AXIS2_PLACEMENT_3D('',#3500,#3501,#3502);
#3500 = CARTESIAN_POINT('',(-1.211534487264,1.099648998613,0.2));
#3501 = DIRECTION('',(0.,4.1E-16,-1.));
#3502 = DIRECTION('',(0.,-1.,-4.1E-16));
#3503 = ADVANCED_FACE('',(#3504),#3513,.T.);
#3504 = FACE_BOUND('',#3505,.T.);
#3505 = EDGE_LOOP('',(#3506,#3507,#3508,#3509,#3510,#3511,#3512));
#3506 = ORIENTED_EDGE('',*,*,#3461,.T.);
#3507 = ORIENTED_EDGE('',*,*,#3433,.T.);
#3508 = ORIENTED_EDGE('',*,*,#3322,.T.);
#3509 = ORIENTED_EDGE('',*,*,#3169,.T.);
#3510 = ORIENTED_EDGE('',*,*,#3256,.F.);
#3511 = ORIENTED_EDGE('',*,*,#3232,.F.);
#3512 = ORIENTED_EDGE('',*,*,#3201,.F.);
#3513 = PLANE('',#3514);
#3514 = AXIS2_PLACEMENT_3D('',#3515,#3516,#3517);
#3515 = CARTESIAN_POINT('',(1.211534487264,1.099648998613,0.2));
#3516 = DIRECTION('',(2.3E-16,4.1E-16,-1.));
#3517 = DIRECTION('',(0.,-1.,-4.1E-16));
#3518 = ( GEOMETRIC_REPRESENTATION_CONTEXT(3) 
GLOBAL_UNCERTAINTY_ASSIGNED_CONTEXT((#3522)) 
GLOBAL_UNIT_ASSIGNED_CONTEXT((#3519,#3520,#3521)) REPRESENTATION_CONTEXT
('Context #1','3D Context with UNIT and UNCERTAINTY') );
#3519 = ( LENGTH_UNIT() NAMED_UNIT(*) SI_UNIT(.MILLI.,.METRE.) );
#3520 = ( NAMED_UNIT(*) PLANE_ANGLE_UNIT() SI_UNIT($,.RADIAN.) );
#3521 = ( NAMED_UNIT(*) SI_UNIT($,.STERADIAN.) SOLID_ANGLE_UNIT() );
#3522 = UNCERTAINTY_MEASURE_WITH_UNIT(LENGTH_MEASURE(1.E-07),#3519,
  'distance_accuracy_value','confusion accuracy');
#3523 = CONTEXT_DEPENDENT_SHAPE_REPRESENTATION(#3524,#3526);
#3524 = ( REPRESENTATION_RELATIONSHIP('','',#1730,#10) 
REPRESENTATION_RELATIONSHIP_WITH_TRANSFORMATION(#3525) 
SHAPE_REPRESENTATION_RELATIONSHIP() );
#3525 = ITEM_DEFINED_TRANSFORMATION('','',#11,#19);
#3526 = PRODUCT_DEFINITION_SHAPE('Placement','Placement of an item',
  #3527);
#3527 = NEXT_ASSEMBLY_USAGE_OCCURRENCE('2','Shell001','',#5,#1725,$);
#3528 = PRODUCT_RELATED_PRODUCT_CATEGORY('part',$,(#1727));
#3529 = SHAPE_DEFINITION_REPRESENTATION(#3530,#3536);
#3530 = PRODUCT_DEFINITION_SHAPE('','',#3531);
#3531 = PRODUCT_DEFINITION('design','',#3532,#3535);
#3532 = PRODUCT_DEFINITION_FORMATION('','',#3533);
#3533 = PRODUCT('Terminals001','Terminals001','',(#3534));
#3534 = PRODUCT_CONTEXT('',#2,'mechanical');
#3535 = PRODUCT_DEFINITION_CONTEXT('part definition',#2,'design');
#3536 = SHAPE_REPRESENTATION('',(#11,#3537),#3541);
#3537 = AXIS2_PLACEMENT_3D('',#3538,#3539,#3540);
#3538 = CARTESIAN_POINT('',(0.,0.,0.));
#3539 = DIRECTION('',(0.,0.,1.));
#3540 = DIRECTION('',(1.,0.,0.));
#3541 = ( GEOMETRIC_REPRESENTATION_CONTEXT(3) 
GLOBAL_UNCERTAINTY_ASSIGNED_CONTEXT((#3545)) 
GLOBAL_UNIT_ASSIGNED_CONTEXT((#3542,#3543,#3544)) REPRESENTATION_CONTEXT
('Context #1','3D Context with UNIT and UNCERTAINTY') );
#3542 = ( LENGTH_UNIT() NAMED_UNIT(*) SI_UNIT(.MILLI.,.METRE.) );
#3543 = ( NAMED_UNIT(*) PLANE_ANGLE_UNIT() SI_UNIT($,.RADIAN.) );
#3544 = ( NAMED_UNIT(*) SI_UNIT($,.STERADIAN.) SOLID_ANGLE_UNIT() );
#3545 = UNCERTAINTY_MEASURE_WITH_UNIT(LENGTH_MEASURE(1.E-07),#3542,
  'distance_accuracy_value','confusion accuracy');
#3546 = CONTEXT_DEPENDENT_SHAPE_REPRESENTATION(#3547,#3549);
#3547 = ( REPRESENTATION_RELATIONSHIP('','',#3536,#10) 
REPRESENTATION_RELATIONSHIP_WITH_TRANSFORMATION(#3548) 
SHAPE_REPRESENTATION_RELATIONSHIP() );
#3548 = ITEM_DEFINED_TRANSFORMATION('','',#11,#23);
#3549 = PRODUCT_DEFINITION_SHAPE('Placement','Placement of an item',
  #3550);
#3550 = NEXT_ASSEMBLY_USAGE_OCCURRENCE('4','Terminals001','',#5,#3531,$
  );
#3551 = PRODUCT_RELATED_PRODUCT_CATEGORY('part',$,(#3533));
#3552 = SHAPE_DEFINITION_REPRESENTATION(#3553,#3559);
#3553 = PRODUCT_DEFINITION_SHAPE('','',#3554);
#3554 = PRODUCT_DEFINITION('design','',#3555,#3558);
#3555 = PRODUCT_DEFINITION_FORMATION('','',#3556);
#3556 = PRODUCT('Fusion001','Fusion001','',(#3557));
#3557 = PRODUCT_CONTEXT('',#2,'mechanical');
#3558 = PRODUCT_DEFINITION_CONTEXT('part definition',#2,'design');
#3559 = SHAPE_REPRESENTATION('',(#11,#3560,#3710),#3860);
#3560 = MANIFOLD_SOLID_BREP('',#3561);
#3561 = CLOSED_SHELL('',(#3562,#3602,#3633,#3664,#3686,#3698));
#3562 = ADVANCED_FACE('',(#3563),#3597,.F.);
#3563 = FACE_BOUND('',#3564,.T.);
#3564 = EDGE_LOOP('',(#3565,#3575,#3583,#3591));
#3565 = ORIENTED_EDGE('',*,*,#3566,.T.);
#3566 = EDGE_CURVE('',#3567,#3569,#3571,.T.);
#3567 = VERTEX_POINT('',#3568);
#3568 = CARTESIAN_POINT('',(1.4,0.7,0.));
#3569 = VERTEX_POINT('',#3570);
#3570 = CARTESIAN_POINT('',(1.4,0.7,0.1));
#3571 = LINE('',#3572,#3573);
#3572 = CARTESIAN_POINT('',(1.4,0.7,0.));
#3573 = VECTOR('',#3574,1.);
#3574 = DIRECTION('',(0.,0.,1.));
#3575 = ORIENTED_EDGE('',*,*,#3576,.T.);
#3576 = EDGE_CURVE('',#3569,#3577,#3579,.T.);
#3577 = VERTEX_POINT('',#3578);
#3578 = CARTESIAN_POINT('',(2.,0.7,0.1));
#3579 = LINE('',#3580,#3581);
#3580 = CARTESIAN_POINT('',(1.4,0.7,0.1));
#3581 = VECTOR('',#3582,1.);
#3582 = DIRECTION('',(1.,0.,0.));
#3583 = ORIENTED_EDGE('',*,*,#3584,.F.);
#3584 = EDGE_CURVE('',#3585,#3577,#3587,.T.);
#3585 = VERTEX_POINT('',#3586);
#3586 = CARTESIAN_POINT('',(2.,0.7,0.));
#3587 = LINE('',#3588,#3589);
#3588 = CARTESIAN_POINT('',(2.,0.7,0.));
#3589 = VECTOR('',#3590,1.);
#3590 = DIRECTION('',(0.,0.,1.));
#3591 = ORIENTED_EDGE('',*,*,#3592,.F.);
#3592 = EDGE_CURVE('',#3567,#3585,#3593,.T.);
#3593 = LINE('',#3594,#3595);
#3594 = CARTESIAN_POINT('',(1.4,0.7,0.));
#3595 = VECTOR('',#3596,1.);
#3596 = DIRECTION('',(1.,0.,0.));
#3597 = PLANE('',#3598);
#3598 = AXIS2_PLACEMENT_3D('',#3599,#3600,#3601);
#3599 = CARTESIAN_POINT('',(1.4,0.7,0.));
#3600 = DIRECTION('',(-0.,-1.,-0.));
#3601 = DIRECTION('',(-1.,0.,0.));
#3602 = ADVANCED_FACE('',(#3603),#3628,.F.);
#3603 = FACE_BOUND('',#3604,.T.);
#3604 = EDGE_LOOP('',(#3605,#3606,#3614,#3622));
#3605 = ORIENTED_EDGE('',*,*,#3584,.T.);
#3606 = ORIENTED_EDGE('',*,*,#3607,.T.);
#3607 = EDGE_CURVE('',#3577,#3608,#3610,.T.);
#3608 = VERTEX_POINT('',#3609);
#3609 = CARTESIAN_POINT('',(2.,-0.7,0.1));
#3610 = LINE('',#3611,#3612);
#3611 = CARTESIAN_POINT('',(2.,0.7,0.1));
#3612 = VECTOR('',#3613,1.);
#3613 = DIRECTION('',(-0.,-1.,-0.));
#3614 = ORIENTED_EDGE('',*,*,#3615,.F.);
#3615 = EDGE_CURVE('',#3616,#3608,#3618,.T.);
#3616 = VERTEX_POINT('',#3617);
#3617 = CARTESIAN_POINT('',(2.,-0.7,0.));
#3618 = LINE('',#3619,#3620);
#3619 = CARTESIAN_POINT('',(2.,-0.7,0.));
#3620 = VECTOR('',#3621,1.);
#3621 = DIRECTION('',(0.,0.,1.));
#3622 = ORIENTED_EDGE('',*,*,#3623,.F.);
#3623 = EDGE_CURVE('',#3585,#3616,#3624,.T.);
#3624 = LINE('',#3625,#3626);
#3625 = CARTESIAN_POINT('',(2.,0.7,0.));
#3626 = VECTOR('',#3627,1.);
#3627 = DIRECTION('',(-0.,-1.,-0.));
#3628 = PLANE('',#3629);
#3629 = AXIS2_PLACEMENT_3D('',#3630,#3631,#3632);
#3630 = CARTESIAN_POINT('',(2.,0.7,0.));
#3631 = DIRECTION('',(-1.,-0.,-0.));
#3632 = DIRECTION('',(0.,1.,0.));
#3633 = ADVANCED_FACE('',(#3634),#3659,.F.);
#3634 = FACE_BOUND('',#3635,.T.);
#3635 = EDGE_LOOP('',(#3636,#3637,#3645,#3653));
#3636 = ORIENTED_EDGE('',*,*,#3615,.T.);
#3637 = ORIENTED_EDGE('',*,*,#3638,.T.);
#3638 = EDGE_CURVE('',#3608,#3639,#3641,.T.);
#3639 = VERTEX_POINT('',#3640);
#3640 = CARTESIAN_POINT('',(1.4,-0.7,0.1));
#3641 = LINE('',#3642,#3643);
#3642 = CARTESIAN_POINT('',(2.,-0.7,0.1));
#3643 = VECTOR('',#3644,1.);
#3644 = DIRECTION('',(-1.,-0.,-0.));
#3645 = ORIENTED_EDGE('',*,*,#3646,.F.);
#3646 = EDGE_CURVE('',#3647,#3639,#3649,.T.);
#3647 = VERTEX_POINT('',#3648);
#3648 = CARTESIAN_POINT('',(1.4,-0.7,0.));
#3649 = LINE('',#3650,#3651);
#3650 = CARTESIAN_POINT('',(1.4,-0.7,0.));
#3651 = VECTOR('',#3652,1.);
#3652 = DIRECTION('',(0.,0.,1.));
#3653 = ORIENTED_EDGE('',*,*,#3654,.F.);
#3654 = EDGE_CURVE('',#3616,#3647,#3655,.T.);
#3655 = LINE('',#3656,#3657);
#3656 = CARTESIAN_POINT('',(2.,-0.7,0.));
#3657 = VECTOR('',#3658,1.);
#3658 = DIRECTION('',(-1.,-0.,-0.));
#3659 = PLANE('',#3660);
#3660 = AXIS2_PLACEMENT_3D('',#3661,#3662,#3663);
#3661 = CARTESIAN_POINT('',(2.,-0.7,0.));
#3662 = DIRECTION('',(0.,1.,0.));
#3663 = DIRECTION('',(1.,0.,0.));
#3664 = ADVANCED_FACE('',(#3665),#3681,.F.);
#3665 = FACE_BOUND('',#3666,.T.);
#3666 = EDGE_LOOP('',(#3667,#3668,#3674,#3675));
#3667 = ORIENTED_EDGE('',*,*,#3646,.T.);
#3668 = ORIENTED_EDGE('',*,*,#3669,.T.);
#3669 = EDGE_CURVE('',#3639,#3569,#3670,.T.);
#3670 = LINE('',#3671,#3672);
#3671 = CARTESIAN_POINT('',(1.4,-0.7,0.1));
#3672 = VECTOR('',#3673,1.);
#3673 = DIRECTION('',(0.,1.,0.));
#3674 = ORIENTED_EDGE('',*,*,#3566,.F.);
#3675 = ORIENTED_EDGE('',*,*,#3676,.F.);
#3676 = EDGE_CURVE('',#3647,#3567,#3677,.T.);
#3677 = LINE('',#3678,#3679);
#3678 = CARTESIAN_POINT('',(1.4,-0.7,0.));
#3679 = VECTOR('',#3680,1.);
#3680 = DIRECTION('',(0.,1.,0.));
#3681 = PLANE('',#3682);
#3682 = AXIS2_PLACEMENT_3D('',#3683,#3684,#3685);
#3683 = CARTESIAN_POINT('',(1.4,-0.7,0.));
#3684 = DIRECTION('',(1.,0.,0.));
#3685 = DIRECTION('',(0.,-1.,0.));
#3686 = ADVANCED_FACE('',(#3687),#3693,.F.);
#3687 = FACE_BOUND('',#3688,.T.);
#3688 = EDGE_LOOP('',(#3689,#3690,#3691,#3692));
#3689 = ORIENTED_EDGE('',*,*,#3592,.T.);
#3690 = ORIENTED_EDGE('',*,*,#3623,.T.);
#3691 = ORIENTED_EDGE('',*,*,#3654,.T.);
#3692 = ORIENTED_EDGE('',*,*,#3676,.T.);
#3693 = PLANE('',#3694);
#3694 = AXIS2_PLACEMENT_3D('',#3695,#3696,#3697);
#3695 = CARTESIAN_POINT('',(1.7,0.,0.));
#3696 = DIRECTION('',(0.,0.,1.));
#3697 = DIRECTION('',(1.,0.,0.));
#3698 = ADVANCED_FACE('',(#3699),#3705,.T.);
#3699 = FACE_BOUND('',#3700,.F.);
#3700 = EDGE_LOOP('',(#3701,#3702,#3703,#3704));
#3701 = ORIENTED_EDGE('',*,*,#3576,.T.);
#3702 = ORIENTED_EDGE('',*,*,#3607,.T.);
#3703 = ORIENTED_EDGE('',*,*,#3638,.T.);
#3704 = ORIENTED_EDGE('',*,*,#3669,.T.);
#3705 = PLANE('',#3706);
#3706 = AXIS2_PLACEMENT_3D('',#3707,#3708,#3709);
#3707 = CARTESIAN_POINT('',(1.7,0.,0.1));
#3708 = DIRECTION('',(0.,0.,1.));
#3709 = DIRECTION('',(1.,0.,0.));
#3710 = MANIFOLD_SOLID_BREP('',#3711);
#3711 = CLOSED_SHELL('',(#3712,#3752,#3783,#3814,#3836,#3848));
#3712 = ADVANCED_FACE('',(#3713),#3747,.F.);
#3713 = FACE_BOUND('',#3714,.F.);
#3714 = EDGE_LOOP('',(#3715,#3725,#3733,#3741));
#3715 = ORIENTED_EDGE('',*,*,#3716,.T.);
#3716 = EDGE_CURVE('',#3717,#3719,#3721,.T.);
#3717 = VERTEX_POINT('',#3718);
#3718 = CARTESIAN_POINT('',(-1.4,0.7,0.));
#3719 = VERTEX_POINT('',#3720);
#3720 = CARTESIAN_POINT('',(-1.4,0.7,0.1));
#3721 = LINE('',#3722,#3723);
#3722 = CARTESIAN_POINT('',(-1.4,0.7,0.));
#3723 = VECTOR('',#3724,1.);
#3724 = DIRECTION('',(0.,0.,1.));
#3725 = ORIENTED_EDGE('',*,*,#3726,.T.);
#3726 = EDGE_CURVE('',#3719,#3727,#3729,.T.);
#3727 = VERTEX_POINT('',#3728);
#3728 = CARTESIAN_POINT('',(-2.,0.7,0.1));
#3729 = LINE('',#3730,#3731);
#3730 = CARTESIAN_POINT('',(-1.4,0.7,0.1));
#3731 = VECTOR('',#3732,1.);
#3732 = DIRECTION('',(-1.,0.,0.));
#3733 = ORIENTED_EDGE('',*,*,#3734,.F.);
#3734 = EDGE_CURVE('',#3735,#3727,#3737,.T.);
#3735 = VERTEX_POINT('',#3736);
#3736 = CARTESIAN_POINT('',(-2.,0.7,0.));
#3737 = LINE('',#3738,#3739);
#3738 = CARTESIAN_POINT('',(-2.,0.7,0.));
#3739 = VECTOR('',#3740,1.);
#3740 = DIRECTION('',(0.,0.,1.));
#3741 = ORIENTED_EDGE('',*,*,#3742,.F.);
#3742 = EDGE_CURVE('',#3717,#3735,#3743,.T.);
#3743 = LINE('',#3744,#3745);
#3744 = CARTESIAN_POINT('',(-1.4,0.7,0.));
#3745 = VECTOR('',#3746,1.);
#3746 = DIRECTION('',(-1.,0.,0.));
#3747 = PLANE('',#3748);
#3748 = AXIS2_PLACEMENT_3D('',#3749,#3750,#3751);
#3749 = CARTESIAN_POINT('',(-1.4,0.7,0.));
#3750 = DIRECTION('',(0.,-1.,0.));
#3751 = DIRECTION('',(-1.,0.,0.));
#3752 = ADVANCED_FACE('',(#3753),#3778,.F.);
#3753 = FACE_BOUND('',#3754,.F.);
#3754 = EDGE_LOOP('',(#3755,#3756,#3764,#3772));
#3755 = ORIENTED_EDGE('',*,*,#3734,.T.);
#3756 = ORIENTED_EDGE('',*,*,#3757,.T.);
#3757 = EDGE_CURVE('',#3727,#3758,#3760,.T.);
#3758 = VERTEX_POINT('',#3759);
#3759 = CARTESIAN_POINT('',(-2.,-0.7,0.1));
#3760 = LINE('',#3761,#3762);
#3761 = CARTESIAN_POINT('',(-2.,0.7,0.1));
#3762 = VECTOR('',#3763,1.);
#3763 = DIRECTION('',(0.,-1.,0.));
#3764 = ORIENTED_EDGE('',*,*,#3765,.F.);
#3765 = EDGE_CURVE('',#3766,#3758,#3768,.T.);
#3766 = VERTEX_POINT('',#3767);
#3767 = CARTESIAN_POINT('',(-2.,-0.7,0.));
#3768 = LINE('',#3769,#3770);
#3769 = CARTESIAN_POINT('',(-2.,-0.7,0.));
#3770 = VECTOR('',#3771,1.);
#3771 = DIRECTION('',(0.,0.,1.));
#3772 = ORIENTED_EDGE('',*,*,#3773,.F.);
#3773 = EDGE_CURVE('',#3735,#3766,#3774,.T.);
#3774 = LINE('',#3775,#3776);
#3775 = CARTESIAN_POINT('',(-2.,0.7,0.));
#3776 = VECTOR('',#3777,1.);
#3777 = DIRECTION('',(0.,-1.,0.));
#3778 = PLANE('',#3779);
#3779 = AXIS2_PLACEMENT_3D('',#3780,#3781,#3782);
#3780 = CARTESIAN_POINT('',(-2.,0.7,0.));
#3781 = DIRECTION('',(1.,0.,0.));
#3782 = DIRECTION('',(0.,-1.,0.));
#3783 = ADVANCED_FACE('',(#3784),#3809,.F.);
#3784 = FACE_BOUND('',#3785,.F.);
#3785 = EDGE_LOOP('',(#3786,#3787,#3795,#3803));
#3786 = ORIENTED_EDGE('',*,*,#3765,.T.);
#3787 = ORIENTED_EDGE('',*,*,#3788,.T.);
#3788 = EDGE_CURVE('',#3758,#3789,#3791,.T.);
#3789 = VERTEX_POINT('',#3790);
#3790 = CARTESIAN_POINT('',(-1.4,-0.7,0.1));
#3791 = LINE('',#3792,#3793);
#3792 = CARTESIAN_POINT('',(-2.,-0.7,0.1));
#3793 = VECTOR('',#3794,1.);
#3794 = DIRECTION('',(1.,0.,0.));
#3795 = ORIENTED_EDGE('',*,*,#3796,.F.);
#3796 = EDGE_CURVE('',#3797,#3789,#3799,.T.);
#3797 = VERTEX_POINT('',#3798);
#3798 = CARTESIAN_POINT('',(-1.4,-0.7,0.));
#3799 = LINE('',#3800,#3801);
#3800 = CARTESIAN_POINT('',(-1.4,-0.7,0.));
#3801 = VECTOR('',#3802,1.);
#3802 = DIRECTION('',(0.,0.,1.));
#3803 = ORIENTED_EDGE('',*,*,#3804,.F.);
#3804 = EDGE_CURVE('',#3766,#3797,#3805,.T.);
#3805 = LINE('',#3806,#3807);
#3806 = CARTESIAN_POINT('',(-2.,-0.7,0.));
#3807 = VECTOR('',#3808,1.);
#3808 = DIRECTION('',(1.,0.,0.));
#3809 = PLANE('',#3810);
#3810 = AXIS2_PLACEMENT_3D('',#3811,#3812,#3813);
#3811 = CARTESIAN_POINT('',(-2.,-0.7,0.));
#3812 = DIRECTION('',(0.,1.,0.));
#3813 = DIRECTION('',(1.,0.,0.));
#3814 = ADVANCED_FACE('',(#3815),#3831,.F.);
#3815 = FACE_BOUND('',#3816,.F.);
#3816 = EDGE_LOOP('',(#3817,#3818,#3824,#3825));
#3817 = ORIENTED_EDGE('',*,*,#3796,.T.);
#3818 = ORIENTED_EDGE('',*,*,#3819,.T.);
#3819 = EDGE_CURVE('',#3789,#3719,#3820,.T.);
#3820 = LINE('',#3821,#3822);
#3821 = CARTESIAN_POINT('',(-1.4,-0.7,0.1));
#3822 = VECTOR('',#3823,1.);
#3823 = DIRECTION('',(0.,1.,0.));
#3824 = ORIENTED_EDGE('',*,*,#3716,.F.);
#3825 = ORIENTED_EDGE('',*,*,#3826,.F.);
#3826 = EDGE_CURVE('',#3797,#3717,#3827,.T.);
#3827 = LINE('',#3828,#3829);
#3828 = CARTESIAN_POINT('',(-1.4,-0.7,0.));
#3829 = VECTOR('',#3830,1.);
#3830 = DIRECTION('',(0.,1.,0.));
#3831 = PLANE('',#3832);
#3832 = AXIS2_PLACEMENT_3D('',#3833,#3834,#3835);
#3833 = CARTESIAN_POINT('',(-1.4,-0.7,0.));
#3834 = DIRECTION('',(-1.,0.,0.));
#3835 = DIRECTION('',(0.,1.,0.));
#3836 = ADVANCED_FACE('',(#3837),#3843,.F.);
#3837 = FACE_BOUND('',#3838,.F.);
#3838 = EDGE_LOOP('',(#3839,#3840,#3841,#3842));
#3839 = ORIENTED_EDGE('',*,*,#3742,.T.);
#3840 = ORIENTED_EDGE('',*,*,#3773,.T.);
#3841 = ORIENTED_EDGE('',*,*,#3804,.T.);
#3842 = ORIENTED_EDGE('',*,*,#3826,.T.);
#3843 = PLANE('',#3844);
#3844 = AXIS2_PLACEMENT_3D('',#3845,#3846,#3847);
#3845 = CARTESIAN_POINT('',(-1.7,0.,0.));
#3846 = DIRECTION('',(0.,0.,1.));
#3847 = DIRECTION('',(1.,0.,0.));
#3848 = ADVANCED_FACE('',(#3849),#3855,.T.);
#3849 = FACE_BOUND('',#3850,.T.);
#3850 = EDGE_LOOP('',(#3851,#3852,#3853,#3854));
#3851 = ORIENTED_EDGE('',*,*,#3726,.T.);
#3852 = ORIENTED_EDGE('',*,*,#3757,.T.);
#3853 = ORIENTED_EDGE('',*,*,#3788,.T.);
#3854 = ORIENTED_EDGE('',*,*,#3819,.T.);
#3855 = PLANE('',#3856);
#3856 = AXIS2_PLACEMENT_3D('',#3857,#3858,#3859);
#3857 = CARTESIAN_POINT('',(-1.7,0.,0.1));
#3858 = DIRECTION('',(0.,0.,1.));
#3859 = DIRECTION('',(1.,0.,0.));
#3860 = ( GEOMETRIC_REPRESENTATION_CONTEXT(3) 
GLOBAL_UNCERTAINTY_ASSIGNED_CONTEXT((#3864)) 
GLOBAL_UNIT_ASSIGNED_CONTEXT((#3861,#3862,#3863)) REPRESENTATION_CONTEXT
('Context #1','3D Context with UNIT and UNCERTAINTY') );
#3861 = ( LENGTH_UNIT() NAMED_UNIT(*) SI_UNIT(.MILLI.,.METRE.) );
#3862 = ( NAMED_UNIT(*) PLANE_ANGLE_UNIT() SI_UNIT($,.RADIAN.) );
#3863 = ( NAMED_UNIT(*) SI_UNIT($,.STERADIAN.) SOLID_ANGLE_UNIT() );
#3864 = UNCERTAINTY_MEASURE_WITH_UNIT(LENGTH_MEASURE(1.E-07),#3861,
  'distance_accuracy_value','confusion accuracy');
#3865 = CONTEXT_DEPENDENT_SHAPE_REPRESENTATION(#3866,#3868);
#3866 = ( REPRESENTATION_RELATIONSHIP('','',#3559,#3536) 
REPRESENTATION_RELATIONSHIP_WITH_TRANSFORMATION(#3867) 
SHAPE_REPRESENTATION_RELATIONSHIP() );
#3867 = ITEM_DEFINED_TRANSFORMATION('','',#11,#3537);
#3868 = PRODUCT_DEFINITION_SHAPE('Placement','Placement of an item',
  #3869);
#3869 = NEXT_ASSEMBLY_USAGE_OCCURRENCE('3','Fusion001','',#3531,#3554,$
  );
#3870 = PRODUCT_RELATED_PRODUCT_CATEGORY('part',$,(#3556));
#3871 = SHAPE_DEFINITION_REPRESENTATION(#3872,#3878);
#3872 = PRODUCT_DEFINITION_SHAPE('','',#3873);
#3873 = PRODUCT_DEFINITION('design','',#3874,#3877);
#3874 = PRODUCT_DEFINITION_FORMATION('','',#3875);
#3875 = PRODUCT('Button001','Button001','',(#3876));
#3876 = PRODUCT_CONTEXT('',#2,'mechanical');
#3877 = PRODUCT_DEFINITION_CONTEXT('part definition',#2,'design');
#3878 = ADVANCED_BREP_SHAPE_REPRESENTATION('',(#11,#3879),#4100);
#3879 = MANIFOLD_SOLID_BREP('',#3880);
#3880 = CLOSED_SHELL('',(#3881,#3914,#3940,#3983,#3992,#4023,#4047,#4071
    ,#4088));
#3881 = ADVANCED_FACE('',(#3882),#3909,.T.);
#3882 = FACE_BOUND('',#3883,.T.);
#3883 = EDGE_LOOP('',(#3884,#3894,#3901,#3902));
#3884 = ORIENTED_EDGE('',*,*,#3885,.F.);
#3885 = EDGE_CURVE('',#3886,#3888,#3890,.T.);
#3886 = VERTEX_POINT('',#3887);
#3887 = CARTESIAN_POINT('',(0.75,0.,1.6));
#3888 = VERTEX_POINT('',#3889);
#3889 = CARTESIAN_POINT('',(0.75,0.,1.05));
#3890 = LINE('',#3891,#3892);
#3891 = CARTESIAN_POINT('',(0.75,0.,1.7));
#3892 = VECTOR('',#3893,1.);
#3893 = DIRECTION('',(-0.,-0.,-1.));
#3894 = ORIENTED_EDGE('',*,*,#3895,.F.);
#3895 = EDGE_CURVE('',#3886,#3886,#3896,.T.);
#3896 = CIRCLE('',#3897,0.75);
#3897 = AXIS2_PLACEMENT_3D('',#3898,#3899,#3900);
#3898 = CARTESIAN_POINT('',(0.,0.,1.6));
#3899 = DIRECTION('',(0.,0.,1.));
#3900 = DIRECTION('',(1.,0.,-0.));
#3901 = ORIENTED_EDGE('',*,*,#3885,.T.);
#3902 = ORIENTED_EDGE('',*,*,#3903,.T.);
#3903 = EDGE_CURVE('',#3888,#3888,#3904,.T.);
#3904 = CIRCLE('',#3905,0.75);
#3905 = AXIS2_PLACEMENT_3D('',#3906,#3907,#3908);
#3906 = CARTESIAN_POINT('',(0.,0.,1.05));
#3907 = DIRECTION('',(0.,0.,1.));
#3908 = DIRECTION('',(1.,0.,0.));
#3909 = CYLINDRICAL_SURFACE('',#3910,0.75);
#3910 = AXIS2_PLACEMENT_3D('',#3911,#3912,#3913);
#3911 = CARTESIAN_POINT('',(0.,0.,1.7));
#3912 = DIRECTION('',(0.,0.,1.));
#3913 = DIRECTION('',(1.,0.,0.));
#3914 = ADVANCED_FACE('',(#3915),#3935,.T.);
#3915 = FACE_BOUND('',#3916,.T.);
#3916 = EDGE_LOOP('',(#3917,#3926,#3927,#3928));
#3917 = ORIENTED_EDGE('',*,*,#3918,.F.);
#3918 = EDGE_CURVE('',#3886,#3919,#3921,.T.);
#3919 = VERTEX_POINT('',#3920);
#3920 = CARTESIAN_POINT('',(0.65,0.,1.7));
#3921 = CIRCLE('',#3922,0.1);
#3922 = AXIS2_PLACEMENT_3D('',#3923,#3924,#3925);
#3923 = CARTESIAN_POINT('',(0.65,0.,1.6));
#3924 = DIRECTION('',(0.,-1.,0.));
#3925 = DIRECTION('',(1.,0.,0.));
#3926 = ORIENTED_EDGE('',*,*,#3895,.T.);
#3927 = ORIENTED_EDGE('',*,*,#3918,.T.);
#3928 = ORIENTED_EDGE('',*,*,#3929,.F.);
#3929 = EDGE_CURVE('',#3919,#3919,#3930,.T.);
#3930 = CIRCLE('',#3931,0.65);
#3931 = AXIS2_PLACEMENT_3D('',#3932,#3933,#3934);
#3932 = CARTESIAN_POINT('',(0.,0.,1.7));
#3933 = DIRECTION('',(0.,0.,1.));
#3934 = DIRECTION('',(1.,0.,-0.));
#3935 = TOROIDAL_SURFACE('',#3936,0.65,0.1);
#3936 = AXIS2_PLACEMENT_3D('',#3937,#3938,#3939);
#3937 = CARTESIAN_POINT('',(0.,0.,1.6));
#3938 = DIRECTION('',(0.,0.,1.));
#3939 = DIRECTION('',(1.,0.,-0.));
#3940 = ADVANCED_FACE('',(#3941,#3975),#3978,.T.);
#3941 = FACE_BOUND('',#3942,.T.);
#3942 = EDGE_LOOP('',(#3943,#3953,#3961,#3969));
#3943 = ORIENTED_EDGE('',*,*,#3944,.T.);
#3944 = EDGE_CURVE('',#3945,#3947,#3949,.T.);
#3945 = VERTEX_POINT('',#3946);
#3946 = CARTESIAN_POINT('',(1.14,-0.92,1.05));
#3947 = VERTEX_POINT('',#3948);
#3948 = CARTESIAN_POINT('',(1.14,0.92,1.05));
#3949 = LINE('',#3950,#3951);
#3950 = CARTESIAN_POINT('',(1.14,-0.92,1.05));
#3951 = VECTOR('',#3952,1.);
#3952 = DIRECTION('',(0.,1.,0.));
#3953 = ORIENTED_EDGE('',*,*,#3954,.T.);
#3954 = EDGE_CURVE('',#3947,#3955,#3957,.T.);
#3955 = VERTEX_POINT('',#3956);
#3956 = CARTESIAN_POINT('',(-1.14,0.92,1.05));
#3957 = LINE('',#3958,#3959);
#3958 = CARTESIAN_POINT('',(1.14,0.92,1.05));
#3959 = VECTOR('',#3960,1.);
#3960 = DIRECTION('',(-1.,0.,0.));
#3961 = ORIENTED_EDGE('',*,*,#3962,.T.);
#3962 = EDGE_CURVE('',#3955,#3963,#3965,.T.);
#3963 = VERTEX_POINT('',#3964);
#3964 = CARTESIAN_POINT('',(-1.14,-0.92,1.05));
#3965 = LINE('',#3966,#3967);
#3966 = CARTESIAN_POINT('',(-1.14,0.92,1.05));
#3967 = VECTOR('',#3968,1.);
#3968 = DIRECTION('',(0.,-1.,0.));
#3969 = ORIENTED_EDGE('',*,*,#3970,.T.);
#3970 = EDGE_CURVE('',#3963,#3945,#3971,.T.);
#3971 = LINE('',#3972,#3973);
#3972 = CARTESIAN_POINT('',(-1.14,-0.92,1.05));
#3973 = VECTOR('',#3974,1.);
#3974 = DIRECTION('',(1.,0.,0.));
#3975 = FACE_BOUND('',#3976,.T.);
#3976 = EDGE_LOOP('',(#3977));
#3977 = ORIENTED_EDGE('',*,*,#3903,.F.);
#3978 = PLANE('',#3979);
#3979 = AXIS2_PLACEMENT_3D('',#3980,#3981,#3982);
#3980 = CARTESIAN_POINT('',(0.,-1.1E-16,1.05));
#3981 = DIRECTION('',(0.,0.,1.));
#3982 = DIRECTION('',(1.,0.,0.));
#3983 = ADVANCED_FACE('',(#3984),#3987,.T.);
#3984 = FACE_BOUND('',#3985,.T.);
#3985 = EDGE_LOOP('',(#3986));
#3986 = ORIENTED_EDGE('',*,*,#3929,.T.);
#3987 = PLANE('',#3988);
#3988 = AXIS2_PLACEMENT_3D('',#3989,#3990,#3991);
#3989 = CARTESIAN_POINT('',(-4.E-17,0.,1.7));
#3990 = DIRECTION('',(0.,0.,1.));
#3991 = DIRECTION('',(1.,0.,0.));
#3992 = ADVANCED_FACE('',(#3993),#4018,.T.);
#3993 = FACE_BOUND('',#3994,.T.);
#3994 = EDGE_LOOP('',(#3995,#4003,#4011,#4017));
#3995 = ORIENTED_EDGE('',*,*,#3996,.T.);
#3996 = EDGE_CURVE('',#3945,#3997,#3999,.T.);
#3997 = VERTEX_POINT('',#3998);
#3998 = CARTESIAN_POINT('',(1.14,-0.92,0.85));
#3999 = LINE('',#4000,#4001);
#4000 = CARTESIAN_POINT('',(1.14,-0.92,1.05));
#4001 = VECTOR('',#4002,1.);
#4002 = DIRECTION('',(0.,0.,-1.));
#4003 = ORIENTED_EDGE('',*,*,#4004,.T.);
#4004 = EDGE_CURVE('',#3997,#4005,#4007,.T.);
#4005 = VERTEX_POINT('',#4006);
#4006 = CARTESIAN_POINT('',(1.14,0.92,0.85));
#4007 = LINE('',#4008,#4009);
#4008 = CARTESIAN_POINT('',(1.14,-0.92,0.85));
#4009 = VECTOR('',#4010,1.);
#4010 = DIRECTION('',(0.,1.,0.));
#4011 = ORIENTED_EDGE('',*,*,#4012,.F.);
#4012 = EDGE_CURVE('',#3947,#4005,#4013,.T.);
#4013 = LINE('',#4014,#4015);
#4014 = CARTESIAN_POINT('',(1.14,0.92,1.05));
#4015 = VECTOR('',#4016,1.);
#4016 = DIRECTION('',(0.,0.,-1.));
#4017 = ORIENTED_EDGE('',*,*,#3944,.F.);
#4018 = PLANE('',#4019);
#4019 = AXIS2_PLACEMENT_3D('',#4020,#4021,#4022);
#4020 = CARTESIAN_POINT('',(1.14,-0.92,1.05));
#4021 = DIRECTION('',(1.,0.,0.));
#4022 = DIRECTION('',(0.,1.,0.));
#4023 = ADVANCED_FACE('',(#4024),#4042,.T.);
#4024 = FACE_BOUND('',#4025,.T.);
#4025 = EDGE_LOOP('',(#4026,#4034,#4040,#4041));
#4026 = ORIENTED_EDGE('',*,*,#4027,.T.);
#4027 = EDGE_CURVE('',#3963,#4028,#4030,.T.);
#4028 = VERTEX_POINT('',#4029);
#4029 = CARTESIAN_POINT('',(-1.14,-0.92,0.85));
#4030 = LINE('',#4031,#4032);
#4031 = CARTESIAN_POINT('',(-1.14,-0.92,1.05));
#4032 = VECTOR('',#4033,1.);
#4033 = DIRECTION('',(0.,0.,-1.));
#4034 = ORIENTED_EDGE('',*,*,#4035,.T.);
#4035 = EDGE_CURVE('',#4028,#3997,#4036,.T.);
#4036 = LINE('',#4037,#4038);
#4037 = CARTESIAN_POINT('',(-1.14,-0.92,0.85));
#4038 = VECTOR('',#4039,1.);
#4039 = DIRECTION('',(1.,0.,0.));
#4040 = ORIENTED_EDGE('',*,*,#3996,.F.);
#4041 = ORIENTED_EDGE('',*,*,#3970,.F.);
#4042 = PLANE('',#4043);
#4043 = AXIS2_PLACEMENT_3D('',#4044,#4045,#4046);
#4044 = CARTESIAN_POINT('',(-1.14,-0.92,1.05));
#4045 = DIRECTION('',(0.,-1.,0.));
#4046 = DIRECTION('',(1.,0.,0.));
#4047 = ADVANCED_FACE('',(#4048),#4066,.T.);
#4048 = FACE_BOUND('',#4049,.T.);
#4049 = EDGE_LOOP('',(#4050,#4051,#4059,#4065));
#4050 = ORIENTED_EDGE('',*,*,#4012,.T.);
#4051 = ORIENTED_EDGE('',*,*,#4052,.T.);
#4052 = EDGE_CURVE('',#4005,#4053,#4055,.T.);
#4053 = VERTEX_POINT('',#4054);
#4054 = CARTESIAN_POINT('',(-1.14,0.92,0.85));
#4055 = LINE('',#4056,#4057);
#4056 = CARTESIAN_POINT('',(1.14,0.92,0.85));
#4057 = VECTOR('',#4058,1.);
#4058 = DIRECTION('',(-1.,0.,0.));
#4059 = ORIENTED_EDGE('',*,*,#4060,.F.);
#4060 = EDGE_CURVE('',#3955,#4053,#4061,.T.);
#4061 = LINE('',#4062,#4063);
#4062 = CARTESIAN_POINT('',(-1.14,0.92,1.05));
#4063 = VECTOR('',#4064,1.);
#4064 = DIRECTION('',(0.,0.,-1.));
#4065 = ORIENTED_EDGE('',*,*,#3954,.F.);
#4066 = PLANE('',#4067);
#4067 = AXIS2_PLACEMENT_3D('',#4068,#4069,#4070);
#4068 = CARTESIAN_POINT('',(1.14,0.92,1.05));
#4069 = DIRECTION('',(0.,1.,0.));
#4070 = DIRECTION('',(-1.,0.,0.));
#4071 = ADVANCED_FACE('',(#4072),#4083,.T.);
#4072 = FACE_BOUND('',#4073,.T.);
#4073 = EDGE_LOOP('',(#4074,#4075,#4081,#4082));
#4074 = ORIENTED_EDGE('',*,*,#4060,.T.);
#4075 = ORIENTED_EDGE('',*,*,#4076,.T.);
#4076 = EDGE_CURVE('',#4053,#4028,#4077,.T.);
#4077 = LINE('',#4078,#4079);
#4078 = CARTESIAN_POINT('',(-1.14,0.92,0.85));
#4079 = VECTOR('',#4080,1.);
#4080 = DIRECTION('',(0.,-1.,0.));
#4081 = ORIENTED_EDGE('',*,*,#4027,.F.);
#4082 = ORIENTED_EDGE('',*,*,#3962,.F.);
#4083 = PLANE('',#4084);
#4084 = AXIS2_PLACEMENT_3D('',#4085,#4086,#4087);
#4085 = CARTESIAN_POINT('',(-1.14,0.92,1.05));
#4086 = DIRECTION('',(-1.,-0.,-0.));
#4087 = DIRECTION('',(0.,-1.,0.));
#4088 = ADVANCED_FACE('',(#4089),#4095,.F.);
#4089 = FACE_BOUND('',#4090,.F.);
#4090 = EDGE_LOOP('',(#4091,#4092,#4093,#4094));
#4091 = ORIENTED_EDGE('',*,*,#4004,.T.);
#4092 = ORIENTED_EDGE('',*,*,#4052,.T.);
#4093 = ORIENTED_EDGE('',*,*,#4076,.T.);
#4094 = ORIENTED_EDGE('',*,*,#4035,.T.);
#4095 = PLANE('',#4096);
#4096 = AXIS2_PLACEMENT_3D('',#4097,#4098,#4099);
#4097 = CARTESIAN_POINT('',(0.,-1.1E-16,0.85));
#4098 = DIRECTION('',(0.,0.,1.));
#4099 = DIRECTION('',(1.,0.,0.));
#4100 = ( GEOMETRIC_REPRESENTATION_CONTEXT(3) 
GLOBAL_UNCERTAINTY_ASSIGNED_CONTEXT((#4104)) 
GLOBAL_UNIT_ASSIGNED_CONTEXT((#4101,#4102,#4103)) REPRESENTATION_CONTEXT
('Context #1','3D Context with UNIT and UNCERTAINTY') );
#4101 = ( LENGTH_UNIT() NAMED_UNIT(*) SI_UNIT(.MILLI.,.METRE.) );
#4102 = ( NAMED_UNIT(*) PLANE_ANGLE_UNIT() SI_UNIT($,.RADIAN.) );
#4103 = ( NAMED_UNIT(*) SI_UNIT($,.STERADIAN.) SOLID_ANGLE_UNIT() );
#4104 = UNCERTAINTY_MEASURE_WITH_UNIT(LENGTH_MEASURE(1.E-07),#4101,
  'distance_accuracy_value','confusion accuracy');
#4105 = CONTEXT_DEPENDENT_SHAPE_REPRESENTATION(#4106,#4108);
#4106 = ( REPRESENTATION_RELATIONSHIP('','',#3878,#10) 
REPRESENTATION_RELATIONSHIP_WITH_TRANSFORMATION(#4107) 
SHAPE_REPRESENTATION_RELATIONSHIP() );
#4107 = ITEM_DEFINED_TRANSFORMATION('','',#11,#27);
#4108 = PRODUCT_DEFINITION_SHAPE('Placement','Placement of an item',
  #4109);
#4109 = NEXT_ASSEMBLY_USAGE_OCCURRENCE('5','Button001','',#5,#3873,$);
#4110 = PRODUCT_RELATED_PRODUCT_CATEGORY('part',$,(#3875));
#4111 = MECHANICAL_DESIGN_GEOMETRIC_PRESENTATION_REPRESENTATION('',(
    #4112),#4100);
#4112 = STYLED_ITEM('color',(#4113),#3879);
#4113 = PRESENTATION_STYLE_ASSIGNMENT((#4114,#4120));
#4114 = SURFACE_STYLE_USAGE(.BOTH.,#4115);
#4115 = SURFACE_SIDE_STYLE('',(#4116));
#4116 = SURFACE_STYLE_FILL_AREA(#4117);
#4117 = FILL_AREA_STYLE('',(#4118));
#4118 = FILL_AREA_STYLE_COLOUR('',#4119);
#4119 = COLOUR_RGB('',0.184313727102,0.184313727102,0.192156865571);
#4120 = CURVE_STYLE('',#4121,POSITIVE_LENGTH_MEASURE(0.1),#4122);
#4121 = DRAUGHTING_PRE_DEFINED_CURVE_FONT('continuous');
#4122 = COLOUR_RGB('',0.678431390124,0.709803936702,0.741176476869);
#4123 = MECHANICAL_DESIGN_GEOMETRIC_PRESENTATION_REPRESENTATION('',(
    #4124,#4134),#3860);
#4124 = STYLED_ITEM('color',(#4125),#3560);
#4125 = PRESENTATION_STYLE_ASSIGNMENT((#4126,#4132));
#4126 = SURFACE_STYLE_USAGE(.BOTH.,#4127);
#4127 = SURFACE_SIDE_STYLE('',(#4128));
#4128 = SURFACE_STYLE_FILL_AREA(#4129);
#4129 = FILL_AREA_STYLE('',(#4130));
#4130 = FILL_AREA_STYLE_COLOUR('',#4131);
#4131 = COLOUR_RGB('',0.827450977613,0.823529417451,0.784313732475);
#4132 = CURVE_STYLE('',#4133,POSITIVE_LENGTH_MEASURE(0.1),#4122);
#4133 = DRAUGHTING_PRE_DEFINED_CURVE_FONT('continuous');
#4134 = STYLED_ITEM('color',(#4135),#3710);
#4135 = PRESENTATION_STYLE_ASSIGNMENT((#4136,#4141));
#4136 = SURFACE_STYLE_USAGE(.BOTH.,#4137);
#4137 = SURFACE_SIDE_STYLE('',(#4138));
#4138 = SURFACE_STYLE_FILL_AREA(#4139);
#4139 = FILL_AREA_STYLE('',(#4140));
#4140 = FILL_AREA_STYLE_COLOUR('',#4131);
#4141 = CURVE_STYLE('',#4142,POSITIVE_LENGTH_MEASURE(0.1),#4122);
#4142 = DRAUGHTING_PRE_DEFINED_CURVE_FONT('continuous');
#4143 = MECHANICAL_DESIGN_GEOMETRIC_PRESENTATION_REPRESENTATION('',(
    #4144),#3518);
#4144 = STYLED_ITEM('color',(#4145),#1731);
#4145 = PRESENTATION_STYLE_ASSIGNMENT((#4146,#4152));
#4146 = SURFACE_STYLE_USAGE(.BOTH.,#4147);
#4147 = SURFACE_SIDE_STYLE('',(#4148));
#4148 = SURFACE_STYLE_FILL_AREA(#4149);
#4149 = FILL_AREA_STYLE('',(#4150));
#4150 = FILL_AREA_STYLE_COLOUR('',#4151);
#4151 = COLOUR_RGB('',0.823529417451,0.819607860991,0.780392170416);
#4152 = CURVE_STYLE('',#4153,POSITIVE_LENGTH_MEASURE(0.1),#4122);
#4153 = DRAUGHTING_PRE_DEFINED_CURVE_FONT('continuous');
#4154 = MECHANICAL_DESIGN_GEOMETRIC_PRESENTATION_REPRESENTATION('',(
    #4155),#1712);
#4155 = STYLED_ITEM('color',(#4156),#45);
#4156 = PRESENTATION_STYLE_ASSIGNMENT((#4157,#4163));
#4157 = SURFACE_STYLE_USAGE(.BOTH.,#4158);
#4158 = SURFACE_SIDE_STYLE('',(#4159));
#4159 = SURFACE_STYLE_FILL_AREA(#4160);
#4160 = FILL_AREA_STYLE('',(#4161));
#4161 = FILL_AREA_STYLE_COLOUR('',#4162);
#4162 = COLOUR_RGB('',0.898039222556,0.894117649055,0.815686284108);
#4163 = CURVE_STYLE('',#4164,POSITIVE_LENGTH_MEASURE(0.1),#4122);
#4164 = DRAUGHTING_PRE_DEFINED_CURVE_FONT('continuous');
ENDSEC;
END-ISO-10303-21;
