ISO-10303-21;
HEADER;
FILE_DESCRIPTION(('FreeCAD Model'),'2;1');
FILE_NAME('Open CASCADE Shape Model','2026-03-03T13:09:49',(''),(''),
  'Open CASCADE STEP processor 7.9','FreeCAD','Unknown');
FILE_SCHEMA(('AUTOMOTIVE_DESIGN { 1 0 10303 214 1 1 1 1 }'));
ENDSEC;
DATA;
#1 = APPLICATION_PROTOCOL_DEFINITION('international standard',
  'automotive_design',2000,#2);
#2 = APPLICATION_CONTEXT(
  'core data for automotive mechanical design processes');
#3 = SHAPE_DEFINITION_REPRESENTATION(#4,#10);
#4 = PRODUCT_DEFINITION_SHAPE('','',#5);
#5 = PRODUCT_DEFINITION('design','',#6,#9);
#6 = PRODUCT_DEFINITION_FORMATION('','',#7);
#7 = PRODUCT('WS2812C-2427','WS2812C-2427','',(#8));
#8 = PRODUCT_CONTEXT('',#2,'mechanical');
#9 = PRODUCT_DEFINITION_CONTEXT('part definition',#2,'design');
#10 = SHAPE_REPRESENTATION('',(#11,#15,#19),#23);
#11 = AXIS2_PLACEMENT_3D('',#12,#13,#14);
#12 = CARTESIAN_POINT('',(0.,0.,0.));
#13 = DIRECTION('',(0.,0.,1.));
#14 = DIRECTION('',(1.,0.,-0.));
#15 = AXIS2_PLACEMENT_3D('',#16,#17,#18);
#16 = CARTESIAN_POINT('',(0.,0.,2.5E-02));
#17 = DIRECTION('',(0.,0.,1.));
#18 = DIRECTION('',(1.,0.,0.));
#19 = AXIS2_PLACEMENT_3D('',#20,#21,#22);
#20 = CARTESIAN_POINT('',(0.,0.,0.));
#21 = DIRECTION('',(0.,0.,1.));
#22 = DIRECTION('',(1.,0.,0.));
#23 = ( GEOMETRIC_REPRESENTATION_CONTEXT(3) 
GLOBAL_UNCERTAINTY_ASSIGNED_CONTEXT((#27)) GLOBAL_UNIT_ASSIGNED_CONTEXT(
(#24,#25,#26)) REPRESENTATION_CONTEXT('Context #1',
  '3D Context with UNIT and UNCERTAINTY') );
#24 = ( LENGTH_UNIT() NAMED_UNIT(*) SI_UNIT(.MILLI.,.METRE.) );
#25 = ( NAMED_UNIT(*) PLANE_ANGLE_UNIT() SI_UNIT($,.RADIAN.) );
#26 = ( NAMED_UNIT(*) SI_UNIT($,.STERADIAN.) SOLID_ANGLE_UNIT() );
#27 = UNCERTAINTY_MEASURE_WITH_UNIT(LENGTH_MEASURE(1.E-06),#24,
  'distance_accuracy_value','confusion accuracy');
#28 = PRODUCT_RELATED_PRODUCT_CATEGORY('part',$,(#7));
#29 = SHAPE_DEFINITION_REPRESENTATION(#30,#36);
#30 = PRODUCT_DEFINITION_SHAPE('','',#31);
#31 = PRODUCT_DEFINITION('design','',#32,#35);
#32 = PRODUCT_DEFINITION_FORMATION('','',#33);
#33 = PRODUCT('Body','Body','',(#34));
#34 = PRODUCT_CONTEXT('',#2,'mechanical');
#35 = PRODUCT_DEFINITION_CONTEXT('part definition',#2,'design');
#36 = ADVANCED_BREP_SHAPE_REPRESENTATION('',(#11,#37),#1116);
#37 = MANIFOLD_SOLID_BREP('',#38);
#38 = CLOSED_SHELL('',(#39,#77,#108,#155,#198,#221,#245,#269,#320,#347,
    #362,#381,#406,#418,#481,#537,#593,#642,#651,#684,#708,#816,#840,
    #866,#899,#916,#933,#966,#983,#1000,#1017,#1034,#1046,#1058,#1070,
    #1082,#1107));
#39 = ADVANCED_FACE('',(#40),#72,.T.);
#40 = FACE_BOUND('',#41,.T.);
#41 = EDGE_LOOP('',(#42,#52,#59,#67));
#42 = ORIENTED_EDGE('',*,*,#43,.T.);
#43 = EDGE_CURVE('',#44,#46,#48,.T.);
#44 = VERTEX_POINT('',#45);
#45 = CARTESIAN_POINT('',(-1.35,-1.2,0.55));
#46 = VERTEX_POINT('',#47);
#47 = CARTESIAN_POINT('',(1.35,-1.2,0.55));
#48 = LINE('',#49,#50);
#49 = CARTESIAN_POINT('',(-1.35,-1.2,0.55));
#50 = VECTOR('',#51,1.);
#51 = DIRECTION('',(1.,0.,0.));
#52 = ORIENTED_EDGE('',*,*,#53,.T.);
#53 = EDGE_CURVE('',#46,#54,#56,.T.);
#54 = VERTEX_POINT('',#55);
#55 = CARTESIAN_POINT('',(1.3259864814,-1.1759864814,1.1));
#56 = B_SPLINE_CURVE_WITH_KNOTS('',1,(#57,#58),.UNSPECIFIED.,.F.,.F.,(2,
    2),(0.,1.),.PIECEWISE_BEZIER_KNOTS.);
#57 = CARTESIAN_POINT('',(1.35,-1.2,0.55));
#58 = CARTESIAN_POINT('',(1.3259864814,-1.1759864814,1.1));
#59 = ORIENTED_EDGE('',*,*,#60,.F.);
#60 = EDGE_CURVE('',#61,#54,#63,.T.);
#61 = VERTEX_POINT('',#62);
#62 = CARTESIAN_POINT('',(-1.3259864814,-1.1759864814,1.1));
#63 = LINE('',#64,#65);
#64 = CARTESIAN_POINT('',(-1.35,-1.1759864814,1.1));
#65 = VECTOR('',#66,1.);
#66 = DIRECTION('',(1.,0.,0.));
#67 = ORIENTED_EDGE('',*,*,#68,.F.);
#68 = EDGE_CURVE('',#44,#61,#69,.T.);
#69 = B_SPLINE_CURVE_WITH_KNOTS('',1,(#70,#71),.UNSPECIFIED.,.F.,.F.,(2,
    2),(0.,1.),.PIECEWISE_BEZIER_KNOTS.);
#70 = CARTESIAN_POINT('',(-1.35,-1.2,0.55));
#71 = CARTESIAN_POINT('',(-1.3259864814,-1.1759864814,1.1));
#72 = B_SPLINE_SURFACE_WITH_KNOTS('',1,1,(
    (#73,#74)
    ,(#75,#76)),.UNSPECIFIED.,.F.,.F.,.F.,(2,2),(2,2),(0.,2.7),(0.,1.),
  .PIECEWISE_BEZIER_KNOTS.);
#73 = CARTESIAN_POINT('',(-1.35,-1.2,0.55));
#74 = CARTESIAN_POINT('',(-1.3259864814,-1.1759864814,1.1));
#75 = CARTESIAN_POINT('',(1.35,-1.2,0.55));
#76 = CARTESIAN_POINT('',(1.3259864814,-1.1759864814,1.1));
#77 = ADVANCED_FACE('',(#78),#103,.T.);
#78 = FACE_BOUND('',#79,.T.);
#79 = EDGE_LOOP('',(#80,#88,#96,#102));
#80 = ORIENTED_EDGE('',*,*,#81,.T.);
#81 = EDGE_CURVE('',#44,#82,#84,.T.);
#82 = VERTEX_POINT('',#83);
#83 = CARTESIAN_POINT('',(-1.35,-1.2,0.375));
#84 = LINE('',#85,#86);
#85 = CARTESIAN_POINT('',(-1.35,-1.2,0.55));
#86 = VECTOR('',#87,1.);
#87 = DIRECTION('',(0.,0.,-1.));
#88 = ORIENTED_EDGE('',*,*,#89,.T.);
#89 = EDGE_CURVE('',#82,#90,#92,.T.);
#90 = VERTEX_POINT('',#91);
#91 = CARTESIAN_POINT('',(1.35,-1.2,0.375));
#92 = LINE('',#93,#94);
#93 = CARTESIAN_POINT('',(-1.35,-1.2,0.375));
#94 = VECTOR('',#95,1.);
#95 = DIRECTION('',(1.,0.,0.));
#96 = ORIENTED_EDGE('',*,*,#97,.F.);
#97 = EDGE_CURVE('',#46,#90,#98,.T.);
#98 = LINE('',#99,#100);
#99 = CARTESIAN_POINT('',(1.35,-1.2,0.55));
#100 = VECTOR('',#101,1.);
#101 = DIRECTION('',(0.,0.,-1.));
#102 = ORIENTED_EDGE('',*,*,#43,.F.);
#103 = PLANE('',#104);
#104 = AXIS2_PLACEMENT_3D('',#105,#106,#107);
#105 = CARTESIAN_POINT('',(-1.35,-1.2,0.55));
#106 = DIRECTION('',(0.,-1.,0.));
#107 = DIRECTION('',(1.,0.,0.));
#108 = ADVANCED_FACE('',(#109),#150,.T.);
#109 = FACE_BOUND('',#110,.T.);
#110 = EDGE_LOOP('',(#111,#112,#120,#127,#134,#144));
#111 = ORIENTED_EDGE('',*,*,#53,.F.);
#112 = ORIENTED_EDGE('',*,*,#113,.T.);
#113 = EDGE_CURVE('',#46,#114,#116,.T.);
#114 = VERTEX_POINT('',#115);
#115 = CARTESIAN_POINT('',(1.35,1.2,0.55));
#116 = LINE('',#117,#118);
#117 = CARTESIAN_POINT('',(1.35,-1.2,0.55));
#118 = VECTOR('',#119,1.);
#119 = DIRECTION('',(0.,1.,0.));
#120 = ORIENTED_EDGE('',*,*,#121,.T.);
#121 = EDGE_CURVE('',#114,#122,#124,.T.);
#122 = VERTEX_POINT('',#123);
#123 = CARTESIAN_POINT('',(1.334718669982,1.184718669982,0.9));
#124 = B_SPLINE_CURVE_WITH_KNOTS('',1,(#125,#126),.UNSPECIFIED.,.F.,.F.,
  (2,2),(0.,1.),.PIECEWISE_BEZIER_KNOTS.);
#125 = CARTESIAN_POINT('',(1.35,1.2,0.55));
#126 = CARTESIAN_POINT('',(1.3259864814,1.1759864814,1.1));
#127 = ORIENTED_EDGE('',*,*,#128,.T.);
#128 = EDGE_CURVE('',#122,#129,#131,.T.);
#129 = VERTEX_POINT('',#130);
#130 = CARTESIAN_POINT('',(1.334718669982,0.715281330018,0.9));
#131 = B_SPLINE_CURVE_WITH_KNOTS('',1,(#132,#133),.UNSPECIFIED.,.F.,.F.,
  (2,2),(0.,1.),.PIECEWISE_BEZIER_KNOTS.);
#132 = CARTESIAN_POINT('',(1.334718669982,1.184718669982,0.9));
#133 = CARTESIAN_POINT('',(1.334718669982,0.7,0.9));
#134 = ORIENTED_EDGE('',*,*,#135,.T.);
#135 = EDGE_CURVE('',#129,#136,#138,.T.);
#136 = VERTEX_POINT('',#137);
#137 = CARTESIAN_POINT('',(1.3259864814,0.7240135186,1.1));
#138 = B_SPLINE_CURVE_WITH_KNOTS('',4,(#139,#140,#141,#142,#143),
  .UNSPECIFIED.,.F.,.F.,(5,5),(0.,1.),.PIECEWISE_BEZIER_KNOTS.);
#139 = CARTESIAN_POINT('',(1.334718669982,0.715281330018,0.9));
#140 = CARTESIAN_POINT('',(1.332535603844,0.717464396156,0.950000434999)
  );
#141 = CARTESIAN_POINT('',(1.330352550213,0.719647449787,1.000000583555)
  );
#142 = CARTESIAN_POINT('',(1.328169509318,0.721830490682,1.050000440387)
  );
#143 = CARTESIAN_POINT('',(1.3259864814,0.7240135186,1.1));
#144 = ORIENTED_EDGE('',*,*,#145,.F.);
#145 = EDGE_CURVE('',#54,#136,#146,.T.);
#146 = LINE('',#147,#148);
#147 = CARTESIAN_POINT('',(1.3259864814,-1.2,1.1));
#148 = VECTOR('',#149,1.);
#149 = DIRECTION('',(0.,1.,0.));
#150 = B_SPLINE_SURFACE_WITH_KNOTS('',1,1,(
    (#151,#152)
    ,(#153,#154
  )),.UNSPECIFIED.,.F.,.F.,.F.,(2,2),(2,2),(0.,2.4),(0.,1.),
  .PIECEWISE_BEZIER_KNOTS.);
#151 = CARTESIAN_POINT('',(1.35,-1.2,0.55));
#152 = CARTESIAN_POINT('',(1.3259864814,-1.1759864814,1.1));
#153 = CARTESIAN_POINT('',(1.35,1.2,0.55));
#154 = CARTESIAN_POINT('',(1.3259864814,1.1759864814,1.1));
#155 = ADVANCED_FACE('',(#156,#182),#193,.F.);
#156 = FACE_BOUND('',#157,.F.);
#157 = EDGE_LOOP('',(#158,#159,#167,#175,#181));
#158 = ORIENTED_EDGE('',*,*,#60,.F.);
#159 = ORIENTED_EDGE('',*,*,#160,.F.);
#160 = EDGE_CURVE('',#161,#61,#163,.T.);
#161 = VERTEX_POINT('',#162);
#162 = CARTESIAN_POINT('',(-1.3259864814,1.1759864814,1.1));
#163 = LINE('',#164,#165);
#164 = CARTESIAN_POINT('',(-1.3259864814,1.2,1.1));
#165 = VECTOR('',#166,1.);
#166 = DIRECTION('',(0.,-1.,0.));
#167 = ORIENTED_EDGE('',*,*,#168,.F.);
#168 = EDGE_CURVE('',#169,#161,#171,.T.);
#169 = VERTEX_POINT('',#170);
#170 = CARTESIAN_POINT('',(0.8740135186,1.1759864814,1.1));
#171 = LINE('',#172,#173);
#172 = CARTESIAN_POINT('',(1.35,1.1759864814,1.1));
#173 = VECTOR('',#174,1.);
#174 = DIRECTION('',(-1.,0.,0.));
#175 = ORIENTED_EDGE('',*,*,#176,.T.);
#176 = EDGE_CURVE('',#169,#136,#177,.T.);
#177 = LINE('',#178,#179);
#178 = CARTESIAN_POINT('',(0.85,1.2,1.1));
#179 = VECTOR('',#180,1.);
#180 = DIRECTION('',(0.707106781187,-0.707106781187,0.));
#181 = ORIENTED_EDGE('',*,*,#145,.F.);
#182 = FACE_BOUND('',#183,.F.);
#183 = EDGE_LOOP('',(#184));
#184 = ORIENTED_EDGE('',*,*,#185,.T.);
#185 = EDGE_CURVE('',#186,#186,#188,.T.);
#186 = VERTEX_POINT('',#187);
#187 = CARTESIAN_POINT('',(1.,0.,1.1));
#188 = CIRCLE('',#189,1.);
#189 = AXIS2_PLACEMENT_3D('',#190,#191,#192);
#190 = CARTESIAN_POINT('',(0.,0.,1.1));
#191 = DIRECTION('',(0.,0.,1.));
#192 = DIRECTION('',(1.,0.,0.));
#193 = PLANE('',#194);
#194 = AXIS2_PLACEMENT_3D('',#195,#196,#197);
#195 = CARTESIAN_POINT('',(-1.3259864814,-1.1759864814,1.1));
#196 = DIRECTION('',(0.,0.,-1.));
#197 = DIRECTION('',(0.748156379765,0.663522442286,0.));
#198 = ADVANCED_FACE('',(#199),#216,.T.);
#199 = FACE_BOUND('',#200,.T.);
#200 = EDGE_LOOP('',(#201,#209,#210,#211));
#201 = ORIENTED_EDGE('',*,*,#202,.T.);
#202 = EDGE_CURVE('',#203,#44,#205,.T.);
#203 = VERTEX_POINT('',#204);
#204 = CARTESIAN_POINT('',(-1.35,1.2,0.55));
#205 = LINE('',#206,#207);
#206 = CARTESIAN_POINT('',(-1.35,1.2,0.55));
#207 = VECTOR('',#208,1.);
#208 = DIRECTION('',(0.,-1.,0.));
#209 = ORIENTED_EDGE('',*,*,#68,.T.);
#210 = ORIENTED_EDGE('',*,*,#160,.F.);
#211 = ORIENTED_EDGE('',*,*,#212,.F.);
#212 = EDGE_CURVE('',#203,#161,#213,.T.);
#213 = B_SPLINE_CURVE_WITH_KNOTS('',1,(#214,#215),.UNSPECIFIED.,.F.,.F.,
  (2,2),(0.,1.),.PIECEWISE_BEZIER_KNOTS.);
#214 = CARTESIAN_POINT('',(-1.35,1.2,0.55));
#215 = CARTESIAN_POINT('',(-1.3259864814,1.1759864814,1.1));
#216 = B_SPLINE_SURFACE_WITH_KNOTS('',1,1,(
    (#217,#218)
    ,(#219,#220
  )),.UNSPECIFIED.,.F.,.F.,.F.,(2,2),(2,2),(0.,2.4),(0.,1.),
  .PIECEWISE_BEZIER_KNOTS.);
#217 = CARTESIAN_POINT('',(-1.35,1.2,0.55));
#218 = CARTESIAN_POINT('',(-1.3259864814,1.1759864814,1.1));
#219 = CARTESIAN_POINT('',(-1.35,-1.2,0.55));
#220 = CARTESIAN_POINT('',(-1.3259864814,-1.1759864814,1.1));
#221 = ADVANCED_FACE('',(#222),#240,.T.);
#222 = FACE_BOUND('',#223,.T.);
#223 = EDGE_LOOP('',(#224,#232,#238,#239));
#224 = ORIENTED_EDGE('',*,*,#225,.T.);
#225 = EDGE_CURVE('',#203,#226,#228,.T.);
#226 = VERTEX_POINT('',#227);
#227 = CARTESIAN_POINT('',(-1.35,1.2,0.375));
#228 = LINE('',#229,#230);
#229 = CARTESIAN_POINT('',(-1.35,1.2,0.55));
#230 = VECTOR('',#231,1.);
#231 = DIRECTION('',(0.,0.,-1.));
#232 = ORIENTED_EDGE('',*,*,#233,.T.);
#233 = EDGE_CURVE('',#226,#82,#234,.T.);
#234 = LINE('',#235,#236);
#235 = CARTESIAN_POINT('',(-1.35,1.2,0.375));
#236 = VECTOR('',#237,1.);
#237 = DIRECTION('',(0.,-1.,0.));
#238 = ORIENTED_EDGE('',*,*,#81,.F.);
#239 = ORIENTED_EDGE('',*,*,#202,.F.);
#240 = PLANE('',#241);
#241 = AXIS2_PLACEMENT_3D('',#242,#243,#244);
#242 = CARTESIAN_POINT('',(-1.35,1.2,0.55));
#243 = DIRECTION('',(-1.,-0.,-0.));
#244 = DIRECTION('',(0.,-1.,0.));
#245 = ADVANCED_FACE('',(#246),#264,.T.);
#246 = FACE_BOUND('',#247,.T.);
#247 = EDGE_LOOP('',(#248,#249,#257,#263));
#248 = ORIENTED_EDGE('',*,*,#97,.T.);
#249 = ORIENTED_EDGE('',*,*,#250,.T.);
#250 = EDGE_CURVE('',#90,#251,#253,.T.);
#251 = VERTEX_POINT('',#252);
#252 = CARTESIAN_POINT('',(1.35,1.2,0.375));
#253 = LINE('',#254,#255);
#254 = CARTESIAN_POINT('',(1.35,-1.2,0.375));
#255 = VECTOR('',#256,1.);
#256 = DIRECTION('',(0.,1.,0.));
#257 = ORIENTED_EDGE('',*,*,#258,.F.);
#258 = EDGE_CURVE('',#114,#251,#259,.T.);
#259 = LINE('',#260,#261);
#260 = CARTESIAN_POINT('',(1.35,1.2,0.55));
#261 = VECTOR('',#262,1.);
#262 = DIRECTION('',(0.,0.,-1.));
#263 = ORIENTED_EDGE('',*,*,#113,.F.);
#264 = PLANE('',#265);
#265 = AXIS2_PLACEMENT_3D('',#266,#267,#268);
#266 = CARTESIAN_POINT('',(1.35,-1.2,0.55));
#267 = DIRECTION('',(1.,0.,0.));
#268 = DIRECTION('',(0.,1.,0.));
#269 = ADVANCED_FACE('',(#270,#281),#315,.T.);
#270 = FACE_BOUND('',#271,.T.);
#271 = EDGE_LOOP('',(#272,#273,#274,#280));
#272 = ORIENTED_EDGE('',*,*,#89,.F.);
#273 = ORIENTED_EDGE('',*,*,#233,.F.);
#274 = ORIENTED_EDGE('',*,*,#275,.F.);
#275 = EDGE_CURVE('',#251,#226,#276,.T.);
#276 = LINE('',#277,#278);
#277 = CARTESIAN_POINT('',(1.35,1.2,0.375));
#278 = VECTOR('',#279,1.);
#279 = DIRECTION('',(-1.,0.,0.));
#280 = ORIENTED_EDGE('',*,*,#250,.F.);
#281 = FACE_BOUND('',#282,.T.);
#282 = EDGE_LOOP('',(#283,#293,#301,#309));
#283 = ORIENTED_EDGE('',*,*,#284,.F.);
#284 = EDGE_CURVE('',#285,#287,#289,.T.);
#285 = VERTEX_POINT('',#286);
#286 = CARTESIAN_POINT('',(-1.169369686595,1.182808248822,0.375));
#287 = VERTEX_POINT('',#288);
#288 = CARTESIAN_POINT('',(1.169369686595,1.182808248822,0.375));
#289 = LINE('',#290,#291);
#290 = CARTESIAN_POINT('',(-1.235,1.182808248822,0.375));
#291 = VECTOR('',#292,1.);
#292 = DIRECTION('',(1.,0.,0.));
#293 = ORIENTED_EDGE('',*,*,#294,.F.);
#294 = EDGE_CURVE('',#295,#285,#297,.T.);
#295 = VERTEX_POINT('',#296);
#296 = CARTESIAN_POINT('',(-1.169369686595,-1.182808248822,0.375));
#297 = LINE('',#298,#299);
#298 = CARTESIAN_POINT('',(-1.169369686595,-1.175,0.375));
#299 = VECTOR('',#300,1.);
#300 = DIRECTION('',(0.,1.,0.));
#301 = ORIENTED_EDGE('',*,*,#302,.F.);
#302 = EDGE_CURVE('',#303,#295,#305,.T.);
#303 = VERTEX_POINT('',#304);
#304 = CARTESIAN_POINT('',(1.169369686595,-1.182808248822,0.375));
#305 = LINE('',#306,#307);
#306 = CARTESIAN_POINT('',(-0.115,-1.182808248822,0.375));
#307 = VECTOR('',#308,1.);
#308 = DIRECTION('',(-1.,0.,0.));
#309 = ORIENTED_EDGE('',*,*,#310,.F.);
#310 = EDGE_CURVE('',#287,#303,#311,.T.);
#311 = LINE('',#312,#313);
#312 = CARTESIAN_POINT('',(1.169369686595,-2.5E-02,0.375));
#313 = VECTOR('',#314,1.);
#314 = DIRECTION('',(0.,-1.,0.));
#315 = PLANE('',#316);
#316 = AXIS2_PLACEMENT_3D('',#317,#318,#319);
#317 = CARTESIAN_POINT('',(-1.35,-1.2,0.375));
#318 = DIRECTION('',(0.,0.,-1.));
#319 = DIRECTION('',(0.747409318684,0.66436383883,0.));
#320 = ADVANCED_FACE('',(#321),#342,.F.);
#321 = FACE_BOUND('',#322,.F.);
#322 = EDGE_LOOP('',(#323,#324,#335,#341));
#323 = ORIENTED_EDGE('',*,*,#176,.F.);
#324 = ORIENTED_EDGE('',*,*,#325,.F.);
#325 = EDGE_CURVE('',#326,#169,#328,.T.);
#326 = VERTEX_POINT('',#327);
#327 = CARTESIAN_POINT('',(0.865281330018,1.184718669982,0.9));
#328 = B_SPLINE_CURVE_WITH_KNOTS('',5,(#329,#330,#331,#332,#333,#334),
  .UNSPECIFIED.,.F.,.F.,(6,6),(0.,1.),.PIECEWISE_BEZIER_KNOTS.);
#329 = CARTESIAN_POINT('',(0.865281330018,1.184718669982,0.9));
#330 = CARTESIAN_POINT('',(0.867132159747,1.182867840253,0.942390970187)
  );
#331 = CARTESIAN_POINT('',(0.868719142802,1.181280857198,0.978738858012)
  );
#332 = CARTESIAN_POINT('',(0.870599610622,1.179400389378,1.021808652086)
  );
#333 = CARTESIAN_POINT('',(0.872644117461,1.177355882539,1.06863555738)
  );
#334 = CARTESIAN_POINT('',(0.8740135186,1.1759864814,1.1));
#335 = ORIENTED_EDGE('',*,*,#336,.T.);
#336 = EDGE_CURVE('',#326,#129,#337,.T.);
#337 = LINE('',#338,#339);
#338 = CARTESIAN_POINT('',(0.85,1.2,0.9));
#339 = VECTOR('',#340,1.);
#340 = DIRECTION('',(0.707106781187,-0.707106781187,0.));
#341 = ORIENTED_EDGE('',*,*,#135,.T.);
#342 = PLANE('',#343);
#343 = AXIS2_PLACEMENT_3D('',#344,#345,#346);
#344 = CARTESIAN_POINT('',(0.85,1.2,1.1));
#345 = DIRECTION('',(-0.707106781187,-0.707106781187,0.));
#346 = DIRECTION('',(0.707106781187,-0.707106781187,0.));
#347 = ADVANCED_FACE('',(#348),#357,.T.);
#348 = FACE_BOUND('',#349,.T.);
#349 = EDGE_LOOP('',(#350,#355,#356));
#350 = ORIENTED_EDGE('',*,*,#351,.F.);
#351 = EDGE_CURVE('',#326,#122,#352,.T.);
#352 = B_SPLINE_CURVE_WITH_KNOTS('',1,(#353,#354),.UNSPECIFIED.,.F.,.F.,
  (2,2),(0.,1.),.PIECEWISE_BEZIER_KNOTS.);
#353 = CARTESIAN_POINT('',(0.85,1.184718669982,0.9));
#354 = CARTESIAN_POINT('',(1.334718669982,1.184718669982,0.9));
#355 = ORIENTED_EDGE('',*,*,#336,.T.);
#356 = ORIENTED_EDGE('',*,*,#128,.F.);
#357 = PLANE('',#358);
#358 = AXIS2_PLACEMENT_3D('',#359,#360,#361);
#359 = CARTESIAN_POINT('',(1.173223304703,1.023223304703,0.9));
#360 = DIRECTION('',(0.,0.,1.));
#361 = DIRECTION('',(1.,0.,0.));
#362 = ADVANCED_FACE('',(#363),#376,.T.);
#363 = FACE_BOUND('',#364,.T.);
#364 = EDGE_LOOP('',(#365,#366,#372,#373,#374,#375));
#365 = ORIENTED_EDGE('',*,*,#121,.F.);
#366 = ORIENTED_EDGE('',*,*,#367,.T.);
#367 = EDGE_CURVE('',#114,#203,#368,.T.);
#368 = LINE('',#369,#370);
#369 = CARTESIAN_POINT('',(1.35,1.2,0.55));
#370 = VECTOR('',#371,1.);
#371 = DIRECTION('',(-1.,0.,0.));
#372 = ORIENTED_EDGE('',*,*,#212,.T.);
#373 = ORIENTED_EDGE('',*,*,#168,.F.);
#374 = ORIENTED_EDGE('',*,*,#325,.F.);
#375 = ORIENTED_EDGE('',*,*,#351,.T.);
#376 = B_SPLINE_SURFACE_WITH_KNOTS('',1,1,(
    (#377,#378)
    ,(#379,#380
  )),.UNSPECIFIED.,.F.,.F.,.F.,(2,2),(2,2),(0.,2.7),(0.,1.),
  .PIECEWISE_BEZIER_KNOTS.);
#377 = CARTESIAN_POINT('',(1.35,1.2,0.55));
#378 = CARTESIAN_POINT('',(1.3259864814,1.1759864814,1.1));
#379 = CARTESIAN_POINT('',(-1.35,1.2,0.55));
#380 = CARTESIAN_POINT('',(-1.3259864814,1.1759864814,1.1));
#381 = ADVANCED_FACE('',(#382),#401,.F.);
#382 = FACE_BOUND('',#383,.F.);
#383 = EDGE_LOOP('',(#384,#392,#399,#400));
#384 = ORIENTED_EDGE('',*,*,#385,.T.);
#385 = EDGE_CURVE('',#186,#386,#388,.T.);
#386 = VERTEX_POINT('',#387);
#387 = CARTESIAN_POINT('',(0.852627944163,0.,0.55));
#388 = LINE('',#389,#390);
#389 = CARTESIAN_POINT('',(1.,0.,1.1));
#390 = VECTOR('',#391,1.);
#391 = DIRECTION('',(-0.258819045103,0.,-0.965925826289));
#392 = ORIENTED_EDGE('',*,*,#393,.T.);
#393 = EDGE_CURVE('',#386,#386,#394,.T.);
#394 = CIRCLE('',#395,0.852627944163);
#395 = AXIS2_PLACEMENT_3D('',#396,#397,#398);
#396 = CARTESIAN_POINT('',(0.,0.,0.55));
#397 = DIRECTION('',(0.,0.,1.));
#398 = DIRECTION('',(1.,0.,0.));
#399 = ORIENTED_EDGE('',*,*,#385,.F.);
#400 = ORIENTED_EDGE('',*,*,#185,.F.);
#401 = CONICAL_SURFACE('',#402,1.,0.261799387799);
#402 = AXIS2_PLACEMENT_3D('',#403,#404,#405);
#403 = CARTESIAN_POINT('',(0.,0.,1.1));
#404 = DIRECTION('',(0.,0.,1.));
#405 = DIRECTION('',(1.,0.,0.));
#406 = ADVANCED_FACE('',(#407),#413,.T.);
#407 = FACE_BOUND('',#408,.T.);
#408 = EDGE_LOOP('',(#409,#410,#411,#412));
#409 = ORIENTED_EDGE('',*,*,#258,.T.);
#410 = ORIENTED_EDGE('',*,*,#275,.T.);
#411 = ORIENTED_EDGE('',*,*,#225,.F.);
#412 = ORIENTED_EDGE('',*,*,#367,.F.);
#413 = PLANE('',#414);
#414 = AXIS2_PLACEMENT_3D('',#415,#416,#417);
#415 = CARTESIAN_POINT('',(1.35,1.2,0.55));
#416 = DIRECTION('',(0.,1.,0.));
#417 = DIRECTION('',(-1.,0.,0.));
#418 = ADVANCED_FACE('',(#419),#476,.F.);
#419 = FACE_BOUND('',#420,.F.);
#420 = EDGE_LOOP('',(#421,#422,#430,#438,#446,#454,#462,#470));
#421 = ORIENTED_EDGE('',*,*,#284,.F.);
#422 = ORIENTED_EDGE('',*,*,#423,.T.);
#423 = EDGE_CURVE('',#285,#424,#426,.T.);
#424 = VERTEX_POINT('',#425);
#425 = CARTESIAN_POINT('',(-1.143039187078,1.165310516117,0.175));
#426 = LINE('',#427,#428);
#427 = CARTESIAN_POINT('',(-1.155543065007,1.173619872863,0.269976382204
    ));
#428 = VECTOR('',#429,1.);
#429 = DIRECTION('',(0.130037915405,-8.64157052468E-02,-0.987736030751)
  );
#430 = ORIENTED_EDGE('',*,*,#431,.T.);
#431 = EDGE_CURVE('',#424,#432,#434,.T.);
#432 = VERTEX_POINT('',#433);
#433 = CARTESIAN_POINT('',(-0.394369686595,1.165310516117,0.175));
#434 = LINE('',#435,#436);
#435 = CARTESIAN_POINT('',(-0.95696675,1.165310516117,0.175));
#436 = VECTOR('',#437,1.);
#437 = DIRECTION('',(1.,0.,0.));
#438 = ORIENTED_EDGE('',*,*,#439,.T.);
#439 = EDGE_CURVE('',#432,#440,#442,.T.);
#440 = VERTEX_POINT('',#441);
#441 = CARTESIAN_POINT('',(-0.394369686595,1.15,2.403512956638E-16));
#442 = LINE('',#443,#444);
#443 = CARTESIAN_POINT('',(-0.394369686595,1.163997569385,0.159992950176
    ));
#444 = VECTOR('',#445,1.);
#445 = DIRECTION('',(0.,-8.715574274766E-02,-0.996194698092));
#446 = ORIENTED_EDGE('',*,*,#447,.T.);
#447 = EDGE_CURVE('',#440,#448,#450,.T.);
#448 = VERTEX_POINT('',#449);
#449 = CARTESIAN_POINT('',(0.394369686595,1.15,2.84135126291E-16));
#450 = LINE('',#451,#452);
#451 = CARTESIAN_POINT('',(-0.56,1.15,-3.E-17));
#452 = VECTOR('',#453,1.);
#453 = DIRECTION('',(1.,0.,0.));
#454 = ORIENTED_EDGE('',*,*,#455,.F.);
#455 = EDGE_CURVE('',#456,#448,#458,.T.);
#456 = VERTEX_POINT('',#457);
#457 = CARTESIAN_POINT('',(0.394369686595,1.165310516117,0.175));
#458 = LINE('',#459,#460);
#459 = CARTESIAN_POINT('',(0.394369686595,1.163997569385,0.159992950176)
  );
#460 = VECTOR('',#461,1.);
#461 = DIRECTION('',(2.405521206315E-16,-8.715574274766E-02,
    -0.996194698092));
#462 = ORIENTED_EDGE('',*,*,#463,.F.);
#463 = EDGE_CURVE('',#464,#456,#466,.T.);
#464 = VERTEX_POINT('',#465);
#465 = CARTESIAN_POINT('',(1.143039187078,1.165310516117,0.175));
#466 = LINE('',#467,#468);
#467 = CARTESIAN_POINT('',(-0.16303325,1.165310516117,0.175));
#468 = VECTOR('',#469,1.);
#469 = DIRECTION('',(-1.,-1.942638572803E-17,-2.22044604925E-16));
#470 = ORIENTED_EDGE('',*,*,#471,.F.);
#471 = EDGE_CURVE('',#287,#464,#472,.T.);
#472 = LINE('',#473,#474);
#473 = CARTESIAN_POINT('',(1.149526938324,1.169621901744,0.224279363214)
  );
#474 = VECTOR('',#475,1.);
#475 = DIRECTION('',(-0.130037915405,-8.64157052468E-02,-0.987736030751)
  );
#476 = PLANE('',#477);
#477 = AXIS2_PLACEMENT_3D('',#478,#479,#480);
#478 = CARTESIAN_POINT('',(-1.12,1.18268340353,0.373573011784));
#479 = DIRECTION('',(0.,-0.996194698092,8.715574274766E-02));
#480 = DIRECTION('',(1.,0.,0.));
#481 = ADVANCED_FACE('',(#482),#532,.F.);
#482 = FACE_BOUND('',#483,.F.);
#483 = EDGE_LOOP('',(#484,#485,#486,#494,#502,#510,#518,#526));
#484 = ORIENTED_EDGE('',*,*,#310,.F.);
#485 = ORIENTED_EDGE('',*,*,#471,.T.);
#486 = ORIENTED_EDGE('',*,*,#487,.F.);
#487 = EDGE_CURVE('',#488,#464,#490,.T.);
#488 = VERTEX_POINT('',#489);
#489 = CARTESIAN_POINT('',(1.143039187078,0.332808248822,0.175));
#490 = LINE('',#491,#492);
#491 = CARTESIAN_POINT('',(1.143039187078,0.960466493867,0.175));
#492 = VECTOR('',#493,1.);
#493 = DIRECTION('',(5.846545362837E-17,1.,4.440892098501E-16));
#494 = ORIENTED_EDGE('',*,*,#495,.F.);
#495 = EDGE_CURVE('',#496,#488,#498,.T.);
#496 = VERTEX_POINT('',#497);
#497 = CARTESIAN_POINT('',(1.12,0.332808248822,1.982432548835E-16));
#498 = LINE('',#499,#500);
#499 = CARTESIAN_POINT('',(1.144894218861,0.332808248822,0.189090365293)
  );
#500 = VECTOR('',#501,1.);
#501 = DIRECTION('',(0.13052619222,-4.113073283135E-16,0.991444861374));
#502 = ORIENTED_EDGE('',*,*,#503,.T.);
#503 = EDGE_CURVE('',#496,#504,#506,.T.);
#504 = VERTEX_POINT('',#505);
#505 = CARTESIAN_POINT('',(1.12,-0.332808248822,1.24344978758E-16));
#506 = LINE('',#507,#508);
#507 = CARTESIAN_POINT('',(1.12,0.575,0.));
#508 = VECTOR('',#509,1.);
#509 = DIRECTION('',(0.,-1.,0.));
#510 = ORIENTED_EDGE('',*,*,#511,.T.);
#511 = EDGE_CURVE('',#504,#512,#514,.T.);
#512 = VERTEX_POINT('',#513);
#513 = CARTESIAN_POINT('',(1.143039187078,-0.332808248822,0.175));
#514 = LINE('',#515,#516);
#515 = CARTESIAN_POINT('',(1.144894218861,-0.332808248822,0.189090365293
    ));
#516 = VECTOR('',#517,1.);
#517 = DIRECTION('',(0.13052619222,-2.898263678387E-17,0.991444861374));
#518 = ORIENTED_EDGE('',*,*,#519,.T.);
#519 = EDGE_CURVE('',#512,#520,#522,.T.);
#520 = VERTEX_POINT('',#521);
#521 = CARTESIAN_POINT('',(1.143039187078,-1.165310516117,0.175));
#522 = LINE('',#523,#524);
#523 = CARTESIAN_POINT('',(1.143039187078,0.189533506133,0.175));
#524 = VECTOR('',#525,1.);
#525 = DIRECTION('',(3.245484638169E-33,-1.,2.465190328816E-32));
#526 = ORIENTED_EDGE('',*,*,#527,.F.);
#527 = EDGE_CURVE('',#303,#520,#528,.T.);
#528 = LINE('',#529,#530);
#529 = CARTESIAN_POINT('',(1.155543065007,-1.173619872863,0.269976382204
    ));
#530 = VECTOR('',#531,1.);
#531 = DIRECTION('',(-0.130037915405,8.64157052468E-02,-0.987736030751)
  );
#532 = PLANE('',#533);
#533 = AXIS2_PLACEMENT_3D('',#534,#535,#536);
#534 = CARTESIAN_POINT('',(1.168947322083,1.15,0.371791823015));
#535 = DIRECTION('',(-0.991444861374,0.,0.13052619222));
#536 = DIRECTION('',(0.,-1.,0.));
#537 = ADVANCED_FACE('',(#538),#588,.F.);
#538 = FACE_BOUND('',#539,.F.);
#539 = EDGE_LOOP('',(#540,#541,#542,#550,#558,#566,#574,#582));
#540 = ORIENTED_EDGE('',*,*,#302,.F.);
#541 = ORIENTED_EDGE('',*,*,#527,.T.);
#542 = ORIENTED_EDGE('',*,*,#543,.T.);
#543 = EDGE_CURVE('',#520,#544,#546,.T.);
#544 = VERTEX_POINT('',#545);
#545 = CARTESIAN_POINT('',(0.394369686595,-1.165310516117,0.175));
#546 = LINE('',#547,#548);
#547 = CARTESIAN_POINT('',(0.95696675,-1.165310516117,0.175));
#548 = VECTOR('',#549,1.);
#549 = DIRECTION('',(-1.,1.942638572803E-17,-2.22044604925E-16));
#550 = ORIENTED_EDGE('',*,*,#551,.T.);
#551 = EDGE_CURVE('',#544,#552,#554,.T.);
#552 = VERTEX_POINT('',#553);
#553 = CARTESIAN_POINT('',(0.394369686595,-1.15,2.878383062723E-17));
#554 = LINE('',#555,#556);
#555 = CARTESIAN_POINT('',(0.394369686595,-1.163997569385,0.159992950176
    ));
#556 = VECTOR('',#557,1.);
#557 = DIRECTION('',(2.405521206315E-16,8.715574274766E-02,
    -0.996194698092));
#558 = ORIENTED_EDGE('',*,*,#559,.T.);
#559 = EDGE_CURVE('',#552,#560,#562,.T.);
#560 = VERTEX_POINT('',#561);
#561 = CARTESIAN_POINT('',(-0.394369686595,-1.15,-1.5E-17));
#562 = LINE('',#563,#564);
#563 = CARTESIAN_POINT('',(0.56,-1.15,-3.E-17));
#564 = VECTOR('',#565,1.);
#565 = DIRECTION('',(-1.,-0.,-0.));
#566 = ORIENTED_EDGE('',*,*,#567,.F.);
#567 = EDGE_CURVE('',#568,#560,#570,.T.);
#568 = VERTEX_POINT('',#569);
#569 = CARTESIAN_POINT('',(-0.394369686595,-1.165310516117,0.175));
#570 = LINE('',#571,#572);
#571 = CARTESIAN_POINT('',(-0.394369686595,-1.163997569385,
    0.159992950176));
#572 = VECTOR('',#573,1.);
#573 = DIRECTION('',(0.,8.715574274766E-02,-0.996194698092));
#574 = ORIENTED_EDGE('',*,*,#575,.F.);
#575 = EDGE_CURVE('',#576,#568,#578,.T.);
#576 = VERTEX_POINT('',#577);
#577 = CARTESIAN_POINT('',(-1.143039187078,-1.165310516117,0.175));
#578 = LINE('',#579,#580);
#579 = CARTESIAN_POINT('',(0.16303325,-1.165310516117,0.175));
#580 = VECTOR('',#581,1.);
#581 = DIRECTION('',(1.,0.,0.));
#582 = ORIENTED_EDGE('',*,*,#583,.F.);
#583 = EDGE_CURVE('',#295,#576,#584,.T.);
#584 = LINE('',#585,#586);
#585 = CARTESIAN_POINT('',(-1.149526938324,-1.169621901744,
    0.224279363214));
#586 = VECTOR('',#587,1.);
#587 = DIRECTION('',(0.130037915405,8.64157052468E-02,-0.987736030751));
#588 = PLANE('',#589);
#589 = AXIS2_PLACEMENT_3D('',#590,#591,#592);
#590 = CARTESIAN_POINT('',(1.12,-1.18268340353,0.373573011784));
#591 = DIRECTION('',(0.,0.996194698092,8.715574274766E-02));
#592 = DIRECTION('',(-1.,0.,0.));
#593 = ADVANCED_FACE('',(#594),#637,.F.);
#594 = FACE_BOUND('',#595,.F.);
#595 = EDGE_LOOP('',(#596,#597,#598,#606,#614,#622,#630,#636));
#596 = ORIENTED_EDGE('',*,*,#294,.F.);
#597 = ORIENTED_EDGE('',*,*,#583,.T.);
#598 = ORIENTED_EDGE('',*,*,#599,.F.);
#599 = EDGE_CURVE('',#600,#576,#602,.T.);
#600 = VERTEX_POINT('',#601);
#601 = CARTESIAN_POINT('',(-1.143039187078,-0.332808248822,0.175));
#602 = LINE('',#603,#604);
#603 = CARTESIAN_POINT('',(-1.143039187078,-0.960466493867,0.175));
#604 = VECTOR('',#605,1.);
#605 = DIRECTION('',(0.,-1.,0.));
#606 = ORIENTED_EDGE('',*,*,#607,.F.);
#607 = EDGE_CURVE('',#608,#600,#610,.T.);
#608 = VERTEX_POINT('',#609);
#609 = CARTESIAN_POINT('',(-1.12,-0.332808248822,0.));
#610 = LINE('',#611,#612);
#611 = CARTESIAN_POINT('',(-1.144894218861,-0.332808248822,
    0.189090365293));
#612 = VECTOR('',#613,1.);
#613 = DIRECTION('',(-0.13052619222,0.,0.991444861374));
#614 = ORIENTED_EDGE('',*,*,#615,.T.);
#615 = EDGE_CURVE('',#608,#616,#618,.T.);
#616 = VERTEX_POINT('',#617);
#617 = CARTESIAN_POINT('',(-1.12,0.332808248822,7.389827612552E-17));
#618 = LINE('',#619,#620);
#619 = CARTESIAN_POINT('',(-1.12,-0.575,0.));
#620 = VECTOR('',#621,1.);
#621 = DIRECTION('',(0.,1.,0.));
#622 = ORIENTED_EDGE('',*,*,#623,.T.);
#623 = EDGE_CURVE('',#616,#624,#626,.T.);
#624 = VERTEX_POINT('',#625);
#625 = CARTESIAN_POINT('',(-1.143039187078,0.332808248822,0.175));
#626 = LINE('',#627,#628);
#627 = CARTESIAN_POINT('',(-1.144894218861,0.332808248822,0.189090365293
    ));
#628 = VECTOR('',#629,1.);
#629 = DIRECTION('',(-0.13052619222,-4.402899650974E-16,0.991444861374)
  );
#630 = ORIENTED_EDGE('',*,*,#631,.T.);
#631 = EDGE_CURVE('',#624,#424,#632,.T.);
#632 = LINE('',#633,#634);
#633 = CARTESIAN_POINT('',(-1.143039187078,-0.189533506133,0.175));
#634 = VECTOR('',#635,1.);
#635 = DIRECTION('',(-5.846545362837E-17,1.,4.440892098501E-16));
#636 = ORIENTED_EDGE('',*,*,#423,.F.);
#637 = PLANE('',#638);
#638 = AXIS2_PLACEMENT_3D('',#639,#640,#641);
#639 = CARTESIAN_POINT('',(-1.168947322083,-1.15,0.371791823015));
#640 = DIRECTION('',(0.991444861374,0.,0.13052619222));
#641 = DIRECTION('',(0.,1.,0.));
#642 = ADVANCED_FACE('',(#643),#646,.T.);
#643 = FACE_BOUND('',#644,.T.);
#644 = EDGE_LOOP('',(#645));
#645 = ORIENTED_EDGE('',*,*,#393,.T.);
#646 = PLANE('',#647);
#647 = AXIS2_PLACEMENT_3D('',#648,#649,#650);
#648 = CARTESIAN_POINT('',(-6.E-17,9.E-17,0.55));
#649 = DIRECTION('',(0.,0.,1.));
#650 = DIRECTION('',(1.,0.,0.));
#651 = ADVANCED_FACE('',(#652),#679,.F.);
#652 = FACE_BOUND('',#653,.F.);
#653 = EDGE_LOOP('',(#654,#662,#663,#664,#672));
#654 = ORIENTED_EDGE('',*,*,#655,.F.);
#655 = EDGE_CURVE('',#488,#656,#658,.T.);
#656 = VERTEX_POINT('',#657);
#657 = CARTESIAN_POINT('',(0.594369686595,0.332808248822,0.175));
#658 = LINE('',#659,#660);
#659 = CARTESIAN_POINT('',(1.169369686595,0.332808248822,0.175));
#660 = VECTOR('',#661,1.);
#661 = DIRECTION('',(-1.,-2.22044604925E-16,-2.22044604925E-16));
#662 = ORIENTED_EDGE('',*,*,#487,.T.);
#663 = ORIENTED_EDGE('',*,*,#463,.T.);
#664 = ORIENTED_EDGE('',*,*,#665,.F.);
#665 = EDGE_CURVE('',#666,#456,#668,.T.);
#666 = VERTEX_POINT('',#667);
#667 = CARTESIAN_POINT('',(0.394369686595,0.532808248822,0.175));
#668 = LINE('',#669,#670);
#669 = CARTESIAN_POINT('',(0.394369686595,0.532808248822,0.175));
#670 = VECTOR('',#671,1.);
#671 = DIRECTION('',(-2.22044604925E-16,1.,4.440892098501E-16));
#672 = ORIENTED_EDGE('',*,*,#673,.F.);
#673 = EDGE_CURVE('',#656,#666,#674,.T.);
#674 = CIRCLE('',#675,0.2);
#675 = AXIS2_PLACEMENT_3D('',#676,#677,#678);
#676 = CARTESIAN_POINT('',(0.594369686595,0.532808248822,0.175));
#677 = DIRECTION('',(2.22044604925E-16,4.440892098501E-16,-1.));
#678 = DIRECTION('',(-1.,-2.22044604925E-16,-2.22044604925E-16));
#679 = PLANE('',#680);
#680 = AXIS2_PLACEMENT_3D('',#681,#682,#683);
#681 = CARTESIAN_POINT('',(0.793933499999,0.770932987734,0.175));
#682 = DIRECTION('',(-2.22044604925E-16,-4.440892098501E-16,1.));
#683 = DIRECTION('',(-1.,-2.22044604925E-16,-2.22044604925E-16));
#684 = ADVANCED_FACE('',(#685),#703,.F.);
#685 = FACE_BOUND('',#686,.F.);
#686 = EDGE_LOOP('',(#687,#695,#701,#702));
#687 = ORIENTED_EDGE('',*,*,#688,.F.);
#688 = EDGE_CURVE('',#689,#448,#691,.T.);
#689 = VERTEX_POINT('',#690);
#690 = CARTESIAN_POINT('',(0.394369686595,0.532808248822,
    3.241820554755E-16));
#691 = LINE('',#692,#693);
#692 = CARTESIAN_POINT('',(0.394369686595,0.532808248822,
    3.241820554755E-16));
#693 = VECTOR('',#694,1.);
#694 = DIRECTION('',(-2.22044604925E-16,1.,4.440892098501E-16));
#695 = ORIENTED_EDGE('',*,*,#696,.T.);
#696 = EDGE_CURVE('',#689,#666,#697,.T.);
#697 = LINE('',#698,#699);
#698 = CARTESIAN_POINT('',(0.394369686595,0.532808248822,
    3.241820554755E-16));
#699 = VECTOR('',#700,1.);
#700 = DIRECTION('',(-2.22044604925E-16,-4.440892098501E-16,1.));
#701 = ORIENTED_EDGE('',*,*,#665,.T.);
#702 = ORIENTED_EDGE('',*,*,#455,.T.);
#703 = PLANE('',#704);
#704 = AXIS2_PLACEMENT_3D('',#705,#706,#707);
#705 = CARTESIAN_POINT('',(0.394369686595,0.532808248822,
    3.241820554755E-16));
#706 = DIRECTION('',(-1.,-2.22044604925E-16,-2.22044604925E-16));
#707 = DIRECTION('',(-2.22044604925E-16,1.,4.440892098501E-16));
#708 = ADVANCED_FACE('',(#709,#800),#811,.F.);
#709 = FACE_BOUND('',#710,.F.);
#710 = EDGE_LOOP('',(#711,#712,#720,#729,#735,#736,#744,#753,#759,#760,
    #768,#777,#783,#784,#792,#799));
#711 = ORIENTED_EDGE('',*,*,#447,.F.);
#712 = ORIENTED_EDGE('',*,*,#713,.F.);
#713 = EDGE_CURVE('',#714,#440,#716,.T.);
#714 = VERTEX_POINT('',#715);
#715 = CARTESIAN_POINT('',(-0.394369686595,0.532808248822,
    2.366143942211E-16));
#716 = LINE('',#717,#718);
#717 = CARTESIAN_POINT('',(-0.394369686595,0.532808248822,
    2.366143942211E-16));
#718 = VECTOR('',#719,1.);
#719 = DIRECTION('',(-0.,1.,4.440892098501E-16));
#720 = ORIENTED_EDGE('',*,*,#721,.F.);
#721 = EDGE_CURVE('',#722,#714,#724,.T.);
#722 = VERTEX_POINT('',#723);
#723 = CARTESIAN_POINT('',(-0.594369686595,0.332808248822,
    1.47796552251E-16));
#724 = CIRCLE('',#725,0.2);
#725 = AXIS2_PLACEMENT_3D('',#726,#727,#728);
#726 = CARTESIAN_POINT('',(-0.594369686595,0.532808248822,
    2.366143942211E-16));
#727 = DIRECTION('',(0.,-4.440892098501E-16,1.));
#728 = DIRECTION('',(1.,0.,0.));
#729 = ORIENTED_EDGE('',*,*,#730,.F.);
#730 = EDGE_CURVE('',#616,#722,#731,.T.);
#731 = LINE('',#732,#733);
#732 = CARTESIAN_POINT('',(-1.169369686595,0.332808248822,
    1.47796552251E-16));
#733 = VECTOR('',#734,1.);
#734 = DIRECTION('',(1.,0.,0.));
#735 = ORIENTED_EDGE('',*,*,#615,.F.);
#736 = ORIENTED_EDGE('',*,*,#737,.T.);
#737 = EDGE_CURVE('',#608,#738,#740,.T.);
#738 = VERTEX_POINT('',#739);
#739 = CARTESIAN_POINT('',(-0.594369686595,-0.332808248822,0.));
#740 = LINE('',#741,#742);
#741 = CARTESIAN_POINT('',(-1.169369686595,-0.332808248822,0.));
#742 = VECTOR('',#743,1.);
#743 = DIRECTION('',(1.,0.,0.));
#744 = ORIENTED_EDGE('',*,*,#745,.T.);
#745 = EDGE_CURVE('',#738,#746,#748,.T.);
#746 = VERTEX_POINT('',#747);
#747 = CARTESIAN_POINT('',(-0.394369686595,-0.532808248822,0.));
#748 = CIRCLE('',#749,0.2);
#749 = AXIS2_PLACEMENT_3D('',#750,#751,#752);
#750 = CARTESIAN_POINT('',(-0.594369686595,-0.532808248822,0.));
#751 = DIRECTION('',(0.,0.,-1.));
#752 = DIRECTION('',(1.,0.,0.));
#753 = ORIENTED_EDGE('',*,*,#754,.T.);
#754 = EDGE_CURVE('',#746,#560,#755,.T.);
#755 = LINE('',#756,#757);
#756 = CARTESIAN_POINT('',(-0.394369686595,-0.532808248822,0.));
#757 = VECTOR('',#758,1.);
#758 = DIRECTION('',(0.,-1.,0.));
#759 = ORIENTED_EDGE('',*,*,#559,.F.);
#760 = ORIENTED_EDGE('',*,*,#761,.F.);
#761 = EDGE_CURVE('',#762,#552,#764,.T.);
#762 = VERTEX_POINT('',#763);
#763 = CARTESIAN_POINT('',(0.394369686595,-0.532808248822,
    8.756766125446E-17));
#764 = LINE('',#765,#766);
#765 = CARTESIAN_POINT('',(0.394369686595,-0.532808248822,
    8.756766125446E-17));
#766 = VECTOR('',#767,1.);
#767 = DIRECTION('',(-2.22044604925E-16,-1.,-2.465190328816E-32));
#768 = ORIENTED_EDGE('',*,*,#769,.F.);
#769 = EDGE_CURVE('',#770,#762,#772,.T.);
#770 = VERTEX_POINT('',#771);
#771 = CARTESIAN_POINT('',(0.594369686595,-0.332808248822,
    1.319765822395E-16));
#772 = CIRCLE('',#773,0.2);
#773 = AXIS2_PLACEMENT_3D('',#774,#775,#776);
#774 = CARTESIAN_POINT('',(0.594369686595,-0.532808248822,
    1.319765822395E-16));
#775 = DIRECTION('',(-2.22044604925E-16,2.465190328816E-32,1.));
#776 = DIRECTION('',(-1.,2.22044604925E-16,-2.22044604925E-16));
#777 = ORIENTED_EDGE('',*,*,#778,.F.);
#778 = EDGE_CURVE('',#504,#770,#779,.T.);
#779 = LINE('',#780,#781);
#780 = CARTESIAN_POINT('',(1.169369686595,-0.332808248822,
    2.596522300714E-16));
#781 = VECTOR('',#782,1.);
#782 = DIRECTION('',(-1.,2.22044604925E-16,-2.22044604925E-16));
#783 = ORIENTED_EDGE('',*,*,#503,.F.);
#784 = ORIENTED_EDGE('',*,*,#785,.T.);
#785 = EDGE_CURVE('',#496,#786,#788,.T.);
#786 = VERTEX_POINT('',#787);
#787 = CARTESIAN_POINT('',(0.594369686595,0.332808248822,
    2.797731344905E-16));
#788 = LINE('',#789,#790);
#789 = CARTESIAN_POINT('',(1.169369686595,0.332808248822,
    4.074487823224E-16));
#790 = VECTOR('',#791,1.);
#791 = DIRECTION('',(-1.,-2.22044604925E-16,-2.22044604925E-16));
#792 = ORIENTED_EDGE('',*,*,#793,.T.);
#793 = EDGE_CURVE('',#786,#689,#794,.T.);
#794 = CIRCLE('',#795,0.2);
#795 = AXIS2_PLACEMENT_3D('',#796,#797,#798);
#796 = CARTESIAN_POINT('',(0.594369686595,0.532808248822,
    3.685909764605E-16));
#797 = DIRECTION('',(2.22044604925E-16,4.440892098501E-16,-1.));
#798 = DIRECTION('',(-1.,-2.22044604925E-16,-2.22044604925E-16));
#799 = ORIENTED_EDGE('',*,*,#688,.T.);
#800 = FACE_BOUND('',#801,.F.);
#801 = EDGE_LOOP('',(#802));
#802 = ORIENTED_EDGE('',*,*,#803,.T.);
#803 = EDGE_CURVE('',#804,#804,#806,.T.);
#804 = VERTEX_POINT('',#805);
#805 = CARTESIAN_POINT('',(0.5,0.,0.));
#806 = CIRCLE('',#807,0.5);
#807 = AXIS2_PLACEMENT_3D('',#808,#809,#810);
#808 = CARTESIAN_POINT('',(0.,0.,0.));
#809 = DIRECTION('',(0.,0.,-1.));
#810 = DIRECTION('',(1.,0.,0.));
#811 = PLANE('',#812);
#812 = AXIS2_PLACEMENT_3D('',#813,#814,#815);
#813 = CARTESIAN_POINT('',(-5.E-17,0.,0.));
#814 = DIRECTION('',(0.,0.,1.));
#815 = DIRECTION('',(1.,0.,0.));
#816 = ADVANCED_FACE('',(#817),#835,.F.);
#817 = FACE_BOUND('',#818,.T.);
#818 = EDGE_LOOP('',(#819,#820,#828,#834));
#819 = ORIENTED_EDGE('',*,*,#713,.F.);
#820 = ORIENTED_EDGE('',*,*,#821,.T.);
#821 = EDGE_CURVE('',#714,#822,#824,.T.);
#822 = VERTEX_POINT('',#823);
#823 = CARTESIAN_POINT('',(-0.394369686595,0.532808248822,0.175));
#824 = LINE('',#825,#826);
#825 = CARTESIAN_POINT('',(-0.394369686595,0.532808248822,
    2.366143942211E-16));
#826 = VECTOR('',#827,1.);
#827 = DIRECTION('',(0.,-4.440892098501E-16,1.));
#828 = ORIENTED_EDGE('',*,*,#829,.T.);
#829 = EDGE_CURVE('',#822,#432,#830,.T.);
#830 = LINE('',#831,#832);
#831 = CARTESIAN_POINT('',(-0.394369686595,0.532808248822,0.175));
#832 = VECTOR('',#833,1.);
#833 = DIRECTION('',(-0.,1.,4.440892098501E-16));
#834 = ORIENTED_EDGE('',*,*,#439,.T.);
#835 = PLANE('',#836);
#836 = AXIS2_PLACEMENT_3D('',#837,#838,#839);
#837 = CARTESIAN_POINT('',(-0.394369686595,0.532808248822,
    2.366143942211E-16));
#838 = DIRECTION('',(1.,0.,0.));
#839 = DIRECTION('',(-0.,-1.,-4.440892098501E-16));
#840 = ADVANCED_FACE('',(#841),#861,.F.);
#841 = FACE_BOUND('',#842,.T.);
#842 = EDGE_LOOP('',(#843,#851,#852,#853,#854));
#843 = ORIENTED_EDGE('',*,*,#844,.F.);
#844 = EDGE_CURVE('',#624,#845,#847,.T.);
#845 = VERTEX_POINT('',#846);
#846 = CARTESIAN_POINT('',(-0.594369686595,0.332808248822,0.175));
#847 = LINE('',#848,#849);
#848 = CARTESIAN_POINT('',(-1.169369686595,0.332808248822,0.175));
#849 = VECTOR('',#850,1.);
#850 = DIRECTION('',(1.,0.,0.));
#851 = ORIENTED_EDGE('',*,*,#631,.T.);
#852 = ORIENTED_EDGE('',*,*,#431,.T.);
#853 = ORIENTED_EDGE('',*,*,#829,.F.);
#854 = ORIENTED_EDGE('',*,*,#855,.F.);
#855 = EDGE_CURVE('',#845,#822,#856,.T.);
#856 = CIRCLE('',#857,0.2);
#857 = AXIS2_PLACEMENT_3D('',#858,#859,#860);
#858 = CARTESIAN_POINT('',(-0.594369686595,0.532808248822,0.175));
#859 = DIRECTION('',(0.,-4.440892098501E-16,1.));
#860 = DIRECTION('',(1.,0.,0.));
#861 = PLANE('',#862);
#862 = AXIS2_PLACEMENT_3D('',#863,#864,#865);
#863 = CARTESIAN_POINT('',(-0.793933499999,0.770932987734,0.175));
#864 = DIRECTION('',(0.,-4.440892098501E-16,1.));
#865 = DIRECTION('',(-1.,-0.,-0.));
#866 = ADVANCED_FACE('',(#867),#894,.F.);
#867 = FACE_BOUND('',#868,.T.);
#868 = EDGE_LOOP('',(#869,#877,#878,#879,#887));
#869 = ORIENTED_EDGE('',*,*,#870,.F.);
#870 = EDGE_CURVE('',#512,#871,#873,.T.);
#871 = VERTEX_POINT('',#872);
#872 = CARTESIAN_POINT('',(0.594369686595,-0.332808248822,0.175));
#873 = LINE('',#874,#875);
#874 = CARTESIAN_POINT('',(1.169369686595,-0.332808248822,0.175));
#875 = VECTOR('',#876,1.);
#876 = DIRECTION('',(-1.,2.22044604925E-16,-2.22044604925E-16));
#877 = ORIENTED_EDGE('',*,*,#519,.T.);
#878 = ORIENTED_EDGE('',*,*,#543,.T.);
#879 = ORIENTED_EDGE('',*,*,#880,.F.);
#880 = EDGE_CURVE('',#881,#544,#883,.T.);
#881 = VERTEX_POINT('',#882);
#882 = CARTESIAN_POINT('',(0.394369686595,-0.532808248822,0.175));
#883 = LINE('',#884,#885);
#884 = CARTESIAN_POINT('',(0.394369686595,-0.532808248822,0.175));
#885 = VECTOR('',#886,1.);
#886 = DIRECTION('',(-2.22044604925E-16,-1.,-2.465190328816E-32));
#887 = ORIENTED_EDGE('',*,*,#888,.F.);
#888 = EDGE_CURVE('',#871,#881,#889,.T.);
#889 = CIRCLE('',#890,0.2);
#890 = AXIS2_PLACEMENT_3D('',#891,#892,#893);
#891 = CARTESIAN_POINT('',(0.594369686595,-0.532808248822,0.175));
#892 = DIRECTION('',(-2.22044604925E-16,2.465190328816E-32,1.));
#893 = DIRECTION('',(-1.,2.22044604925E-16,-2.22044604925E-16));
#894 = PLANE('',#895);
#895 = AXIS2_PLACEMENT_3D('',#896,#897,#898);
#896 = CARTESIAN_POINT('',(0.793933499999,-0.770932987734,0.175));
#897 = DIRECTION('',(-2.22044604925E-16,2.465190328816E-32,1.));
#898 = DIRECTION('',(1.,-2.22044604925E-16,2.22044604925E-16));
#899 = ADVANCED_FACE('',(#900),#911,.F.);
#900 = FACE_BOUND('',#901,.T.);
#901 = EDGE_LOOP('',(#902,#903,#904,#905));
#902 = ORIENTED_EDGE('',*,*,#778,.F.);
#903 = ORIENTED_EDGE('',*,*,#511,.T.);
#904 = ORIENTED_EDGE('',*,*,#870,.T.);
#905 = ORIENTED_EDGE('',*,*,#906,.F.);
#906 = EDGE_CURVE('',#770,#871,#907,.T.);
#907 = LINE('',#908,#909);
#908 = CARTESIAN_POINT('',(0.594369686595,-0.332808248822,
    1.319765822395E-16));
#909 = VECTOR('',#910,1.);
#910 = DIRECTION('',(-2.22044604925E-16,2.465190328816E-32,1.));
#911 = PLANE('',#912);
#912 = AXIS2_PLACEMENT_3D('',#913,#914,#915);
#913 = CARTESIAN_POINT('',(1.169369686595,-0.332808248822,
    2.596522300714E-16));
#914 = DIRECTION('',(2.22044604925E-16,1.,2.465190328816E-32));
#915 = DIRECTION('',(1.,-2.22044604925E-16,2.22044604925E-16));
#916 = ADVANCED_FACE('',(#917),#928,.F.);
#917 = FACE_BOUND('',#918,.F.);
#918 = EDGE_LOOP('',(#919,#920,#921,#922));
#919 = ORIENTED_EDGE('',*,*,#785,.F.);
#920 = ORIENTED_EDGE('',*,*,#495,.T.);
#921 = ORIENTED_EDGE('',*,*,#655,.T.);
#922 = ORIENTED_EDGE('',*,*,#923,.F.);
#923 = EDGE_CURVE('',#786,#656,#924,.T.);
#924 = LINE('',#925,#926);
#925 = CARTESIAN_POINT('',(0.594369686595,0.332808248822,
    2.797731344905E-16));
#926 = VECTOR('',#927,1.);
#927 = DIRECTION('',(-2.22044604925E-16,-4.440892098501E-16,1.));
#928 = PLANE('',#929);
#929 = AXIS2_PLACEMENT_3D('',#930,#931,#932);
#930 = CARTESIAN_POINT('',(1.169369686595,0.332808248822,
    4.074487823224E-16));
#931 = DIRECTION('',(2.22044604925E-16,-1.,-4.440892098501E-16));
#932 = DIRECTION('',(-1.,-2.22044604925E-16,-2.22044604925E-16));
#933 = ADVANCED_FACE('',(#934),#961,.F.);
#934 = FACE_BOUND('',#935,.F.);
#935 = EDGE_LOOP('',(#936,#944,#945,#946,#954));
#936 = ORIENTED_EDGE('',*,*,#937,.F.);
#937 = EDGE_CURVE('',#600,#938,#940,.T.);
#938 = VERTEX_POINT('',#939);
#939 = CARTESIAN_POINT('',(-0.594369686595,-0.332808248822,0.175));
#940 = LINE('',#941,#942);
#941 = CARTESIAN_POINT('',(-1.169369686595,-0.332808248822,0.175));
#942 = VECTOR('',#943,1.);
#943 = DIRECTION('',(1.,0.,0.));
#944 = ORIENTED_EDGE('',*,*,#599,.T.);
#945 = ORIENTED_EDGE('',*,*,#575,.T.);
#946 = ORIENTED_EDGE('',*,*,#947,.F.);
#947 = EDGE_CURVE('',#948,#568,#950,.T.);
#948 = VERTEX_POINT('',#949);
#949 = CARTESIAN_POINT('',(-0.394369686595,-0.532808248822,0.175));
#950 = LINE('',#951,#952);
#951 = CARTESIAN_POINT('',(-0.394369686595,-0.532808248822,0.175));
#952 = VECTOR('',#953,1.);
#953 = DIRECTION('',(0.,-1.,0.));
#954 = ORIENTED_EDGE('',*,*,#955,.F.);
#955 = EDGE_CURVE('',#938,#948,#956,.T.);
#956 = CIRCLE('',#957,0.2);
#957 = AXIS2_PLACEMENT_3D('',#958,#959,#960);
#958 = CARTESIAN_POINT('',(-0.594369686595,-0.532808248822,0.175));
#959 = DIRECTION('',(0.,0.,-1.));
#960 = DIRECTION('',(1.,0.,0.));
#961 = PLANE('',#962);
#962 = AXIS2_PLACEMENT_3D('',#963,#964,#965);
#963 = CARTESIAN_POINT('',(-0.793933499999,-0.770932987734,0.175));
#964 = DIRECTION('',(0.,0.,1.));
#965 = DIRECTION('',(1.,0.,0.));
#966 = ADVANCED_FACE('',(#967),#978,.F.);
#967 = FACE_BOUND('',#968,.F.);
#968 = EDGE_LOOP('',(#969,#970,#976,#977));
#969 = ORIENTED_EDGE('',*,*,#754,.F.);
#970 = ORIENTED_EDGE('',*,*,#971,.T.);
#971 = EDGE_CURVE('',#746,#948,#972,.T.);
#972 = LINE('',#973,#974);
#973 = CARTESIAN_POINT('',(-0.394369686595,-0.532808248822,0.));
#974 = VECTOR('',#975,1.);
#975 = DIRECTION('',(0.,0.,1.));
#976 = ORIENTED_EDGE('',*,*,#947,.T.);
#977 = ORIENTED_EDGE('',*,*,#567,.T.);
#978 = PLANE('',#979);
#979 = AXIS2_PLACEMENT_3D('',#980,#981,#982);
#980 = CARTESIAN_POINT('',(-0.394369686595,-0.532808248822,0.));
#981 = DIRECTION('',(1.,0.,0.));
#982 = DIRECTION('',(0.,-1.,0.));
#983 = ADVANCED_FACE('',(#984),#995,.F.);
#984 = FACE_BOUND('',#985,.T.);
#985 = EDGE_LOOP('',(#986,#987,#993,#994));
#986 = ORIENTED_EDGE('',*,*,#761,.F.);
#987 = ORIENTED_EDGE('',*,*,#988,.T.);
#988 = EDGE_CURVE('',#762,#881,#989,.T.);
#989 = LINE('',#990,#991);
#990 = CARTESIAN_POINT('',(0.394369686595,-0.532808248822,
    8.756766125446E-17));
#991 = VECTOR('',#992,1.);
#992 = DIRECTION('',(-2.22044604925E-16,2.465190328816E-32,1.));
#993 = ORIENTED_EDGE('',*,*,#880,.T.);
#994 = ORIENTED_EDGE('',*,*,#551,.T.);
#995 = PLANE('',#996);
#996 = AXIS2_PLACEMENT_3D('',#997,#998,#999);
#997 = CARTESIAN_POINT('',(0.394369686595,-0.532808248822,
    8.756766125446E-17));
#998 = DIRECTION('',(-1.,2.22044604925E-16,-2.22044604925E-16));
#999 = DIRECTION('',(2.22044604925E-16,1.,2.465190328816E-32));
#1000 = ADVANCED_FACE('',(#1001),#1012,.F.);
#1001 = FACE_BOUND('',#1002,.T.);
#1002 = EDGE_LOOP('',(#1003,#1004,#1005,#1006));
#1003 = ORIENTED_EDGE('',*,*,#730,.F.);
#1004 = ORIENTED_EDGE('',*,*,#623,.T.);
#1005 = ORIENTED_EDGE('',*,*,#844,.T.);
#1006 = ORIENTED_EDGE('',*,*,#1007,.F.);
#1007 = EDGE_CURVE('',#722,#845,#1008,.T.);
#1008 = LINE('',#1009,#1010);
#1009 = CARTESIAN_POINT('',(-0.594369686595,0.332808248822,
    1.47796552251E-16));
#1010 = VECTOR('',#1011,1.);
#1011 = DIRECTION('',(0.,-4.440892098501E-16,1.));
#1012 = PLANE('',#1013);
#1013 = AXIS2_PLACEMENT_3D('',#1014,#1015,#1016);
#1014 = CARTESIAN_POINT('',(-1.169369686595,0.332808248822,
    1.47796552251E-16));
#1015 = DIRECTION('',(-0.,-1.,-4.440892098501E-16));
#1016 = DIRECTION('',(-1.,-0.,-0.));
#1017 = ADVANCED_FACE('',(#1018),#1029,.F.);
#1018 = FACE_BOUND('',#1019,.F.);
#1019 = EDGE_LOOP('',(#1020,#1021,#1022,#1023));
#1020 = ORIENTED_EDGE('',*,*,#737,.F.);
#1021 = ORIENTED_EDGE('',*,*,#607,.T.);
#1022 = ORIENTED_EDGE('',*,*,#937,.T.);
#1023 = ORIENTED_EDGE('',*,*,#1024,.F.);
#1024 = EDGE_CURVE('',#738,#938,#1025,.T.);
#1025 = LINE('',#1026,#1027);
#1026 = CARTESIAN_POINT('',(-0.594369686595,-0.332808248822,0.));
#1027 = VECTOR('',#1028,1.);
#1028 = DIRECTION('',(0.,0.,1.));
#1029 = PLANE('',#1030);
#1030 = AXIS2_PLACEMENT_3D('',#1031,#1032,#1033);
#1031 = CARTESIAN_POINT('',(-1.169369686595,-0.332808248822,0.));
#1032 = DIRECTION('',(0.,1.,0.));
#1033 = DIRECTION('',(1.,0.,0.));
#1034 = ADVANCED_FACE('',(#1035),#1041,.F.);
#1035 = FACE_BOUND('',#1036,.F.);
#1036 = EDGE_LOOP('',(#1037,#1038,#1039,#1040));
#1037 = ORIENTED_EDGE('',*,*,#923,.T.);
#1038 = ORIENTED_EDGE('',*,*,#673,.T.);
#1039 = ORIENTED_EDGE('',*,*,#696,.F.);
#1040 = ORIENTED_EDGE('',*,*,#793,.F.);
#1041 = CYLINDRICAL_SURFACE('',#1042,0.2);
#1042 = AXIS2_PLACEMENT_3D('',#1043,#1044,#1045);
#1043 = CARTESIAN_POINT('',(0.594369686595,0.532808248822,
    3.685909764605E-16));
#1044 = DIRECTION('',(2.22044604925E-16,4.440892098501E-16,-1.));
#1045 = DIRECTION('',(-1.,-2.22044604925E-16,-2.22044604925E-16));
#1046 = ADVANCED_FACE('',(#1047),#1053,.F.);
#1047 = FACE_BOUND('',#1048,.T.);
#1048 = EDGE_LOOP('',(#1049,#1050,#1051,#1052));
#1049 = ORIENTED_EDGE('',*,*,#1007,.T.);
#1050 = ORIENTED_EDGE('',*,*,#855,.T.);
#1051 = ORIENTED_EDGE('',*,*,#821,.F.);
#1052 = ORIENTED_EDGE('',*,*,#721,.F.);
#1053 = CYLINDRICAL_SURFACE('',#1054,0.2);
#1054 = AXIS2_PLACEMENT_3D('',#1055,#1056,#1057);
#1055 = CARTESIAN_POINT('',(-0.594369686595,0.532808248822,
    2.366143942211E-16));
#1056 = DIRECTION('',(0.,4.440892098501E-16,-1.));
#1057 = DIRECTION('',(1.,0.,0.));
#1058 = ADVANCED_FACE('',(#1059),#1065,.F.);
#1059 = FACE_BOUND('',#1060,.F.);
#1060 = EDGE_LOOP('',(#1061,#1062,#1063,#1064));
#1061 = ORIENTED_EDGE('',*,*,#1024,.T.);
#1062 = ORIENTED_EDGE('',*,*,#955,.T.);
#1063 = ORIENTED_EDGE('',*,*,#971,.F.);
#1064 = ORIENTED_EDGE('',*,*,#745,.F.);
#1065 = CYLINDRICAL_SURFACE('',#1066,0.2);
#1066 = AXIS2_PLACEMENT_3D('',#1067,#1068,#1069);
#1067 = CARTESIAN_POINT('',(-0.594369686595,-0.532808248822,0.));
#1068 = DIRECTION('',(0.,0.,-1.));
#1069 = DIRECTION('',(1.,0.,0.));
#1070 = ADVANCED_FACE('',(#1071),#1077,.F.);
#1071 = FACE_BOUND('',#1072,.T.);
#1072 = EDGE_LOOP('',(#1073,#1074,#1075,#1076));
#1073 = ORIENTED_EDGE('',*,*,#906,.T.);
#1074 = ORIENTED_EDGE('',*,*,#888,.T.);
#1075 = ORIENTED_EDGE('',*,*,#988,.F.);
#1076 = ORIENTED_EDGE('',*,*,#769,.F.);
#1077 = CYLINDRICAL_SURFACE('',#1078,0.2);
#1078 = AXIS2_PLACEMENT_3D('',#1079,#1080,#1081);
#1079 = CARTESIAN_POINT('',(0.594369686595,-0.532808248822,
    1.319765822395E-16));
#1080 = DIRECTION('',(2.22044604925E-16,-2.465190328816E-32,-1.));
#1081 = DIRECTION('',(-1.,2.22044604925E-16,-2.22044604925E-16));
#1082 = ADVANCED_FACE('',(#1083),#1102,.F.);
#1083 = FACE_BOUND('',#1084,.F.);
#1084 = EDGE_LOOP('',(#1085,#1093,#1100,#1101));
#1085 = ORIENTED_EDGE('',*,*,#1086,.T.);
#1086 = EDGE_CURVE('',#804,#1087,#1089,.T.);
#1087 = VERTEX_POINT('',#1088);
#1088 = CARTESIAN_POINT('',(0.196891108675,0.,0.175));
#1089 = LINE('',#1090,#1091);
#1090 = CARTESIAN_POINT('',(0.5,0.,0.));
#1091 = VECTOR('',#1092,1.);
#1092 = DIRECTION('',(-0.866025403784,0.,0.5));
#1093 = ORIENTED_EDGE('',*,*,#1094,.T.);
#1094 = EDGE_CURVE('',#1087,#1087,#1095,.T.);
#1095 = CIRCLE('',#1096,0.196891108675);
#1096 = AXIS2_PLACEMENT_3D('',#1097,#1098,#1099);
#1097 = CARTESIAN_POINT('',(0.,0.,0.175));
#1098 = DIRECTION('',(0.,0.,-1.));
#1099 = DIRECTION('',(1.,0.,0.));
#1100 = ORIENTED_EDGE('',*,*,#1086,.F.);
#1101 = ORIENTED_EDGE('',*,*,#803,.F.);
#1102 = CONICAL_SURFACE('',#1103,0.5,1.047197551197);
#1103 = AXIS2_PLACEMENT_3D('',#1104,#1105,#1106);
#1104 = CARTESIAN_POINT('',(0.,0.,0.));
#1105 = DIRECTION('',(0.,0.,-1.));
#1106 = DIRECTION('',(1.,0.,0.));
#1107 = ADVANCED_FACE('',(#1108),#1111,.F.);
#1108 = FACE_BOUND('',#1109,.T.);
#1109 = EDGE_LOOP('',(#1110));
#1110 = ORIENTED_EDGE('',*,*,#1094,.T.);
#1111 = PLANE('',#1112);
#1112 = AXIS2_PLACEMENT_3D('',#1113,#1114,#1115);
#1113 = CARTESIAN_POINT('',(-3.204937810639E-17,-4.3687976227E-17,0.175)
  );
#1114 = DIRECTION('',(0.,0.,1.));
#1115 = DIRECTION('',(1.,0.,0.));
#1116 = ( GEOMETRIC_REPRESENTATION_CONTEXT(3) 
GLOBAL_UNCERTAINTY_ASSIGNED_CONTEXT((#1120)) 
GLOBAL_UNIT_ASSIGNED_CONTEXT((#1117,#1118,#1119)) REPRESENTATION_CONTEXT
('Context #1','3D Context with UNIT and UNCERTAINTY') );
#1117 = ( LENGTH_UNIT() NAMED_UNIT(*) SI_UNIT(.MILLI.,.METRE.) );
#1118 = ( NAMED_UNIT(*) PLANE_ANGLE_UNIT() SI_UNIT($,.RADIAN.) );
#1119 = ( NAMED_UNIT(*) SI_UNIT($,.STERADIAN.) SOLID_ANGLE_UNIT() );
#1120 = UNCERTAINTY_MEASURE_WITH_UNIT(LENGTH_MEASURE(1.E-06),#1117,
  'distance_accuracy_value','confusion accuracy');
#1121 = CONTEXT_DEPENDENT_SHAPE_REPRESENTATION(#1122,#1124);
#1122 = ( REPRESENTATION_RELATIONSHIP('','',#36,#10) 
REPRESENTATION_RELATIONSHIP_WITH_TRANSFORMATION(#1123) 
SHAPE_REPRESENTATION_RELATIONSHIP() );
#1123 = ITEM_DEFINED_TRANSFORMATION('','',#11,#15);
#1124 = PRODUCT_DEFINITION_SHAPE('Placement','Placement of an item',
  #1125);
#1125 = NEXT_ASSEMBLY_USAGE_OCCURRENCE('1','Body','',#5,#31,$);
#1126 = PRODUCT_RELATED_PRODUCT_CATEGORY('part',$,(#33));
#1127 = SHAPE_DEFINITION_REPRESENTATION(#1128,#1134);
#1128 = PRODUCT_DEFINITION_SHAPE('','',#1129);
#1129 = PRODUCT_DEFINITION('design','',#1130,#1133);
#1130 = PRODUCT_DEFINITION_FORMATION('','',#1131);
#1131 = PRODUCT('Pins','Pins','',(#1132));
#1132 = PRODUCT_CONTEXT('',#2,'mechanical');
#1133 = PRODUCT_DEFINITION_CONTEXT('part definition',#2,'design');
#1134 = SHAPE_REPRESENTATION('',(#11,#1135),#1139);
#1135 = AXIS2_PLACEMENT_3D('',#1136,#1137,#1138);
#1136 = CARTESIAN_POINT('',(0.,0.,0.));
#1137 = DIRECTION('',(0.,0.,1.));
#1138 = DIRECTION('',(1.,0.,0.));
#1139 = ( GEOMETRIC_REPRESENTATION_CONTEXT(3) 
GLOBAL_UNCERTAINTY_ASSIGNED_CONTEXT((#1143)) 
GLOBAL_UNIT_ASSIGNED_CONTEXT((#1140,#1141,#1142)) REPRESENTATION_CONTEXT
('Context #1','3D Context with UNIT and UNCERTAINTY') );
#1140 = ( LENGTH_UNIT() NAMED_UNIT(*) SI_UNIT(.MILLI.,.METRE.) );
#1141 = ( NAMED_UNIT(*) PLANE_ANGLE_UNIT() SI_UNIT($,.RADIAN.) );
#1142 = ( NAMED_UNIT(*) SI_UNIT($,.STERADIAN.) SOLID_ANGLE_UNIT() );
#1143 = UNCERTAINTY_MEASURE_WITH_UNIT(LENGTH_MEASURE(1.E-06),#1140,
  'distance_accuracy_value','confusion accuracy');
#1144 = CONTEXT_DEPENDENT_SHAPE_REPRESENTATION(#1145,#1147);
#1145 = ( REPRESENTATION_RELATIONSHIP('','',#1134,#10) 
REPRESENTATION_RELATIONSHIP_WITH_TRANSFORMATION(#1146) 
SHAPE_REPRESENTATION_RELATIONSHIP() );
#1146 = ITEM_DEFINED_TRANSFORMATION('','',#11,#19);
#1147 = PRODUCT_DEFINITION_SHAPE('Placement','Placement of an item',
  #1148);
#1148 = NEXT_ASSEMBLY_USAGE_OCCURRENCE('3','Pins','',#5,#1129,$);
#1149 = PRODUCT_RELATED_PRODUCT_CATEGORY('part',$,(#1131));
#1150 = SHAPE_DEFINITION_REPRESENTATION(#1151,#1157);
#1151 = PRODUCT_DEFINITION_SHAPE('','',#1152);
#1152 = PRODUCT_DEFINITION('design','',#1153,#1156);
#1153 = PRODUCT_DEFINITION_FORMATION('','',#1154);
#1154 = PRODUCT('Pins001','Pins001','',(#1155));
#1155 = PRODUCT_CONTEXT('',#2,'mechanical');
#1156 = PRODUCT_DEFINITION_CONTEXT('part definition',#2,'design');
#1157 = SHAPE_REPRESENTATION('',(#11,#1158,#1547,#1936,#2325),#2714);
#1158 = MANIFOLD_SOLID_BREP('',#1159);
#1159 = CLOSED_SHELL('',(#1160,#1200,#1231,#1262,#1295,#1328,#1359,#1390
    ,#1423,#1456,#1487,#1509,#1528));
#1160 = ADVANCED_FACE('',(#1161),#1195,.F.);
#1161 = FACE_BOUND('',#1162,.T.);
#1162 = EDGE_LOOP('',(#1163,#1173,#1181,#1189));
#1163 = ORIENTED_EDGE('',*,*,#1164,.T.);
#1164 = EDGE_CURVE('',#1165,#1167,#1169,.T.);
#1165 = VERTEX_POINT('',#1166);
#1166 = CARTESIAN_POINT('',(-0.6,-0.45,0.));
#1167 = VERTEX_POINT('',#1168);
#1168 = CARTESIAN_POINT('',(-0.6,-0.45,0.15));
#1169 = LINE('',#1170,#1171);
#1170 = CARTESIAN_POINT('',(-0.6,-0.45,0.));
#1171 = VECTOR('',#1172,1.);
#1172 = DIRECTION('',(0.,0.,1.));
#1173 = ORIENTED_EDGE('',*,*,#1174,.T.);
#1174 = EDGE_CURVE('',#1167,#1175,#1177,.T.);
#1175 = VERTEX_POINT('',#1176);
#1176 = CARTESIAN_POINT('',(-0.6,-0.85,0.15));
#1177 = LINE('',#1178,#1179);
#1178 = CARTESIAN_POINT('',(-0.6,-0.45,0.15));
#1179 = VECTOR('',#1180,1.);
#1180 = DIRECTION('',(-0.,-1.,-0.));
#1181 = ORIENTED_EDGE('',*,*,#1182,.F.);
#1182 = EDGE_CURVE('',#1183,#1175,#1185,.T.);
#1183 = VERTEX_POINT('',#1184);
#1184 = CARTESIAN_POINT('',(-0.6,-0.85,0.));
#1185 = LINE('',#1186,#1187);
#1186 = CARTESIAN_POINT('',(-0.6,-0.85,0.));
#1187 = VECTOR('',#1188,1.);
#1188 = DIRECTION('',(0.,0.,1.));
#1189 = ORIENTED_EDGE('',*,*,#1190,.F.);
#1190 = EDGE_CURVE('',#1165,#1183,#1191,.T.);
#1191 = LINE('',#1192,#1193);
#1192 = CARTESIAN_POINT('',(-0.6,-0.45,0.));
#1193 = VECTOR('',#1194,1.);
#1194 = DIRECTION('',(-0.,-1.,-0.));
#1195 = PLANE('',#1196);
#1196 = AXIS2_PLACEMENT_3D('',#1197,#1198,#1199);
#1197 = CARTESIAN_POINT('',(-0.6,-0.45,0.));
#1198 = DIRECTION('',(-1.,-0.,-0.));
#1199 = DIRECTION('',(0.,1.,0.));
#1200 = ADVANCED_FACE('',(#1201),#1226,.F.);
#1201 = FACE_BOUND('',#1202,.T.);
#1202 = EDGE_LOOP('',(#1203,#1204,#1212,#1220));
#1203 = ORIENTED_EDGE('',*,*,#1190,.T.);
#1204 = ORIENTED_EDGE('',*,*,#1205,.T.);
#1205 = EDGE_CURVE('',#1183,#1206,#1208,.T.);
#1206 = VERTEX_POINT('',#1207);
#1207 = CARTESIAN_POINT('',(-1.169369686595,-0.85,0.));
#1208 = LINE('',#1209,#1210);
#1209 = CARTESIAN_POINT('',(-0.6,-0.85,0.));
#1210 = VECTOR('',#1211,1.);
#1211 = DIRECTION('',(-1.,-0.,-0.));
#1212 = ORIENTED_EDGE('',*,*,#1213,.T.);
#1213 = EDGE_CURVE('',#1206,#1214,#1216,.T.);
#1214 = VERTEX_POINT('',#1215);
#1215 = CARTESIAN_POINT('',(-1.169369686595,-0.45,0.));
#1216 = LINE('',#1217,#1218);
#1217 = CARTESIAN_POINT('',(-1.169369686595,-0.85,0.));
#1218 = VECTOR('',#1219,1.);
#1219 = DIRECTION('',(0.,1.,0.));
#1220 = ORIENTED_EDGE('',*,*,#1221,.T.);
#1221 = EDGE_CURVE('',#1214,#1165,#1222,.T.);
#1222 = LINE('',#1223,#1224);
#1223 = CARTESIAN_POINT('',(-1.169369686595,-0.45,0.));
#1224 = VECTOR('',#1225,1.);
#1225 = DIRECTION('',(1.,0.,0.));
#1226 = PLANE('',#1227);
#1227 = AXIS2_PLACEMENT_3D('',#1228,#1229,#1230);
#1228 = CARTESIAN_POINT('',(-0.884684843298,-0.65,0.));
#1229 = DIRECTION('',(0.,0.,1.));
#1230 = DIRECTION('',(1.,0.,0.));
#1231 = ADVANCED_FACE('',(#1232),#1257,.T.);
#1232 = FACE_BOUND('',#1233,.F.);
#1233 = EDGE_LOOP('',(#1234,#1235,#1243,#1251));
#1234 = ORIENTED_EDGE('',*,*,#1174,.T.);
#1235 = ORIENTED_EDGE('',*,*,#1236,.T.);
#1236 = EDGE_CURVE('',#1175,#1237,#1239,.T.);
#1237 = VERTEX_POINT('',#1238);
#1238 = CARTESIAN_POINT('',(-1.169369686595,-0.85,0.15));
#1239 = LINE('',#1240,#1241);
#1240 = CARTESIAN_POINT('',(-0.6,-0.85,0.15));
#1241 = VECTOR('',#1242,1.);
#1242 = DIRECTION('',(-1.,-0.,-0.));
#1243 = ORIENTED_EDGE('',*,*,#1244,.T.);
#1244 = EDGE_CURVE('',#1237,#1245,#1247,.T.);
#1245 = VERTEX_POINT('',#1246);
#1246 = CARTESIAN_POINT('',(-1.169369686595,-0.45,0.15));
#1247 = LINE('',#1248,#1249);
#1248 = CARTESIAN_POINT('',(-1.169369686595,-0.85,0.15));
#1249 = VECTOR('',#1250,1.);
#1250 = DIRECTION('',(0.,1.,0.));
#1251 = ORIENTED_EDGE('',*,*,#1252,.T.);
#1252 = EDGE_CURVE('',#1245,#1167,#1253,.T.);
#1253 = LINE('',#1254,#1255);
#1254 = CARTESIAN_POINT('',(-1.169369686595,-0.45,0.15));
#1255 = VECTOR('',#1256,1.);
#1256 = DIRECTION('',(1.,0.,0.));
#1257 = PLANE('',#1258);
#1258 = AXIS2_PLACEMENT_3D('',#1259,#1260,#1261);
#1259 = CARTESIAN_POINT('',(-0.884684843298,-0.65,0.15));
#1260 = DIRECTION('',(0.,0.,1.));
#1261 = DIRECTION('',(1.,0.,0.));
#1262 = ADVANCED_FACE('',(#1263),#1290,.T.);
#1263 = FACE_BOUND('',#1264,.T.);
#1264 = EDGE_LOOP('',(#1265,#1274,#1282,#1289));
#1265 = ORIENTED_EDGE('',*,*,#1266,.T.);
#1266 = EDGE_CURVE('',#1206,#1267,#1269,.T.);
#1267 = VERTEX_POINT('',#1268);
#1268 = CARTESIAN_POINT('',(-1.329369686595,-0.85,0.16));
#1269 = CIRCLE('',#1270,0.16);
#1270 = AXIS2_PLACEMENT_3D('',#1271,#1272,#1273);
#1271 = CARTESIAN_POINT('',(-1.169369686595,-0.85,0.16));
#1272 = DIRECTION('',(0.,1.,0.));
#1273 = DIRECTION('',(-0.,-0.,-1.));
#1274 = ORIENTED_EDGE('',*,*,#1275,.T.);
#1275 = EDGE_CURVE('',#1267,#1276,#1278,.T.);
#1276 = VERTEX_POINT('',#1277);
#1277 = CARTESIAN_POINT('',(-1.329369686595,-0.45,0.16));
#1278 = LINE('',#1279,#1280);
#1279 = CARTESIAN_POINT('',(-1.329369686595,-0.85,0.16));
#1280 = VECTOR('',#1281,1.);
#1281 = DIRECTION('',(0.,1.,0.));
#1282 = ORIENTED_EDGE('',*,*,#1283,.F.);
#1283 = EDGE_CURVE('',#1214,#1276,#1284,.T.);
#1284 = CIRCLE('',#1285,0.16);
#1285 = AXIS2_PLACEMENT_3D('',#1286,#1287,#1288);
#1286 = CARTESIAN_POINT('',(-1.169369686595,-0.45,0.16));
#1287 = DIRECTION('',(0.,1.,0.));
#1288 = DIRECTION('',(-0.,-0.,-1.));
#1289 = ORIENTED_EDGE('',*,*,#1213,.F.);
#1290 = CYLINDRICAL_SURFACE('',#1291,0.16);
#1291 = AXIS2_PLACEMENT_3D('',#1292,#1293,#1294);
#1292 = CARTESIAN_POINT('',(-1.169369686595,-0.85,0.16));
#1293 = DIRECTION('',(0.,1.,0.));
#1294 = DIRECTION('',(-0.,-0.,-1.));
#1295 = ADVANCED_FACE('',(#1296),#1323,.F.);
#1296 = FACE_BOUND('',#1297,.T.);
#1297 = EDGE_LOOP('',(#1298,#1307,#1315,#1322));
#1298 = ORIENTED_EDGE('',*,*,#1299,.T.);
#1299 = EDGE_CURVE('',#1245,#1300,#1302,.T.);
#1300 = VERTEX_POINT('',#1301);
#1301 = CARTESIAN_POINT('',(-1.179369686595,-0.45,0.16));
#1302 = CIRCLE('',#1303,1.E-02);
#1303 = AXIS2_PLACEMENT_3D('',#1304,#1305,#1306);
#1304 = CARTESIAN_POINT('',(-1.169369686595,-0.45,0.16));
#1305 = DIRECTION('',(0.,1.,0.));
#1306 = DIRECTION('',(-0.,-0.,-1.));
#1307 = ORIENTED_EDGE('',*,*,#1308,.T.);
#1308 = EDGE_CURVE('',#1300,#1309,#1311,.T.);
#1309 = VERTEX_POINT('',#1310);
#1310 = CARTESIAN_POINT('',(-1.179369686595,-0.85,0.16));
#1311 = LINE('',#1312,#1313);
#1312 = CARTESIAN_POINT('',(-1.179369686595,-0.45,0.16));
#1313 = VECTOR('',#1314,1.);
#1314 = DIRECTION('',(0.,-1.,0.));
#1315 = ORIENTED_EDGE('',*,*,#1316,.F.);
#1316 = EDGE_CURVE('',#1237,#1309,#1317,.T.);
#1317 = CIRCLE('',#1318,1.E-02);
#1318 = AXIS2_PLACEMENT_3D('',#1319,#1320,#1321);
#1319 = CARTESIAN_POINT('',(-1.169369686595,-0.85,0.16));
#1320 = DIRECTION('',(0.,1.,0.));
#1321 = DIRECTION('',(-0.,-0.,-1.));
#1322 = ORIENTED_EDGE('',*,*,#1244,.T.);
#1323 = CYLINDRICAL_SURFACE('',#1324,1.E-02);
#1324 = AXIS2_PLACEMENT_3D('',#1325,#1326,#1327);
#1325 = CARTESIAN_POINT('',(-1.169369686595,-0.45,0.16));
#1326 = DIRECTION('',(0.,-1.,0.));
#1327 = DIRECTION('',(-0.,-0.,-1.));
#1328 = ADVANCED_FACE('',(#1329),#1354,.F.);
#1329 = FACE_BOUND('',#1330,.T.);
#1330 = EDGE_LOOP('',(#1331,#1332,#1340,#1348));
#1331 = ORIENTED_EDGE('',*,*,#1275,.F.);
#1332 = ORIENTED_EDGE('',*,*,#1333,.T.);
#1333 = EDGE_CURVE('',#1267,#1334,#1336,.T.);
#1334 = VERTEX_POINT('',#1335);
#1335 = CARTESIAN_POINT('',(-1.329369686595,-0.85,0.24));
#1336 = LINE('',#1337,#1338);
#1337 = CARTESIAN_POINT('',(-1.329369686595,-0.85,0.16));
#1338 = VECTOR('',#1339,1.);
#1339 = DIRECTION('',(-1.110223024625E-16,0.,1.));
#1340 = ORIENTED_EDGE('',*,*,#1341,.T.);
#1341 = EDGE_CURVE('',#1334,#1342,#1344,.T.);
#1342 = VERTEX_POINT('',#1343);
#1343 = CARTESIAN_POINT('',(-1.329369686595,-0.45,0.24));
#1344 = LINE('',#1345,#1346);
#1345 = CARTESIAN_POINT('',(-1.329369686595,-0.85,0.24));
#1346 = VECTOR('',#1347,1.);
#1347 = DIRECTION('',(0.,1.,0.));
#1348 = ORIENTED_EDGE('',*,*,#1349,.T.);
#1349 = EDGE_CURVE('',#1342,#1276,#1350,.T.);
#1350 = LINE('',#1351,#1352);
#1351 = CARTESIAN_POINT('',(-1.329369686595,-0.45,0.4));
#1352 = VECTOR('',#1353,1.);
#1353 = DIRECTION('',(1.110223024625E-16,-0.,-1.));
#1354 = PLANE('',#1355);
#1355 = AXIS2_PLACEMENT_3D('',#1356,#1357,#1358);
#1356 = CARTESIAN_POINT('',(-1.329369686595,-0.65,0.28));
#1357 = DIRECTION('',(1.,0.,1.110223024625E-16));
#1358 = DIRECTION('',(1.110223024625E-16,0.,-1.));
#1359 = ADVANCED_FACE('',(#1360),#1385,.T.);
#1360 = FACE_BOUND('',#1361,.F.);
#1361 = EDGE_LOOP('',(#1362,#1370,#1371,#1379));
#1362 = ORIENTED_EDGE('',*,*,#1363,.T.);
#1363 = EDGE_CURVE('',#1364,#1300,#1366,.T.);
#1364 = VERTEX_POINT('',#1365);
#1365 = CARTESIAN_POINT('',(-1.179369686595,-0.45,0.24));
#1366 = LINE('',#1367,#1368);
#1367 = CARTESIAN_POINT('',(-1.179369686595,-0.45,0.4));
#1368 = VECTOR('',#1369,1.);
#1369 = DIRECTION('',(1.110223024625E-16,-0.,-1.));
#1370 = ORIENTED_EDGE('',*,*,#1308,.T.);
#1371 = ORIENTED_EDGE('',*,*,#1372,.T.);
#1372 = EDGE_CURVE('',#1309,#1373,#1375,.T.);
#1373 = VERTEX_POINT('',#1374);
#1374 = CARTESIAN_POINT('',(-1.179369686595,-0.85,0.24));
#1375 = LINE('',#1376,#1377);
#1376 = CARTESIAN_POINT('',(-1.179369686595,-0.85,0.16));
#1377 = VECTOR('',#1378,1.);
#1378 = DIRECTION('',(-1.110223024625E-16,0.,1.));
#1379 = ORIENTED_EDGE('',*,*,#1380,.F.);
#1380 = EDGE_CURVE('',#1364,#1373,#1381,.T.);
#1381 = LINE('',#1382,#1383);
#1382 = CARTESIAN_POINT('',(-1.179369686595,-0.45,0.24));
#1383 = VECTOR('',#1384,1.);
#1384 = DIRECTION('',(-0.,-1.,-0.));
#1385 = PLANE('',#1386);
#1386 = AXIS2_PLACEMENT_3D('',#1387,#1388,#1389);
#1387 = CARTESIAN_POINT('',(-1.179369686595,-0.65,0.28));
#1388 = DIRECTION('',(1.,0.,1.110223024625E-16));
#1389 = DIRECTION('',(1.110223024625E-16,0.,-1.));
#1390 = ADVANCED_FACE('',(#1391),#1418,.T.);
#1391 = FACE_BOUND('',#1392,.T.);
#1392 = EDGE_LOOP('',(#1393,#1402,#1410,#1417));
#1393 = ORIENTED_EDGE('',*,*,#1394,.T.);
#1394 = EDGE_CURVE('',#1334,#1395,#1397,.T.);
#1395 = VERTEX_POINT('',#1396);
#1396 = CARTESIAN_POINT('',(-1.169369686595,-0.85,0.4));
#1397 = CIRCLE('',#1398,0.16);
#1398 = AXIS2_PLACEMENT_3D('',#1399,#1400,#1401);
#1399 = CARTESIAN_POINT('',(-1.169369686595,-0.85,0.24));
#1400 = DIRECTION('',(0.,1.,0.));
#1401 = DIRECTION('',(-1.,-0.,-0.));
#1402 = ORIENTED_EDGE('',*,*,#1403,.T.);
#1403 = EDGE_CURVE('',#1395,#1404,#1406,.T.);
#1404 = VERTEX_POINT('',#1405);
#1405 = CARTESIAN_POINT('',(-1.169369686595,-0.45,0.4));
#1406 = LINE('',#1407,#1408);
#1407 = CARTESIAN_POINT('',(-1.169369686595,-0.85,0.4));
#1408 = VECTOR('',#1409,1.);
#1409 = DIRECTION('',(0.,1.,0.));
#1410 = ORIENTED_EDGE('',*,*,#1411,.F.);
#1411 = EDGE_CURVE('',#1342,#1404,#1412,.T.);
#1412 = CIRCLE('',#1413,0.16);
#1413 = AXIS2_PLACEMENT_3D('',#1414,#1415,#1416);
#1414 = CARTESIAN_POINT('',(-1.169369686595,-0.45,0.24));
#1415 = DIRECTION('',(0.,1.,0.));
#1416 = DIRECTION('',(-1.,-0.,-0.));
#1417 = ORIENTED_EDGE('',*,*,#1341,.F.);
#1418 = CYLINDRICAL_SURFACE('',#1419,0.16);
#1419 = AXIS2_PLACEMENT_3D('',#1420,#1421,#1422);
#1420 = CARTESIAN_POINT('',(-1.169369686595,-0.85,0.24));
#1421 = DIRECTION('',(0.,1.,0.));
#1422 = DIRECTION('',(-1.,-0.,-0.));
#1423 = ADVANCED_FACE('',(#1424),#1451,.F.);
#1424 = FACE_BOUND('',#1425,.T.);
#1425 = EDGE_LOOP('',(#1426,#1435,#1443,#1450));
#1426 = ORIENTED_EDGE('',*,*,#1427,.T.);
#1427 = EDGE_CURVE('',#1364,#1428,#1430,.T.);
#1428 = VERTEX_POINT('',#1429);
#1429 = CARTESIAN_POINT('',(-1.169369686595,-0.45,0.25));
#1430 = CIRCLE('',#1431,1.E-02);
#1431 = AXIS2_PLACEMENT_3D('',#1432,#1433,#1434);
#1432 = CARTESIAN_POINT('',(-1.169369686595,-0.45,0.24));
#1433 = DIRECTION('',(0.,1.,0.));
#1434 = DIRECTION('',(-1.,-0.,-0.));
#1435 = ORIENTED_EDGE('',*,*,#1436,.T.);
#1436 = EDGE_CURVE('',#1428,#1437,#1439,.T.);
#1437 = VERTEX_POINT('',#1438);
#1438 = CARTESIAN_POINT('',(-1.169369686595,-0.85,0.25));
#1439 = LINE('',#1440,#1441);
#1440 = CARTESIAN_POINT('',(-1.169369686595,-0.45,0.25));
#1441 = VECTOR('',#1442,1.);
#1442 = DIRECTION('',(0.,-1.,0.));
#1443 = ORIENTED_EDGE('',*,*,#1444,.F.);
#1444 = EDGE_CURVE('',#1373,#1437,#1445,.T.);
#1445 = CIRCLE('',#1446,1.E-02);
#1446 = AXIS2_PLACEMENT_3D('',#1447,#1448,#1449);
#1447 = CARTESIAN_POINT('',(-1.169369686595,-0.85,0.24));
#1448 = DIRECTION('',(0.,1.,0.));
#1449 = DIRECTION('',(-1.,-0.,-0.));
#1450 = ORIENTED_EDGE('',*,*,#1380,.F.);
#1451 = CYLINDRICAL_SURFACE('',#1452,1.E-02);
#1452 = AXIS2_PLACEMENT_3D('',#1453,#1454,#1455);
#1453 = CARTESIAN_POINT('',(-1.169369686595,-0.45,0.24));
#1454 = DIRECTION('',(0.,-1.,0.));
#1455 = DIRECTION('',(-1.,-0.,-0.));
#1456 = ADVANCED_FACE('',(#1457),#1482,.F.);
#1457 = FACE_BOUND('',#1458,.T.);
#1458 = EDGE_LOOP('',(#1459,#1467,#1475,#1481));
#1459 = ORIENTED_EDGE('',*,*,#1460,.F.);
#1460 = EDGE_CURVE('',#1461,#1395,#1463,.T.);
#1461 = VERTEX_POINT('',#1462);
#1462 = CARTESIAN_POINT('',(-1.149621811957,-0.85,0.25));
#1463 = LINE('',#1464,#1465);
#1464 = CARTESIAN_POINT('',(-1.143039187078,-0.85,0.2));
#1465 = VECTOR('',#1466,1.);
#1466 = DIRECTION('',(-0.13052619222,2.201449825487E-16,0.991444861374)
  );
#1467 = ORIENTED_EDGE('',*,*,#1468,.F.);
#1468 = EDGE_CURVE('',#1469,#1461,#1471,.T.);
#1469 = VERTEX_POINT('',#1470);
#1470 = CARTESIAN_POINT('',(-1.149621811957,-0.45,0.25));
#1471 = LINE('',#1472,#1473);
#1472 = CARTESIAN_POINT('',(-1.149621811957,-0.75,0.25));
#1473 = VECTOR('',#1474,1.);
#1474 = DIRECTION('',(2.923272681419E-17,-1.,3.245484638169E-33));
#1475 = ORIENTED_EDGE('',*,*,#1476,.F.);
#1476 = EDGE_CURVE('',#1404,#1469,#1477,.T.);
#1477 = LINE('',#1478,#1479);
#1478 = CARTESIAN_POINT('',(-1.146072795474,-0.45,0.22304254345));
#1479 = VECTOR('',#1480,1.);
#1480 = DIRECTION('',(0.13052619222,0.,-0.991444861374));
#1481 = ORIENTED_EDGE('',*,*,#1403,.F.);
#1482 = PLANE('',#1483);
#1483 = AXIS2_PLACEMENT_3D('',#1484,#1485,#1486);
#1484 = CARTESIAN_POINT('',(-1.143039187078,-0.85,0.2));
#1485 = DIRECTION('',(-0.991444861374,-2.898263678387E-17,-0.13052619222
    ));
#1486 = DIRECTION('',(0.13052619222,-2.201449825487E-16,-0.991444861374)
  );
#1487 = ADVANCED_FACE('',(#1488),#1504,.T.);
#1488 = FACE_BOUND('',#1489,.F.);
#1489 = EDGE_LOOP('',(#1490,#1496,#1497,#1503));
#1490 = ORIENTED_EDGE('',*,*,#1491,.T.);
#1491 = EDGE_CURVE('',#1469,#1428,#1492,.T.);
#1492 = LINE('',#1493,#1494);
#1493 = CARTESIAN_POINT('',(-1.119369686595,-0.45,0.25));
#1494 = VECTOR('',#1495,1.);
#1495 = DIRECTION('',(-1.,0.,-1.110223024625E-16));
#1496 = ORIENTED_EDGE('',*,*,#1436,.T.);
#1497 = ORIENTED_EDGE('',*,*,#1498,.T.);
#1498 = EDGE_CURVE('',#1437,#1461,#1499,.T.);
#1499 = LINE('',#1500,#1501);
#1500 = CARTESIAN_POINT('',(-1.169369686595,-0.85,0.25));
#1501 = VECTOR('',#1502,1.);
#1502 = DIRECTION('',(1.,0.,1.110223024625E-16));
#1503 = ORIENTED_EDGE('',*,*,#1468,.F.);
#1504 = PLANE('',#1505);
#1505 = AXIS2_PLACEMENT_3D('',#1506,#1507,#1508);
#1506 = CARTESIAN_POINT('',(-1.144369686595,-0.65,0.25));
#1507 = DIRECTION('',(1.110223024625E-16,-0.,-1.));
#1508 = DIRECTION('',(1.,0.,1.110223024625E-16));
#1509 = ADVANCED_FACE('',(#1510),#1523,.T.);
#1510 = FACE_BOUND('',#1511,.F.);
#1511 = EDGE_LOOP('',(#1512,#1513,#1514,#1515,#1516,#1517,#1518,#1519,
    #1520,#1521,#1522));
#1512 = ORIENTED_EDGE('',*,*,#1164,.T.);
#1513 = ORIENTED_EDGE('',*,*,#1252,.F.);
#1514 = ORIENTED_EDGE('',*,*,#1299,.T.);
#1515 = ORIENTED_EDGE('',*,*,#1363,.F.);
#1516 = ORIENTED_EDGE('',*,*,#1427,.T.);
#1517 = ORIENTED_EDGE('',*,*,#1491,.F.);
#1518 = ORIENTED_EDGE('',*,*,#1476,.F.);
#1519 = ORIENTED_EDGE('',*,*,#1411,.F.);
#1520 = ORIENTED_EDGE('',*,*,#1349,.T.);
#1521 = ORIENTED_EDGE('',*,*,#1283,.F.);
#1522 = ORIENTED_EDGE('',*,*,#1221,.T.);
#1523 = PLANE('',#1524);
#1524 = AXIS2_PLACEMENT_3D('',#1525,#1526,#1527);
#1525 = CARTESIAN_POINT('',(-1.007328513815,-0.45,0.134260617178));
#1526 = DIRECTION('',(0.,1.,0.));
#1527 = DIRECTION('',(0.,0.,-1.));
#1528 = ADVANCED_FACE('',(#1529),#1542,.T.);
#1529 = FACE_BOUND('',#1530,.F.);
#1530 = EDGE_LOOP('',(#1531,#1532,#1533,#1534,#1535,#1536,#1537,#1538,
    #1539,#1540,#1541));
#1531 = ORIENTED_EDGE('',*,*,#1182,.F.);
#1532 = ORIENTED_EDGE('',*,*,#1205,.T.);
#1533 = ORIENTED_EDGE('',*,*,#1266,.T.);
#1534 = ORIENTED_EDGE('',*,*,#1333,.T.);
#1535 = ORIENTED_EDGE('',*,*,#1394,.T.);
#1536 = ORIENTED_EDGE('',*,*,#1460,.F.);
#1537 = ORIENTED_EDGE('',*,*,#1498,.F.);
#1538 = ORIENTED_EDGE('',*,*,#1444,.F.);
#1539 = ORIENTED_EDGE('',*,*,#1372,.F.);
#1540 = ORIENTED_EDGE('',*,*,#1316,.F.);
#1541 = ORIENTED_EDGE('',*,*,#1236,.F.);
#1542 = PLANE('',#1543);
#1543 = AXIS2_PLACEMENT_3D('',#1544,#1545,#1546);
#1544 = CARTESIAN_POINT('',(-1.007328513815,-0.85,0.134260617178));
#1545 = DIRECTION('',(0.,-1.,0.));
#1546 = DIRECTION('',(0.,0.,1.));
#1547 = MANIFOLD_SOLID_BREP('',#1548);
#1548 = CLOSED_SHELL('',(#1549,#1589,#1620,#1651,#1684,#1717,#1748,#1779
    ,#1812,#1845,#1876,#1898,#1917));
#1549 = ADVANCED_FACE('',(#1550),#1584,.F.);
#1550 = FACE_BOUND('',#1551,.T.);
#1551 = EDGE_LOOP('',(#1552,#1562,#1570,#1578));
#1552 = ORIENTED_EDGE('',*,*,#1553,.T.);
#1553 = EDGE_CURVE('',#1554,#1556,#1558,.T.);
#1554 = VERTEX_POINT('',#1555);
#1555 = CARTESIAN_POINT('',(-0.6,0.85,0.));
#1556 = VERTEX_POINT('',#1557);
#1557 = CARTESIAN_POINT('',(-0.6,0.85,0.15));
#1558 = LINE('',#1559,#1560);
#1559 = CARTESIAN_POINT('',(-0.6,0.85,0.));
#1560 = VECTOR('',#1561,1.);
#1561 = DIRECTION('',(0.,0.,1.));
#1562 = ORIENTED_EDGE('',*,*,#1563,.T.);
#1563 = EDGE_CURVE('',#1556,#1564,#1566,.T.);
#1564 = VERTEX_POINT('',#1565);
#1565 = CARTESIAN_POINT('',(-0.6,0.45,0.15));
#1566 = LINE('',#1567,#1568);
#1567 = CARTESIAN_POINT('',(-0.6,0.85,0.15));
#1568 = VECTOR('',#1569,1.);
#1569 = DIRECTION('',(-0.,-1.,-0.));
#1570 = ORIENTED_EDGE('',*,*,#1571,.F.);
#1571 = EDGE_CURVE('',#1572,#1564,#1574,.T.);
#1572 = VERTEX_POINT('',#1573);
#1573 = CARTESIAN_POINT('',(-0.6,0.45,0.));
#1574 = LINE('',#1575,#1576);
#1575 = CARTESIAN_POINT('',(-0.6,0.45,0.));
#1576 = VECTOR('',#1577,1.);
#1577 = DIRECTION('',(0.,0.,1.));
#1578 = ORIENTED_EDGE('',*,*,#1579,.F.);
#1579 = EDGE_CURVE('',#1554,#1572,#1580,.T.);
#1580 = LINE('',#1581,#1582);
#1581 = CARTESIAN_POINT('',(-0.6,0.85,0.));
#1582 = VECTOR('',#1583,1.);
#1583 = DIRECTION('',(-0.,-1.,-0.));
#1584 = PLANE('',#1585);
#1585 = AXIS2_PLACEMENT_3D('',#1586,#1587,#1588);
#1586 = CARTESIAN_POINT('',(-0.6,0.85,0.));
#1587 = DIRECTION('',(-1.,-0.,-0.));
#1588 = DIRECTION('',(0.,1.,0.));
#1589 = ADVANCED_FACE('',(#1590),#1615,.F.);
#1590 = FACE_BOUND('',#1591,.T.);
#1591 = EDGE_LOOP('',(#1592,#1593,#1601,#1609));
#1592 = ORIENTED_EDGE('',*,*,#1579,.T.);
#1593 = ORIENTED_EDGE('',*,*,#1594,.T.);
#1594 = EDGE_CURVE('',#1572,#1595,#1597,.T.);
#1595 = VERTEX_POINT('',#1596);
#1596 = CARTESIAN_POINT('',(-1.169369686595,0.45,0.));
#1597 = LINE('',#1598,#1599);
#1598 = CARTESIAN_POINT('',(-0.6,0.45,0.));
#1599 = VECTOR('',#1600,1.);
#1600 = DIRECTION('',(-1.,-0.,-0.));
#1601 = ORIENTED_EDGE('',*,*,#1602,.T.);
#1602 = EDGE_CURVE('',#1595,#1603,#1605,.T.);
#1603 = VERTEX_POINT('',#1604);
#1604 = CARTESIAN_POINT('',(-1.169369686595,0.85,0.));
#1605 = LINE('',#1606,#1607);
#1606 = CARTESIAN_POINT('',(-1.169369686595,0.45,0.));
#1607 = VECTOR('',#1608,1.);
#1608 = DIRECTION('',(0.,1.,0.));
#1609 = ORIENTED_EDGE('',*,*,#1610,.T.);
#1610 = EDGE_CURVE('',#1603,#1554,#1611,.T.);
#1611 = LINE('',#1612,#1613);
#1612 = CARTESIAN_POINT('',(-1.169369686595,0.85,0.));
#1613 = VECTOR('',#1614,1.);
#1614 = DIRECTION('',(1.,0.,0.));
#1615 = PLANE('',#1616);
#1616 = AXIS2_PLACEMENT_3D('',#1617,#1618,#1619);
#1617 = CARTESIAN_POINT('',(-0.884684843298,0.65,0.));
#1618 = DIRECTION('',(0.,0.,1.));
#1619 = DIRECTION('',(1.,0.,0.));
#1620 = ADVANCED_FACE('',(#1621),#1646,.T.);
#1621 = FACE_BOUND('',#1622,.F.);
#1622 = EDGE_LOOP('',(#1623,#1624,#1632,#1640));
#1623 = ORIENTED_EDGE('',*,*,#1563,.T.);
#1624 = ORIENTED_EDGE('',*,*,#1625,.T.);
#1625 = EDGE_CURVE('',#1564,#1626,#1628,.T.);
#1626 = VERTEX_POINT('',#1627);
#1627 = CARTESIAN_POINT('',(-1.169369686595,0.45,0.15));
#1628 = LINE('',#1629,#1630);
#1629 = CARTESIAN_POINT('',(-0.6,0.45,0.15));
#1630 = VECTOR('',#1631,1.);
#1631 = DIRECTION('',(-1.,-0.,-0.));
#1632 = ORIENTED_EDGE('',*,*,#1633,.T.);
#1633 = EDGE_CURVE('',#1626,#1634,#1636,.T.);
#1634 = VERTEX_POINT('',#1635);
#1635 = CARTESIAN_POINT('',(-1.169369686595,0.85,0.15));
#1636 = LINE('',#1637,#1638);
#1637 = CARTESIAN_POINT('',(-1.169369686595,0.45,0.15));
#1638 = VECTOR('',#1639,1.);
#1639 = DIRECTION('',(0.,1.,0.));
#1640 = ORIENTED_EDGE('',*,*,#1641,.T.);
#1641 = EDGE_CURVE('',#1634,#1556,#1642,.T.);
#1642 = LINE('',#1643,#1644);
#1643 = CARTESIAN_POINT('',(-1.169369686595,0.85,0.15));
#1644 = VECTOR('',#1645,1.);
#1645 = DIRECTION('',(1.,0.,0.));
#1646 = PLANE('',#1647);
#1647 = AXIS2_PLACEMENT_3D('',#1648,#1649,#1650);
#1648 = CARTESIAN_POINT('',(-0.884684843298,0.65,0.15));
#1649 = DIRECTION('',(0.,0.,1.));
#1650 = DIRECTION('',(1.,0.,0.));
#1651 = ADVANCED_FACE('',(#1652),#1679,.T.);
#1652 = FACE_BOUND('',#1653,.T.);
#1653 = EDGE_LOOP('',(#1654,#1663,#1671,#1678));
#1654 = ORIENTED_EDGE('',*,*,#1655,.T.);
#1655 = EDGE_CURVE('',#1595,#1656,#1658,.T.);
#1656 = VERTEX_POINT('',#1657);
#1657 = CARTESIAN_POINT('',(-1.329369686595,0.45,0.16));
#1658 = CIRCLE('',#1659,0.16);
#1659 = AXIS2_PLACEMENT_3D('',#1660,#1661,#1662);
#1660 = CARTESIAN_POINT('',(-1.169369686595,0.45,0.16));
#1661 = DIRECTION('',(0.,1.,0.));
#1662 = DIRECTION('',(-0.,-0.,-1.));
#1663 = ORIENTED_EDGE('',*,*,#1664,.T.);
#1664 = EDGE_CURVE('',#1656,#1665,#1667,.T.);
#1665 = VERTEX_POINT('',#1666);
#1666 = CARTESIAN_POINT('',(-1.329369686595,0.85,0.16));
#1667 = LINE('',#1668,#1669);
#1668 = CARTESIAN_POINT('',(-1.329369686595,0.45,0.16));
#1669 = VECTOR('',#1670,1.);
#1670 = DIRECTION('',(0.,1.,0.));
#1671 = ORIENTED_EDGE('',*,*,#1672,.F.);
#1672 = EDGE_CURVE('',#1603,#1665,#1673,.T.);
#1673 = CIRCLE('',#1674,0.16);
#1674 = AXIS2_PLACEMENT_3D('',#1675,#1676,#1677);
#1675 = CARTESIAN_POINT('',(-1.169369686595,0.85,0.16));
#1676 = DIRECTION('',(0.,1.,0.));
#1677 = DIRECTION('',(-0.,-0.,-1.));
#1678 = ORIENTED_EDGE('',*,*,#1602,.F.);
#1679 = CYLINDRICAL_SURFACE('',#1680,0.16);
#1680 = AXIS2_PLACEMENT_3D('',#1681,#1682,#1683);
#1681 = CARTESIAN_POINT('',(-1.169369686595,0.45,0.16));
#1682 = DIRECTION('',(0.,1.,0.));
#1683 = DIRECTION('',(-0.,-0.,-1.));
#1684 = ADVANCED_FACE('',(#1685),#1712,.F.);
#1685 = FACE_BOUND('',#1686,.T.);
#1686 = EDGE_LOOP('',(#1687,#1696,#1704,#1711));
#1687 = ORIENTED_EDGE('',*,*,#1688,.T.);
#1688 = EDGE_CURVE('',#1634,#1689,#1691,.T.);
#1689 = VERTEX_POINT('',#1690);
#1690 = CARTESIAN_POINT('',(-1.179369686595,0.85,0.16));
#1691 = CIRCLE('',#1692,1.E-02);
#1692 = AXIS2_PLACEMENT_3D('',#1693,#1694,#1695);
#1693 = CARTESIAN_POINT('',(-1.169369686595,0.85,0.16));
#1694 = DIRECTION('',(0.,1.,0.));
#1695 = DIRECTION('',(-0.,-0.,-1.));
#1696 = ORIENTED_EDGE('',*,*,#1697,.T.);
#1697 = EDGE_CURVE('',#1689,#1698,#1700,.T.);
#1698 = VERTEX_POINT('',#1699);
#1699 = CARTESIAN_POINT('',(-1.179369686595,0.45,0.16));
#1700 = LINE('',#1701,#1702);
#1701 = CARTESIAN_POINT('',(-1.179369686595,0.85,0.16));
#1702 = VECTOR('',#1703,1.);
#1703 = DIRECTION('',(0.,-1.,0.));
#1704 = ORIENTED_EDGE('',*,*,#1705,.F.);
#1705 = EDGE_CURVE('',#1626,#1698,#1706,.T.);
#1706 = CIRCLE('',#1707,1.E-02);
#1707 = AXIS2_PLACEMENT_3D('',#1708,#1709,#1710);
#1708 = CARTESIAN_POINT('',(-1.169369686595,0.45,0.16));
#1709 = DIRECTION('',(0.,1.,0.));
#1710 = DIRECTION('',(-0.,-0.,-1.));
#1711 = ORIENTED_EDGE('',*,*,#1633,.T.);
#1712 = CYLINDRICAL_SURFACE('',#1713,1.E-02);
#1713 = AXIS2_PLACEMENT_3D('',#1714,#1715,#1716);
#1714 = CARTESIAN_POINT('',(-1.169369686595,0.85,0.16));
#1715 = DIRECTION('',(0.,-1.,0.));
#1716 = DIRECTION('',(-0.,-0.,-1.));
#1717 = ADVANCED_FACE('',(#1718),#1743,.F.);
#1718 = FACE_BOUND('',#1719,.T.);
#1719 = EDGE_LOOP('',(#1720,#1721,#1729,#1737));
#1720 = ORIENTED_EDGE('',*,*,#1664,.F.);
#1721 = ORIENTED_EDGE('',*,*,#1722,.T.);
#1722 = EDGE_CURVE('',#1656,#1723,#1725,.T.);
#1723 = VERTEX_POINT('',#1724);
#1724 = CARTESIAN_POINT('',(-1.329369686595,0.45,0.24));
#1725 = LINE('',#1726,#1727);
#1726 = CARTESIAN_POINT('',(-1.329369686595,0.45,0.16));
#1727 = VECTOR('',#1728,1.);
#1728 = DIRECTION('',(-1.110223024625E-16,0.,1.));
#1729 = ORIENTED_EDGE('',*,*,#1730,.T.);
#1730 = EDGE_CURVE('',#1723,#1731,#1733,.T.);
#1731 = VERTEX_POINT('',#1732);
#1732 = CARTESIAN_POINT('',(-1.329369686595,0.85,0.24));
#1733 = LINE('',#1734,#1735);
#1734 = CARTESIAN_POINT('',(-1.329369686595,0.45,0.24));
#1735 = VECTOR('',#1736,1.);
#1736 = DIRECTION('',(0.,1.,0.));
#1737 = ORIENTED_EDGE('',*,*,#1738,.T.);
#1738 = EDGE_CURVE('',#1731,#1665,#1739,.T.);
#1739 = LINE('',#1740,#1741);
#1740 = CARTESIAN_POINT('',(-1.329369686595,0.85,0.4));
#1741 = VECTOR('',#1742,1.);
#1742 = DIRECTION('',(1.110223024625E-16,-0.,-1.));
#1743 = PLANE('',#1744);
#1744 = AXIS2_PLACEMENT_3D('',#1745,#1746,#1747);
#1745 = CARTESIAN_POINT('',(-1.329369686595,0.65,0.28));
#1746 = DIRECTION('',(1.,0.,1.110223024625E-16));
#1747 = DIRECTION('',(1.110223024625E-16,0.,-1.));
#1748 = ADVANCED_FACE('',(#1749),#1774,.T.);
#1749 = FACE_BOUND('',#1750,.F.);
#1750 = EDGE_LOOP('',(#1751,#1759,#1760,#1768));
#1751 = ORIENTED_EDGE('',*,*,#1752,.T.);
#1752 = EDGE_CURVE('',#1753,#1689,#1755,.T.);
#1753 = VERTEX_POINT('',#1754);
#1754 = CARTESIAN_POINT('',(-1.179369686595,0.85,0.24));
#1755 = LINE('',#1756,#1757);
#1756 = CARTESIAN_POINT('',(-1.179369686595,0.85,0.4));
#1757 = VECTOR('',#1758,1.);
#1758 = DIRECTION('',(1.110223024625E-16,-0.,-1.));
#1759 = ORIENTED_EDGE('',*,*,#1697,.T.);
#1760 = ORIENTED_EDGE('',*,*,#1761,.T.);
#1761 = EDGE_CURVE('',#1698,#1762,#1764,.T.);
#1762 = VERTEX_POINT('',#1763);
#1763 = CARTESIAN_POINT('',(-1.179369686595,0.45,0.24));
#1764 = LINE('',#1765,#1766);
#1765 = CARTESIAN_POINT('',(-1.179369686595,0.45,0.16));
#1766 = VECTOR('',#1767,1.);
#1767 = DIRECTION('',(-1.110223024625E-16,0.,1.));
#1768 = ORIENTED_EDGE('',*,*,#1769,.F.);
#1769 = EDGE_CURVE('',#1753,#1762,#1770,.T.);
#1770 = LINE('',#1771,#1772);
#1771 = CARTESIAN_POINT('',(-1.179369686595,0.85,0.24));
#1772 = VECTOR('',#1773,1.);
#1773 = DIRECTION('',(-0.,-1.,-0.));
#1774 = PLANE('',#1775);
#1775 = AXIS2_PLACEMENT_3D('',#1776,#1777,#1778);
#1776 = CARTESIAN_POINT('',(-1.179369686595,0.65,0.28));
#1777 = DIRECTION('',(1.,0.,1.110223024625E-16));
#1778 = DIRECTION('',(1.110223024625E-16,0.,-1.));
#1779 = ADVANCED_FACE('',(#1780),#1807,.T.);
#1780 = FACE_BOUND('',#1781,.T.);
#1781 = EDGE_LOOP('',(#1782,#1791,#1799,#1806));
#1782 = ORIENTED_EDGE('',*,*,#1783,.T.);
#1783 = EDGE_CURVE('',#1723,#1784,#1786,.T.);
#1784 = VERTEX_POINT('',#1785);
#1785 = CARTESIAN_POINT('',(-1.169369686595,0.45,0.4));
#1786 = CIRCLE('',#1787,0.16);
#1787 = AXIS2_PLACEMENT_3D('',#1788,#1789,#1790);
#1788 = CARTESIAN_POINT('',(-1.169369686595,0.45,0.24));
#1789 = DIRECTION('',(0.,1.,0.));
#1790 = DIRECTION('',(-1.,-0.,-0.));
#1791 = ORIENTED_EDGE('',*,*,#1792,.T.);
#1792 = EDGE_CURVE('',#1784,#1793,#1795,.T.);
#1793 = VERTEX_POINT('',#1794);
#1794 = CARTESIAN_POINT('',(-1.169369686595,0.85,0.4));
#1795 = LINE('',#1796,#1797);
#1796 = CARTESIAN_POINT('',(-1.169369686595,0.45,0.4));
#1797 = VECTOR('',#1798,1.);
#1798 = DIRECTION('',(0.,1.,0.));
#1799 = ORIENTED_EDGE('',*,*,#1800,.F.);
#1800 = EDGE_CURVE('',#1731,#1793,#1801,.T.);
#1801 = CIRCLE('',#1802,0.16);
#1802 = AXIS2_PLACEMENT_3D('',#1803,#1804,#1805);
#1803 = CARTESIAN_POINT('',(-1.169369686595,0.85,0.24));
#1804 = DIRECTION('',(0.,1.,0.));
#1805 = DIRECTION('',(-1.,-0.,-0.));
#1806 = ORIENTED_EDGE('',*,*,#1730,.F.);
#1807 = CYLINDRICAL_SURFACE('',#1808,0.16);
#1808 = AXIS2_PLACEMENT_3D('',#1809,#1810,#1811);
#1809 = CARTESIAN_POINT('',(-1.169369686595,0.45,0.24));
#1810 = DIRECTION('',(0.,1.,0.));
#1811 = DIRECTION('',(-1.,-0.,-0.));
#1812 = ADVANCED_FACE('',(#1813),#1840,.F.);
#1813 = FACE_BOUND('',#1814,.T.);
#1814 = EDGE_LOOP('',(#1815,#1824,#1832,#1839));
#1815 = ORIENTED_EDGE('',*,*,#1816,.T.);
#1816 = EDGE_CURVE('',#1753,#1817,#1819,.T.);
#1817 = VERTEX_POINT('',#1818);
#1818 = CARTESIAN_POINT('',(-1.169369686595,0.85,0.25));
#1819 = CIRCLE('',#1820,1.E-02);
#1820 = AXIS2_PLACEMENT_3D('',#1821,#1822,#1823);
#1821 = CARTESIAN_POINT('',(-1.169369686595,0.85,0.24));
#1822 = DIRECTION('',(0.,1.,0.));
#1823 = DIRECTION('',(-1.,-0.,-0.));
#1824 = ORIENTED_EDGE('',*,*,#1825,.T.);
#1825 = EDGE_CURVE('',#1817,#1826,#1828,.T.);
#1826 = VERTEX_POINT('',#1827);
#1827 = CARTESIAN_POINT('',(-1.169369686595,0.45,0.25));
#1828 = LINE('',#1829,#1830);
#1829 = CARTESIAN_POINT('',(-1.169369686595,0.85,0.25));
#1830 = VECTOR('',#1831,1.);
#1831 = DIRECTION('',(0.,-1.,0.));
#1832 = ORIENTED_EDGE('',*,*,#1833,.F.);
#1833 = EDGE_CURVE('',#1762,#1826,#1834,.T.);
#1834 = CIRCLE('',#1835,1.E-02);
#1835 = AXIS2_PLACEMENT_3D('',#1836,#1837,#1838);
#1836 = CARTESIAN_POINT('',(-1.169369686595,0.45,0.24));
#1837 = DIRECTION('',(0.,1.,0.));
#1838 = DIRECTION('',(-1.,-0.,-0.));
#1839 = ORIENTED_EDGE('',*,*,#1769,.F.);
#1840 = CYLINDRICAL_SURFACE('',#1841,1.E-02);
#1841 = AXIS2_PLACEMENT_3D('',#1842,#1843,#1844);
#1842 = CARTESIAN_POINT('',(-1.169369686595,0.85,0.24));
#1843 = DIRECTION('',(0.,-1.,0.));
#1844 = DIRECTION('',(-1.,-0.,-0.));
#1845 = ADVANCED_FACE('',(#1846),#1871,.F.);
#1846 = FACE_BOUND('',#1847,.T.);
#1847 = EDGE_LOOP('',(#1848,#1856,#1864,#1870));
#1848 = ORIENTED_EDGE('',*,*,#1849,.F.);
#1849 = EDGE_CURVE('',#1850,#1784,#1852,.T.);
#1850 = VERTEX_POINT('',#1851);
#1851 = CARTESIAN_POINT('',(-1.149621811957,0.45,0.25));
#1852 = LINE('',#1853,#1854);
#1853 = CARTESIAN_POINT('',(-1.143039187078,0.45,0.2));
#1854 = VECTOR('',#1855,1.);
#1855 = DIRECTION('',(-0.13052619222,2.201449825487E-16,0.991444861374)
  );
#1856 = ORIENTED_EDGE('',*,*,#1857,.F.);
#1857 = EDGE_CURVE('',#1858,#1850,#1860,.T.);
#1858 = VERTEX_POINT('',#1859);
#1859 = CARTESIAN_POINT('',(-1.149621811957,0.85,0.25));
#1860 = LINE('',#1861,#1862);
#1861 = CARTESIAN_POINT('',(-1.149621811957,0.55,0.25));
#1862 = VECTOR('',#1863,1.);
#1863 = DIRECTION('',(2.923272681419E-17,-1.,3.245484638169E-33));
#1864 = ORIENTED_EDGE('',*,*,#1865,.F.);
#1865 = EDGE_CURVE('',#1793,#1858,#1866,.T.);
#1866 = LINE('',#1867,#1868);
#1867 = CARTESIAN_POINT('',(-1.146072795474,0.85,0.22304254345));
#1868 = VECTOR('',#1869,1.);
#1869 = DIRECTION('',(0.13052619222,0.,-0.991444861374));
#1870 = ORIENTED_EDGE('',*,*,#1792,.F.);
#1871 = PLANE('',#1872);
#1872 = AXIS2_PLACEMENT_3D('',#1873,#1874,#1875);
#1873 = CARTESIAN_POINT('',(-1.143039187078,0.45,0.2));
#1874 = DIRECTION('',(-0.991444861374,-2.898263678387E-17,-0.13052619222
    ));
#1875 = DIRECTION('',(0.13052619222,-2.201449825487E-16,-0.991444861374)
  );
#1876 = ADVANCED_FACE('',(#1877),#1893,.T.);
#1877 = FACE_BOUND('',#1878,.F.);
#1878 = EDGE_LOOP('',(#1879,#1885,#1886,#1892));
#1879 = ORIENTED_EDGE('',*,*,#1880,.T.);
#1880 = EDGE_CURVE('',#1858,#1817,#1881,.T.);
#1881 = LINE('',#1882,#1883);
#1882 = CARTESIAN_POINT('',(-1.119369686595,0.85,0.25));
#1883 = VECTOR('',#1884,1.);
#1884 = DIRECTION('',(-1.,0.,-1.110223024625E-16));
#1885 = ORIENTED_EDGE('',*,*,#1825,.T.);
#1886 = ORIENTED_EDGE('',*,*,#1887,.T.);
#1887 = EDGE_CURVE('',#1826,#1850,#1888,.T.);
#1888 = LINE('',#1889,#1890);
#1889 = CARTESIAN_POINT('',(-1.169369686595,0.45,0.25));
#1890 = VECTOR('',#1891,1.);
#1891 = DIRECTION('',(1.,0.,1.110223024625E-16));
#1892 = ORIENTED_EDGE('',*,*,#1857,.F.);
#1893 = PLANE('',#1894);
#1894 = AXIS2_PLACEMENT_3D('',#1895,#1896,#1897);
#1895 = CARTESIAN_POINT('',(-1.144369686595,0.65,0.25));
#1896 = DIRECTION('',(1.110223024625E-16,-0.,-1.));
#1897 = DIRECTION('',(1.,0.,1.110223024625E-16));
#1898 = ADVANCED_FACE('',(#1899),#1912,.T.);
#1899 = FACE_BOUND('',#1900,.F.);
#1900 = EDGE_LOOP('',(#1901,#1902,#1903,#1904,#1905,#1906,#1907,#1908,
    #1909,#1910,#1911));
#1901 = ORIENTED_EDGE('',*,*,#1553,.T.);
#1902 = ORIENTED_EDGE('',*,*,#1641,.F.);
#1903 = ORIENTED_EDGE('',*,*,#1688,.T.);
#1904 = ORIENTED_EDGE('',*,*,#1752,.F.);
#1905 = ORIENTED_EDGE('',*,*,#1816,.T.);
#1906 = ORIENTED_EDGE('',*,*,#1880,.F.);
#1907 = ORIENTED_EDGE('',*,*,#1865,.F.);
#1908 = ORIENTED_EDGE('',*,*,#1800,.F.);
#1909 = ORIENTED_EDGE('',*,*,#1738,.T.);
#1910 = ORIENTED_EDGE('',*,*,#1672,.F.);
#1911 = ORIENTED_EDGE('',*,*,#1610,.T.);
#1912 = PLANE('',#1913);
#1913 = AXIS2_PLACEMENT_3D('',#1914,#1915,#1916);
#1914 = CARTESIAN_POINT('',(-1.007328513815,0.85,0.134260617178));
#1915 = DIRECTION('',(0.,1.,0.));
#1916 = DIRECTION('',(0.,0.,-1.));
#1917 = ADVANCED_FACE('',(#1918),#1931,.T.);
#1918 = FACE_BOUND('',#1919,.F.);
#1919 = EDGE_LOOP('',(#1920,#1921,#1922,#1923,#1924,#1925,#1926,#1927,
    #1928,#1929,#1930));
#1920 = ORIENTED_EDGE('',*,*,#1571,.F.);
#1921 = ORIENTED_EDGE('',*,*,#1594,.T.);
#1922 = ORIENTED_EDGE('',*,*,#1655,.T.);
#1923 = ORIENTED_EDGE('',*,*,#1722,.T.);
#1924 = ORIENTED_EDGE('',*,*,#1783,.T.);
#1925 = ORIENTED_EDGE('',*,*,#1849,.F.);
#1926 = ORIENTED_EDGE('',*,*,#1887,.F.);
#1927 = ORIENTED_EDGE('',*,*,#1833,.F.);
#1928 = ORIENTED_EDGE('',*,*,#1761,.F.);
#1929 = ORIENTED_EDGE('',*,*,#1705,.F.);
#1930 = ORIENTED_EDGE('',*,*,#1625,.F.);
#1931 = PLANE('',#1932);
#1932 = AXIS2_PLACEMENT_3D('',#1933,#1934,#1935);
#1933 = CARTESIAN_POINT('',(-1.007328513815,0.45,0.134260617178));
#1934 = DIRECTION('',(0.,-1.,0.));
#1935 = DIRECTION('',(0.,0.,1.));
#1936 = MANIFOLD_SOLID_BREP('',#1937);
#1937 = CLOSED_SHELL('',(#1938,#1978,#2009,#2040,#2073,#2106,#2137,#2168
    ,#2201,#2234,#2265,#2287,#2306));
#1938 = ADVANCED_FACE('',(#1939),#1973,.F.);
#1939 = FACE_BOUND('',#1940,.F.);
#1940 = EDGE_LOOP('',(#1941,#1951,#1959,#1967));
#1941 = ORIENTED_EDGE('',*,*,#1942,.T.);
#1942 = EDGE_CURVE('',#1943,#1945,#1947,.T.);
#1943 = VERTEX_POINT('',#1944);
#1944 = CARTESIAN_POINT('',(0.6,-0.45,0.));
#1945 = VERTEX_POINT('',#1946);
#1946 = CARTESIAN_POINT('',(0.6,-0.45,0.15));
#1947 = LINE('',#1948,#1949);
#1948 = CARTESIAN_POINT('',(0.6,-0.45,0.));
#1949 = VECTOR('',#1950,1.);
#1950 = DIRECTION('',(0.,0.,1.));
#1951 = ORIENTED_EDGE('',*,*,#1952,.T.);
#1952 = EDGE_CURVE('',#1945,#1953,#1955,.T.);
#1953 = VERTEX_POINT('',#1954);
#1954 = CARTESIAN_POINT('',(0.6,-0.85,0.15));
#1955 = LINE('',#1956,#1957);
#1956 = CARTESIAN_POINT('',(0.6,-0.45,0.15));
#1957 = VECTOR('',#1958,1.);
#1958 = DIRECTION('',(0.,-1.,0.));
#1959 = ORIENTED_EDGE('',*,*,#1960,.F.);
#1960 = EDGE_CURVE('',#1961,#1953,#1963,.T.);
#1961 = VERTEX_POINT('',#1962);
#1962 = CARTESIAN_POINT('',(0.6,-0.85,0.));
#1963 = LINE('',#1964,#1965);
#1964 = CARTESIAN_POINT('',(0.6,-0.85,0.));
#1965 = VECTOR('',#1966,1.);
#1966 = DIRECTION('',(0.,0.,1.));
#1967 = ORIENTED_EDGE('',*,*,#1968,.F.);
#1968 = EDGE_CURVE('',#1943,#1961,#1969,.T.);
#1969 = LINE('',#1970,#1971);
#1970 = CARTESIAN_POINT('',(0.6,-0.45,0.));
#1971 = VECTOR('',#1972,1.);
#1972 = DIRECTION('',(0.,-1.,0.));
#1973 = PLANE('',#1974);
#1974 = AXIS2_PLACEMENT_3D('',#1975,#1976,#1977);
#1975 = CARTESIAN_POINT('',(0.6,-0.45,0.));
#1976 = DIRECTION('',(1.,0.,0.));
#1977 = DIRECTION('',(0.,-1.,0.));
#1978 = ADVANCED_FACE('',(#1979),#2004,.F.);
#1979 = FACE_BOUND('',#1980,.F.);
#1980 = EDGE_LOOP('',(#1981,#1982,#1990,#1998));
#1981 = ORIENTED_EDGE('',*,*,#1968,.T.);
#1982 = ORIENTED_EDGE('',*,*,#1983,.T.);
#1983 = EDGE_CURVE('',#1961,#1984,#1986,.T.);
#1984 = VERTEX_POINT('',#1985);
#1985 = CARTESIAN_POINT('',(1.169369686595,-0.85,0.));
#1986 = LINE('',#1987,#1988);
#1987 = CARTESIAN_POINT('',(0.6,-0.85,0.));
#1988 = VECTOR('',#1989,1.);
#1989 = DIRECTION('',(1.,0.,0.));
#1990 = ORIENTED_EDGE('',*,*,#1991,.T.);
#1991 = EDGE_CURVE('',#1984,#1992,#1994,.T.);
#1992 = VERTEX_POINT('',#1993);
#1993 = CARTESIAN_POINT('',(1.169369686595,-0.45,0.));
#1994 = LINE('',#1995,#1996);
#1995 = CARTESIAN_POINT('',(1.169369686595,-0.85,0.));
#1996 = VECTOR('',#1997,1.);
#1997 = DIRECTION('',(0.,1.,0.));
#1998 = ORIENTED_EDGE('',*,*,#1999,.T.);
#1999 = EDGE_CURVE('',#1992,#1943,#2000,.T.);
#2000 = LINE('',#2001,#2002);
#2001 = CARTESIAN_POINT('',(1.169369686595,-0.45,0.));
#2002 = VECTOR('',#2003,1.);
#2003 = DIRECTION('',(-1.,0.,0.));
#2004 = PLANE('',#2005);
#2005 = AXIS2_PLACEMENT_3D('',#2006,#2007,#2008);
#2006 = CARTESIAN_POINT('',(0.884684843298,-0.65,0.));
#2007 = DIRECTION('',(0.,0.,1.));
#2008 = DIRECTION('',(1.,0.,0.));
#2009 = ADVANCED_FACE('',(#2010),#2035,.T.);
#2010 = FACE_BOUND('',#2011,.T.);
#2011 = EDGE_LOOP('',(#2012,#2013,#2021,#2029));
#2012 = ORIENTED_EDGE('',*,*,#1952,.T.);
#2013 = ORIENTED_EDGE('',*,*,#2014,.T.);
#2014 = EDGE_CURVE('',#1953,#2015,#2017,.T.);
#2015 = VERTEX_POINT('',#2016);
#2016 = CARTESIAN_POINT('',(1.169369686595,-0.85,0.15));
#2017 = LINE('',#2018,#2019);
#2018 = CARTESIAN_POINT('',(0.6,-0.85,0.15));
#2019 = VECTOR('',#2020,1.);
#2020 = DIRECTION('',(1.,0.,0.));
#2021 = ORIENTED_EDGE('',*,*,#2022,.T.);
#2022 = EDGE_CURVE('',#2015,#2023,#2025,.T.);
#2023 = VERTEX_POINT('',#2024);
#2024 = CARTESIAN_POINT('',(1.169369686595,-0.45,0.15));
#2025 = LINE('',#2026,#2027);
#2026 = CARTESIAN_POINT('',(1.169369686595,-0.85,0.15));
#2027 = VECTOR('',#2028,1.);
#2028 = DIRECTION('',(0.,1.,0.));
#2029 = ORIENTED_EDGE('',*,*,#2030,.T.);
#2030 = EDGE_CURVE('',#2023,#1945,#2031,.T.);
#2031 = LINE('',#2032,#2033);
#2032 = CARTESIAN_POINT('',(1.169369686595,-0.45,0.15));
#2033 = VECTOR('',#2034,1.);
#2034 = DIRECTION('',(-1.,0.,0.));
#2035 = PLANE('',#2036);
#2036 = AXIS2_PLACEMENT_3D('',#2037,#2038,#2039);
#2037 = CARTESIAN_POINT('',(0.884684843298,-0.65,0.15));
#2038 = DIRECTION('',(0.,0.,1.));
#2039 = DIRECTION('',(1.,0.,0.));
#2040 = ADVANCED_FACE('',(#2041),#2068,.T.);
#2041 = FACE_BOUND('',#2042,.F.);
#2042 = EDGE_LOOP('',(#2043,#2052,#2060,#2067));
#2043 = ORIENTED_EDGE('',*,*,#2044,.T.);
#2044 = EDGE_CURVE('',#1984,#2045,#2047,.T.);
#2045 = VERTEX_POINT('',#2046);
#2046 = CARTESIAN_POINT('',(1.329369686595,-0.85,0.16));
#2047 = CIRCLE('',#2048,0.16);
#2048 = AXIS2_PLACEMENT_3D('',#2049,#2050,#2051);
#2049 = CARTESIAN_POINT('',(1.169369686595,-0.85,0.16));
#2050 = DIRECTION('',(0.,-1.,0.));
#2051 = DIRECTION('',(0.,0.,-1.));
#2052 = ORIENTED_EDGE('',*,*,#2053,.T.);
#2053 = EDGE_CURVE('',#2045,#2054,#2056,.T.);
#2054 = VERTEX_POINT('',#2055);
#2055 = CARTESIAN_POINT('',(1.329369686595,-0.45,0.16));
#2056 = LINE('',#2057,#2058);
#2057 = CARTESIAN_POINT('',(1.329369686595,-0.85,0.16));
#2058 = VECTOR('',#2059,1.);
#2059 = DIRECTION('',(0.,1.,0.));
#2060 = ORIENTED_EDGE('',*,*,#2061,.F.);
#2061 = EDGE_CURVE('',#1992,#2054,#2062,.T.);
#2062 = CIRCLE('',#2063,0.16);
#2063 = AXIS2_PLACEMENT_3D('',#2064,#2065,#2066);
#2064 = CARTESIAN_POINT('',(1.169369686595,-0.45,0.16));
#2065 = DIRECTION('',(0.,-1.,0.));
#2066 = DIRECTION('',(0.,0.,-1.));
#2067 = ORIENTED_EDGE('',*,*,#1991,.F.);
#2068 = CYLINDRICAL_SURFACE('',#2069,0.16);
#2069 = AXIS2_PLACEMENT_3D('',#2070,#2071,#2072);
#2070 = CARTESIAN_POINT('',(1.169369686595,-0.85,0.16));
#2071 = DIRECTION('',(0.,1.,0.));
#2072 = DIRECTION('',(0.,0.,-1.));
#2073 = ADVANCED_FACE('',(#2074),#2101,.F.);
#2074 = FACE_BOUND('',#2075,.F.);
#2075 = EDGE_LOOP('',(#2076,#2085,#2093,#2100));
#2076 = ORIENTED_EDGE('',*,*,#2077,.T.);
#2077 = EDGE_CURVE('',#2023,#2078,#2080,.T.);
#2078 = VERTEX_POINT('',#2079);
#2079 = CARTESIAN_POINT('',(1.179369686595,-0.45,0.16));
#2080 = CIRCLE('',#2081,1.E-02);
#2081 = AXIS2_PLACEMENT_3D('',#2082,#2083,#2084);
#2082 = CARTESIAN_POINT('',(1.169369686595,-0.45,0.16));
#2083 = DIRECTION('',(0.,-1.,0.));
#2084 = DIRECTION('',(0.,0.,-1.));
#2085 = ORIENTED_EDGE('',*,*,#2086,.T.);
#2086 = EDGE_CURVE('',#2078,#2087,#2089,.T.);
#2087 = VERTEX_POINT('',#2088);
#2088 = CARTESIAN_POINT('',(1.179369686595,-0.85,0.16));
#2089 = LINE('',#2090,#2091);
#2090 = CARTESIAN_POINT('',(1.179369686595,-0.45,0.16));
#2091 = VECTOR('',#2092,1.);
#2092 = DIRECTION('',(0.,-1.,0.));
#2093 = ORIENTED_EDGE('',*,*,#2094,.F.);
#2094 = EDGE_CURVE('',#2015,#2087,#2095,.T.);
#2095 = CIRCLE('',#2096,1.E-02);
#2096 = AXIS2_PLACEMENT_3D('',#2097,#2098,#2099);
#2097 = CARTESIAN_POINT('',(1.169369686595,-0.85,0.16));
#2098 = DIRECTION('',(0.,-1.,0.));
#2099 = DIRECTION('',(0.,0.,-1.));
#2100 = ORIENTED_EDGE('',*,*,#2022,.T.);
#2101 = CYLINDRICAL_SURFACE('',#2102,1.E-02);
#2102 = AXIS2_PLACEMENT_3D('',#2103,#2104,#2105);
#2103 = CARTESIAN_POINT('',(1.169369686595,-0.45,0.16));
#2104 = DIRECTION('',(-0.,-1.,-0.));
#2105 = DIRECTION('',(0.,0.,-1.));
#2106 = ADVANCED_FACE('',(#2107),#2132,.F.);
#2107 = FACE_BOUND('',#2108,.F.);
#2108 = EDGE_LOOP('',(#2109,#2110,#2118,#2126));
#2109 = ORIENTED_EDGE('',*,*,#2053,.F.);
#2110 = ORIENTED_EDGE('',*,*,#2111,.T.);
#2111 = EDGE_CURVE('',#2045,#2112,#2114,.T.);
#2112 = VERTEX_POINT('',#2113);
#2113 = CARTESIAN_POINT('',(1.329369686595,-0.85,0.24));
#2114 = LINE('',#2115,#2116);
#2115 = CARTESIAN_POINT('',(1.329369686595,-0.85,0.16));
#2116 = VECTOR('',#2117,1.);
#2117 = DIRECTION('',(1.110223024625E-16,0.,1.));
#2118 = ORIENTED_EDGE('',*,*,#2119,.T.);
#2119 = EDGE_CURVE('',#2112,#2120,#2122,.T.);
#2120 = VERTEX_POINT('',#2121);
#2121 = CARTESIAN_POINT('',(1.329369686595,-0.45,0.24));
#2122 = LINE('',#2123,#2124);
#2123 = CARTESIAN_POINT('',(1.329369686595,-0.85,0.24));
#2124 = VECTOR('',#2125,1.);
#2125 = DIRECTION('',(0.,1.,0.));
#2126 = ORIENTED_EDGE('',*,*,#2127,.T.);
#2127 = EDGE_CURVE('',#2120,#2054,#2128,.T.);
#2128 = LINE('',#2129,#2130);
#2129 = CARTESIAN_POINT('',(1.329369686595,-0.45,0.4));
#2130 = VECTOR('',#2131,1.);
#2131 = DIRECTION('',(-1.110223024625E-16,0.,-1.));
#2132 = PLANE('',#2133);
#2133 = AXIS2_PLACEMENT_3D('',#2134,#2135,#2136);
#2134 = CARTESIAN_POINT('',(1.329369686595,-0.65,0.28));
#2135 = DIRECTION('',(-1.,0.,1.110223024625E-16));
#2136 = DIRECTION('',(1.110223024625E-16,0.,1.));
#2137 = ADVANCED_FACE('',(#2138),#2163,.T.);
#2138 = FACE_BOUND('',#2139,.T.);
#2139 = EDGE_LOOP('',(#2140,#2148,#2149,#2157));
#2140 = ORIENTED_EDGE('',*,*,#2141,.T.);
#2141 = EDGE_CURVE('',#2142,#2078,#2144,.T.);
#2142 = VERTEX_POINT('',#2143);
#2143 = CARTESIAN_POINT('',(1.179369686595,-0.45,0.24));
#2144 = LINE('',#2145,#2146);
#2145 = CARTESIAN_POINT('',(1.179369686595,-0.45,0.4));
#2146 = VECTOR('',#2147,1.);
#2147 = DIRECTION('',(-1.110223024625E-16,0.,-1.));
#2148 = ORIENTED_EDGE('',*,*,#2086,.T.);
#2149 = ORIENTED_EDGE('',*,*,#2150,.T.);
#2150 = EDGE_CURVE('',#2087,#2151,#2153,.T.);
#2151 = VERTEX_POINT('',#2152);
#2152 = CARTESIAN_POINT('',(1.179369686595,-0.85,0.24));
#2153 = LINE('',#2154,#2155);
#2154 = CARTESIAN_POINT('',(1.179369686595,-0.85,0.16));
#2155 = VECTOR('',#2156,1.);
#2156 = DIRECTION('',(1.110223024625E-16,0.,1.));
#2157 = ORIENTED_EDGE('',*,*,#2158,.F.);
#2158 = EDGE_CURVE('',#2142,#2151,#2159,.T.);
#2159 = LINE('',#2160,#2161);
#2160 = CARTESIAN_POINT('',(1.179369686595,-0.45,0.24));
#2161 = VECTOR('',#2162,1.);
#2162 = DIRECTION('',(0.,-1.,0.));
#2163 = PLANE('',#2164);
#2164 = AXIS2_PLACEMENT_3D('',#2165,#2166,#2167);
#2165 = CARTESIAN_POINT('',(1.179369686595,-0.65,0.28));
#2166 = DIRECTION('',(-1.,0.,1.110223024625E-16));
#2167 = DIRECTION('',(1.110223024625E-16,0.,1.));
#2168 = ADVANCED_FACE('',(#2169),#2196,.T.);
#2169 = FACE_BOUND('',#2170,.F.);
#2170 = EDGE_LOOP('',(#2171,#2180,#2188,#2195));
#2171 = ORIENTED_EDGE('',*,*,#2172,.T.);
#2172 = EDGE_CURVE('',#2112,#2173,#2175,.T.);
#2173 = VERTEX_POINT('',#2174);
#2174 = CARTESIAN_POINT('',(1.169369686595,-0.85,0.4));
#2175 = CIRCLE('',#2176,0.16);
#2176 = AXIS2_PLACEMENT_3D('',#2177,#2178,#2179);
#2177 = CARTESIAN_POINT('',(1.169369686595,-0.85,0.24));
#2178 = DIRECTION('',(0.,-1.,0.));
#2179 = DIRECTION('',(1.,0.,0.));
#2180 = ORIENTED_EDGE('',*,*,#2181,.T.);
#2181 = EDGE_CURVE('',#2173,#2182,#2184,.T.);
#2182 = VERTEX_POINT('',#2183);
#2183 = CARTESIAN_POINT('',(1.169369686595,-0.45,0.4));
#2184 = LINE('',#2185,#2186);
#2185 = CARTESIAN_POINT('',(1.169369686595,-0.85,0.4));
#2186 = VECTOR('',#2187,1.);
#2187 = DIRECTION('',(0.,1.,0.));
#2188 = ORIENTED_EDGE('',*,*,#2189,.F.);
#2189 = EDGE_CURVE('',#2120,#2182,#2190,.T.);
#2190 = CIRCLE('',#2191,0.16);
#2191 = AXIS2_PLACEMENT_3D('',#2192,#2193,#2194);
#2192 = CARTESIAN_POINT('',(1.169369686595,-0.45,0.24));
#2193 = DIRECTION('',(0.,-1.,0.));
#2194 = DIRECTION('',(1.,0.,0.));
#2195 = ORIENTED_EDGE('',*,*,#2119,.F.);
#2196 = CYLINDRICAL_SURFACE('',#2197,0.16);
#2197 = AXIS2_PLACEMENT_3D('',#2198,#2199,#2200);
#2198 = CARTESIAN_POINT('',(1.169369686595,-0.85,0.24));
#2199 = DIRECTION('',(0.,1.,0.));
#2200 = DIRECTION('',(1.,0.,0.));
#2201 = ADVANCED_FACE('',(#2202),#2229,.F.);
#2202 = FACE_BOUND('',#2203,.F.);
#2203 = EDGE_LOOP('',(#2204,#2213,#2221,#2228));
#2204 = ORIENTED_EDGE('',*,*,#2205,.T.);
#2205 = EDGE_CURVE('',#2142,#2206,#2208,.T.);
#2206 = VERTEX_POINT('',#2207);
#2207 = CARTESIAN_POINT('',(1.169369686595,-0.45,0.25));
#2208 = CIRCLE('',#2209,1.E-02);
#2209 = AXIS2_PLACEMENT_3D('',#2210,#2211,#2212);
#2210 = CARTESIAN_POINT('',(1.169369686595,-0.45,0.24));
#2211 = DIRECTION('',(0.,-1.,0.));
#2212 = DIRECTION('',(1.,0.,0.));
#2213 = ORIENTED_EDGE('',*,*,#2214,.T.);
#2214 = EDGE_CURVE('',#2206,#2215,#2217,.T.);
#2215 = VERTEX_POINT('',#2216);
#2216 = CARTESIAN_POINT('',(1.169369686595,-0.85,0.25));
#2217 = LINE('',#2218,#2219);
#2218 = CARTESIAN_POINT('',(1.169369686595,-0.45,0.25));
#2219 = VECTOR('',#2220,1.);
#2220 = DIRECTION('',(0.,-1.,0.));
#2221 = ORIENTED_EDGE('',*,*,#2222,.F.);
#2222 = EDGE_CURVE('',#2151,#2215,#2223,.T.);
#2223 = CIRCLE('',#2224,1.E-02);
#2224 = AXIS2_PLACEMENT_3D('',#2225,#2226,#2227);
#2225 = CARTESIAN_POINT('',(1.169369686595,-0.85,0.24));
#2226 = DIRECTION('',(0.,-1.,0.));
#2227 = DIRECTION('',(1.,0.,0.));
#2228 = ORIENTED_EDGE('',*,*,#2158,.F.);
#2229 = CYLINDRICAL_SURFACE('',#2230,1.E-02);
#2230 = AXIS2_PLACEMENT_3D('',#2231,#2232,#2233);
#2231 = CARTESIAN_POINT('',(1.169369686595,-0.45,0.24));
#2232 = DIRECTION('',(-0.,-1.,-0.));
#2233 = DIRECTION('',(1.,0.,0.));
#2234 = ADVANCED_FACE('',(#2235),#2260,.F.);
#2235 = FACE_BOUND('',#2236,.F.);
#2236 = EDGE_LOOP('',(#2237,#2245,#2253,#2259));
#2237 = ORIENTED_EDGE('',*,*,#2238,.F.);
#2238 = EDGE_CURVE('',#2239,#2173,#2241,.T.);
#2239 = VERTEX_POINT('',#2240);
#2240 = CARTESIAN_POINT('',(1.149621811957,-0.85,0.25));
#2241 = LINE('',#2242,#2243);
#2242 = CARTESIAN_POINT('',(1.143039187078,-0.85,0.2));
#2243 = VECTOR('',#2244,1.);
#2244 = DIRECTION('',(0.13052619222,2.201449825487E-16,0.991444861374));
#2245 = ORIENTED_EDGE('',*,*,#2246,.F.);
#2246 = EDGE_CURVE('',#2247,#2239,#2249,.T.);
#2247 = VERTEX_POINT('',#2248);
#2248 = CARTESIAN_POINT('',(1.149621811957,-0.45,0.25));
#2249 = LINE('',#2250,#2251);
#2250 = CARTESIAN_POINT('',(1.149621811957,-0.75,0.25));
#2251 = VECTOR('',#2252,1.);
#2252 = DIRECTION('',(-2.923272681419E-17,-1.,3.245484638169E-33));
#2253 = ORIENTED_EDGE('',*,*,#2254,.F.);
#2254 = EDGE_CURVE('',#2182,#2247,#2255,.T.);
#2255 = LINE('',#2256,#2257);
#2256 = CARTESIAN_POINT('',(1.146072795474,-0.45,0.22304254345));
#2257 = VECTOR('',#2258,1.);
#2258 = DIRECTION('',(-0.13052619222,0.,-0.991444861374));
#2259 = ORIENTED_EDGE('',*,*,#2181,.F.);
#2260 = PLANE('',#2261);
#2261 = AXIS2_PLACEMENT_3D('',#2262,#2263,#2264);
#2262 = CARTESIAN_POINT('',(1.143039187078,-0.85,0.2));
#2263 = DIRECTION('',(0.991444861374,-2.898263678387E-17,-0.13052619222)
  );
#2264 = DIRECTION('',(0.13052619222,2.201449825487E-16,0.991444861374));
#2265 = ADVANCED_FACE('',(#2266),#2282,.T.);
#2266 = FACE_BOUND('',#2267,.T.);
#2267 = EDGE_LOOP('',(#2268,#2274,#2275,#2281));
#2268 = ORIENTED_EDGE('',*,*,#2269,.T.);
#2269 = EDGE_CURVE('',#2247,#2206,#2270,.T.);
#2270 = LINE('',#2271,#2272);
#2271 = CARTESIAN_POINT('',(1.119369686595,-0.45,0.25));
#2272 = VECTOR('',#2273,1.);
#2273 = DIRECTION('',(1.,0.,-1.110223024625E-16));
#2274 = ORIENTED_EDGE('',*,*,#2214,.T.);
#2275 = ORIENTED_EDGE('',*,*,#2276,.T.);
#2276 = EDGE_CURVE('',#2215,#2239,#2277,.T.);
#2277 = LINE('',#2278,#2279);
#2278 = CARTESIAN_POINT('',(1.169369686595,-0.85,0.25));
#2279 = VECTOR('',#2280,1.);
#2280 = DIRECTION('',(-1.,0.,1.110223024625E-16));
#2281 = ORIENTED_EDGE('',*,*,#2246,.F.);
#2282 = PLANE('',#2283);
#2283 = AXIS2_PLACEMENT_3D('',#2284,#2285,#2286);
#2284 = CARTESIAN_POINT('',(1.144369686595,-0.65,0.25));
#2285 = DIRECTION('',(-1.110223024625E-16,-0.,-1.));
#2286 = DIRECTION('',(1.,0.,-1.110223024625E-16));
#2287 = ADVANCED_FACE('',(#2288),#2301,.T.);
#2288 = FACE_BOUND('',#2289,.T.);
#2289 = EDGE_LOOP('',(#2290,#2291,#2292,#2293,#2294,#2295,#2296,#2297,
    #2298,#2299,#2300));
#2290 = ORIENTED_EDGE('',*,*,#1942,.T.);
#2291 = ORIENTED_EDGE('',*,*,#2030,.F.);
#2292 = ORIENTED_EDGE('',*,*,#2077,.T.);
#2293 = ORIENTED_EDGE('',*,*,#2141,.F.);
#2294 = ORIENTED_EDGE('',*,*,#2205,.T.);
#2295 = ORIENTED_EDGE('',*,*,#2269,.F.);
#2296 = ORIENTED_EDGE('',*,*,#2254,.F.);
#2297 = ORIENTED_EDGE('',*,*,#2189,.F.);
#2298 = ORIENTED_EDGE('',*,*,#2127,.T.);
#2299 = ORIENTED_EDGE('',*,*,#2061,.F.);
#2300 = ORIENTED_EDGE('',*,*,#1999,.T.);
#2301 = PLANE('',#2302);
#2302 = AXIS2_PLACEMENT_3D('',#2303,#2304,#2305);
#2303 = CARTESIAN_POINT('',(1.007328513815,-0.45,0.134260617178));
#2304 = DIRECTION('',(0.,1.,0.));
#2305 = DIRECTION('',(0.,0.,1.));
#2306 = ADVANCED_FACE('',(#2307),#2320,.T.);
#2307 = FACE_BOUND('',#2308,.T.);
#2308 = EDGE_LOOP('',(#2309,#2310,#2311,#2312,#2313,#2314,#2315,#2316,
    #2317,#2318,#2319));
#2309 = ORIENTED_EDGE('',*,*,#1960,.F.);
#2310 = ORIENTED_EDGE('',*,*,#1983,.T.);
#2311 = ORIENTED_EDGE('',*,*,#2044,.T.);
#2312 = ORIENTED_EDGE('',*,*,#2111,.T.);
#2313 = ORIENTED_EDGE('',*,*,#2172,.T.);
#2314 = ORIENTED_EDGE('',*,*,#2238,.F.);
#2315 = ORIENTED_EDGE('',*,*,#2276,.F.);
#2316 = ORIENTED_EDGE('',*,*,#2222,.F.);
#2317 = ORIENTED_EDGE('',*,*,#2150,.F.);
#2318 = ORIENTED_EDGE('',*,*,#2094,.F.);
#2319 = ORIENTED_EDGE('',*,*,#2014,.F.);
#2320 = PLANE('',#2321);
#2321 = AXIS2_PLACEMENT_3D('',#2322,#2323,#2324);
#2322 = CARTESIAN_POINT('',(1.007328513815,-0.85,0.134260617178));
#2323 = DIRECTION('',(-0.,-1.,-0.));
#2324 = DIRECTION('',(0.,0.,-1.));
#2325 = MANIFOLD_SOLID_BREP('',#2326);
#2326 = CLOSED_SHELL('',(#2327,#2367,#2398,#2429,#2462,#2495,#2526,#2557
    ,#2590,#2623,#2654,#2676,#2695));
#2327 = ADVANCED_FACE('',(#2328),#2362,.F.);
#2328 = FACE_BOUND('',#2329,.F.);
#2329 = EDGE_LOOP('',(#2330,#2340,#2348,#2356));
#2330 = ORIENTED_EDGE('',*,*,#2331,.T.);
#2331 = EDGE_CURVE('',#2332,#2334,#2336,.T.);
#2332 = VERTEX_POINT('',#2333);
#2333 = CARTESIAN_POINT('',(0.6,0.85,0.));
#2334 = VERTEX_POINT('',#2335);
#2335 = CARTESIAN_POINT('',(0.6,0.85,0.15));
#2336 = LINE('',#2337,#2338);
#2337 = CARTESIAN_POINT('',(0.6,0.85,0.));
#2338 = VECTOR('',#2339,1.);
#2339 = DIRECTION('',(0.,0.,1.));
#2340 = ORIENTED_EDGE('',*,*,#2341,.T.);
#2341 = EDGE_CURVE('',#2334,#2342,#2344,.T.);
#2342 = VERTEX_POINT('',#2343);
#2343 = CARTESIAN_POINT('',(0.6,0.45,0.15));
#2344 = LINE('',#2345,#2346);
#2345 = CARTESIAN_POINT('',(0.6,0.85,0.15));
#2346 = VECTOR('',#2347,1.);
#2347 = DIRECTION('',(0.,-1.,0.));
#2348 = ORIENTED_EDGE('',*,*,#2349,.F.);
#2349 = EDGE_CURVE('',#2350,#2342,#2352,.T.);
#2350 = VERTEX_POINT('',#2351);
#2351 = CARTESIAN_POINT('',(0.6,0.45,0.));
#2352 = LINE('',#2353,#2354);
#2353 = CARTESIAN_POINT('',(0.6,0.45,0.));
#2354 = VECTOR('',#2355,1.);
#2355 = DIRECTION('',(0.,0.,1.));
#2356 = ORIENTED_EDGE('',*,*,#2357,.F.);
#2357 = EDGE_CURVE('',#2332,#2350,#2358,.T.);
#2358 = LINE('',#2359,#2360);
#2359 = CARTESIAN_POINT('',(0.6,0.85,0.));
#2360 = VECTOR('',#2361,1.);
#2361 = DIRECTION('',(0.,-1.,0.));
#2362 = PLANE('',#2363);
#2363 = AXIS2_PLACEMENT_3D('',#2364,#2365,#2366);
#2364 = CARTESIAN_POINT('',(0.6,0.85,0.));
#2365 = DIRECTION('',(1.,0.,0.));
#2366 = DIRECTION('',(0.,-1.,0.));
#2367 = ADVANCED_FACE('',(#2368),#2393,.F.);
#2368 = FACE_BOUND('',#2369,.F.);
#2369 = EDGE_LOOP('',(#2370,#2371,#2379,#2387));
#2370 = ORIENTED_EDGE('',*,*,#2357,.T.);
#2371 = ORIENTED_EDGE('',*,*,#2372,.T.);
#2372 = EDGE_CURVE('',#2350,#2373,#2375,.T.);
#2373 = VERTEX_POINT('',#2374);
#2374 = CARTESIAN_POINT('',(1.169369686595,0.45,0.));
#2375 = LINE('',#2376,#2377);
#2376 = CARTESIAN_POINT('',(0.6,0.45,0.));
#2377 = VECTOR('',#2378,1.);
#2378 = DIRECTION('',(1.,0.,0.));
#2379 = ORIENTED_EDGE('',*,*,#2380,.T.);
#2380 = EDGE_CURVE('',#2373,#2381,#2383,.T.);
#2381 = VERTEX_POINT('',#2382);
#2382 = CARTESIAN_POINT('',(1.169369686595,0.85,0.));
#2383 = LINE('',#2384,#2385);
#2384 = CARTESIAN_POINT('',(1.169369686595,0.45,0.));
#2385 = VECTOR('',#2386,1.);
#2386 = DIRECTION('',(0.,1.,0.));
#2387 = ORIENTED_EDGE('',*,*,#2388,.T.);
#2388 = EDGE_CURVE('',#2381,#2332,#2389,.T.);
#2389 = LINE('',#2390,#2391);
#2390 = CARTESIAN_POINT('',(1.169369686595,0.85,0.));
#2391 = VECTOR('',#2392,1.);
#2392 = DIRECTION('',(-1.,0.,0.));
#2393 = PLANE('',#2394);
#2394 = AXIS2_PLACEMENT_3D('',#2395,#2396,#2397);
#2395 = CARTESIAN_POINT('',(0.884684843298,0.65,0.));
#2396 = DIRECTION('',(0.,0.,1.));
#2397 = DIRECTION('',(1.,0.,0.));
#2398 = ADVANCED_FACE('',(#2399),#2424,.T.);
#2399 = FACE_BOUND('',#2400,.T.);
#2400 = EDGE_LOOP('',(#2401,#2402,#2410,#2418));
#2401 = ORIENTED_EDGE('',*,*,#2341,.T.);
#2402 = ORIENTED_EDGE('',*,*,#2403,.T.);
#2403 = EDGE_CURVE('',#2342,#2404,#2406,.T.);
#2404 = VERTEX_POINT('',#2405);
#2405 = CARTESIAN_POINT('',(1.169369686595,0.45,0.15));
#2406 = LINE('',#2407,#2408);
#2407 = CARTESIAN_POINT('',(0.6,0.45,0.15));
#2408 = VECTOR('',#2409,1.);
#2409 = DIRECTION('',(1.,0.,0.));
#2410 = ORIENTED_EDGE('',*,*,#2411,.T.);
#2411 = EDGE_CURVE('',#2404,#2412,#2414,.T.);
#2412 = VERTEX_POINT('',#2413);
#2413 = CARTESIAN_POINT('',(1.169369686595,0.85,0.15));
#2414 = LINE('',#2415,#2416);
#2415 = CARTESIAN_POINT('',(1.169369686595,0.45,0.15));
#2416 = VECTOR('',#2417,1.);
#2417 = DIRECTION('',(0.,1.,0.));
#2418 = ORIENTED_EDGE('',*,*,#2419,.T.);
#2419 = EDGE_CURVE('',#2412,#2334,#2420,.T.);
#2420 = LINE('',#2421,#2422);
#2421 = CARTESIAN_POINT('',(1.169369686595,0.85,0.15));
#2422 = VECTOR('',#2423,1.);
#2423 = DIRECTION('',(-1.,0.,0.));
#2424 = PLANE('',#2425);
#2425 = AXIS2_PLACEMENT_3D('',#2426,#2427,#2428);
#2426 = CARTESIAN_POINT('',(0.884684843298,0.65,0.15));
#2427 = DIRECTION('',(0.,0.,1.));
#2428 = DIRECTION('',(1.,0.,0.));
#2429 = ADVANCED_FACE('',(#2430),#2457,.T.);
#2430 = FACE_BOUND('',#2431,.F.);
#2431 = EDGE_LOOP('',(#2432,#2441,#2449,#2456));
#2432 = ORIENTED_EDGE('',*,*,#2433,.T.);
#2433 = EDGE_CURVE('',#2373,#2434,#2436,.T.);
#2434 = VERTEX_POINT('',#2435);
#2435 = CARTESIAN_POINT('',(1.329369686595,0.45,0.16));
#2436 = CIRCLE('',#2437,0.16);
#2437 = AXIS2_PLACEMENT_3D('',#2438,#2439,#2440);
#2438 = CARTESIAN_POINT('',(1.169369686595,0.45,0.16));
#2439 = DIRECTION('',(0.,-1.,0.));
#2440 = DIRECTION('',(0.,0.,-1.));
#2441 = ORIENTED_EDGE('',*,*,#2442,.T.);
#2442 = EDGE_CURVE('',#2434,#2443,#2445,.T.);
#2443 = VERTEX_POINT('',#2444);
#2444 = CARTESIAN_POINT('',(1.329369686595,0.85,0.16));
#2445 = LINE('',#2446,#2447);
#2446 = CARTESIAN_POINT('',(1.329369686595,0.45,0.16));
#2447 = VECTOR('',#2448,1.);
#2448 = DIRECTION('',(0.,1.,0.));
#2449 = ORIENTED_EDGE('',*,*,#2450,.F.);
#2450 = EDGE_CURVE('',#2381,#2443,#2451,.T.);
#2451 = CIRCLE('',#2452,0.16);
#2452 = AXIS2_PLACEMENT_3D('',#2453,#2454,#2455);
#2453 = CARTESIAN_POINT('',(1.169369686595,0.85,0.16));
#2454 = DIRECTION('',(0.,-1.,0.));
#2455 = DIRECTION('',(0.,0.,-1.));
#2456 = ORIENTED_EDGE('',*,*,#2380,.F.);
#2457 = CYLINDRICAL_SURFACE('',#2458,0.16);
#2458 = AXIS2_PLACEMENT_3D('',#2459,#2460,#2461);
#2459 = CARTESIAN_POINT('',(1.169369686595,0.45,0.16));
#2460 = DIRECTION('',(0.,1.,0.));
#2461 = DIRECTION('',(0.,0.,-1.));
#2462 = ADVANCED_FACE('',(#2463),#2490,.F.);
#2463 = FACE_BOUND('',#2464,.F.);
#2464 = EDGE_LOOP('',(#2465,#2474,#2482,#2489));
#2465 = ORIENTED_EDGE('',*,*,#2466,.T.);
#2466 = EDGE_CURVE('',#2412,#2467,#2469,.T.);
#2467 = VERTEX_POINT('',#2468);
#2468 = CARTESIAN_POINT('',(1.179369686595,0.85,0.16));
#2469 = CIRCLE('',#2470,1.E-02);
#2470 = AXIS2_PLACEMENT_3D('',#2471,#2472,#2473);
#2471 = CARTESIAN_POINT('',(1.169369686595,0.85,0.16));
#2472 = DIRECTION('',(0.,-1.,0.));
#2473 = DIRECTION('',(0.,0.,-1.));
#2474 = ORIENTED_EDGE('',*,*,#2475,.T.);
#2475 = EDGE_CURVE('',#2467,#2476,#2478,.T.);
#2476 = VERTEX_POINT('',#2477);
#2477 = CARTESIAN_POINT('',(1.179369686595,0.45,0.16));
#2478 = LINE('',#2479,#2480);
#2479 = CARTESIAN_POINT('',(1.179369686595,0.85,0.16));
#2480 = VECTOR('',#2481,1.);
#2481 = DIRECTION('',(0.,-1.,0.));
#2482 = ORIENTED_EDGE('',*,*,#2483,.F.);
#2483 = EDGE_CURVE('',#2404,#2476,#2484,.T.);
#2484 = CIRCLE('',#2485,1.E-02);
#2485 = AXIS2_PLACEMENT_3D('',#2486,#2487,#2488);
#2486 = CARTESIAN_POINT('',(1.169369686595,0.45,0.16));
#2487 = DIRECTION('',(0.,-1.,0.));
#2488 = DIRECTION('',(0.,0.,-1.));
#2489 = ORIENTED_EDGE('',*,*,#2411,.T.);
#2490 = CYLINDRICAL_SURFACE('',#2491,1.E-02);
#2491 = AXIS2_PLACEMENT_3D('',#2492,#2493,#2494);
#2492 = CARTESIAN_POINT('',(1.169369686595,0.85,0.16));
#2493 = DIRECTION('',(-0.,-1.,-0.));
#2494 = DIRECTION('',(0.,0.,-1.));
#2495 = ADVANCED_FACE('',(#2496),#2521,.F.);
#2496 = FACE_BOUND('',#2497,.F.);
#2497 = EDGE_LOOP('',(#2498,#2499,#2507,#2515));
#2498 = ORIENTED_EDGE('',*,*,#2442,.F.);
#2499 = ORIENTED_EDGE('',*,*,#2500,.T.);
#2500 = EDGE_CURVE('',#2434,#2501,#2503,.T.);
#2501 = VERTEX_POINT('',#2502);
#2502 = CARTESIAN_POINT('',(1.329369686595,0.45,0.24));
#2503 = LINE('',#2504,#2505);
#2504 = CARTESIAN_POINT('',(1.329369686595,0.45,0.16));
#2505 = VECTOR('',#2506,1.);
#2506 = DIRECTION('',(1.110223024625E-16,0.,1.));
#2507 = ORIENTED_EDGE('',*,*,#2508,.T.);
#2508 = EDGE_CURVE('',#2501,#2509,#2511,.T.);
#2509 = VERTEX_POINT('',#2510);
#2510 = CARTESIAN_POINT('',(1.329369686595,0.85,0.24));
#2511 = LINE('',#2512,#2513);
#2512 = CARTESIAN_POINT('',(1.329369686595,0.45,0.24));
#2513 = VECTOR('',#2514,1.);
#2514 = DIRECTION('',(0.,1.,0.));
#2515 = ORIENTED_EDGE('',*,*,#2516,.T.);
#2516 = EDGE_CURVE('',#2509,#2443,#2517,.T.);
#2517 = LINE('',#2518,#2519);
#2518 = CARTESIAN_POINT('',(1.329369686595,0.85,0.4));
#2519 = VECTOR('',#2520,1.);
#2520 = DIRECTION('',(-1.110223024625E-16,0.,-1.));
#2521 = PLANE('',#2522);
#2522 = AXIS2_PLACEMENT_3D('',#2523,#2524,#2525);
#2523 = CARTESIAN_POINT('',(1.329369686595,0.65,0.28));
#2524 = DIRECTION('',(-1.,0.,1.110223024625E-16));
#2525 = DIRECTION('',(1.110223024625E-16,0.,1.));
#2526 = ADVANCED_FACE('',(#2527),#2552,.T.);
#2527 = FACE_BOUND('',#2528,.T.);
#2528 = EDGE_LOOP('',(#2529,#2537,#2538,#2546));
#2529 = ORIENTED_EDGE('',*,*,#2530,.T.);
#2530 = EDGE_CURVE('',#2531,#2467,#2533,.T.);
#2531 = VERTEX_POINT('',#2532);
#2532 = CARTESIAN_POINT('',(1.179369686595,0.85,0.24));
#2533 = LINE('',#2534,#2535);
#2534 = CARTESIAN_POINT('',(1.179369686595,0.85,0.4));
#2535 = VECTOR('',#2536,1.);
#2536 = DIRECTION('',(-1.110223024625E-16,0.,-1.));
#2537 = ORIENTED_EDGE('',*,*,#2475,.T.);
#2538 = ORIENTED_EDGE('',*,*,#2539,.T.);
#2539 = EDGE_CURVE('',#2476,#2540,#2542,.T.);
#2540 = VERTEX_POINT('',#2541);
#2541 = CARTESIAN_POINT('',(1.179369686595,0.45,0.24));
#2542 = LINE('',#2543,#2544);
#2543 = CARTESIAN_POINT('',(1.179369686595,0.45,0.16));
#2544 = VECTOR('',#2545,1.);
#2545 = DIRECTION('',(1.110223024625E-16,0.,1.));
#2546 = ORIENTED_EDGE('',*,*,#2547,.F.);
#2547 = EDGE_CURVE('',#2531,#2540,#2548,.T.);
#2548 = LINE('',#2549,#2550);
#2549 = CARTESIAN_POINT('',(1.179369686595,0.85,0.24));
#2550 = VECTOR('',#2551,1.);
#2551 = DIRECTION('',(0.,-1.,0.));
#2552 = PLANE('',#2553);
#2553 = AXIS2_PLACEMENT_3D('',#2554,#2555,#2556);
#2554 = CARTESIAN_POINT('',(1.179369686595,0.65,0.28));
#2555 = DIRECTION('',(-1.,0.,1.110223024625E-16));
#2556 = DIRECTION('',(1.110223024625E-16,0.,1.));
#2557 = ADVANCED_FACE('',(#2558),#2585,.T.);
#2558 = FACE_BOUND('',#2559,.F.);
#2559 = EDGE_LOOP('',(#2560,#2569,#2577,#2584));
#2560 = ORIENTED_EDGE('',*,*,#2561,.T.);
#2561 = EDGE_CURVE('',#2501,#2562,#2564,.T.);
#2562 = VERTEX_POINT('',#2563);
#2563 = CARTESIAN_POINT('',(1.169369686595,0.45,0.4));
#2564 = CIRCLE('',#2565,0.16);
#2565 = AXIS2_PLACEMENT_3D('',#2566,#2567,#2568);
#2566 = CARTESIAN_POINT('',(1.169369686595,0.45,0.24));
#2567 = DIRECTION('',(0.,-1.,0.));
#2568 = DIRECTION('',(1.,0.,0.));
#2569 = ORIENTED_EDGE('',*,*,#2570,.T.);
#2570 = EDGE_CURVE('',#2562,#2571,#2573,.T.);
#2571 = VERTEX_POINT('',#2572);
#2572 = CARTESIAN_POINT('',(1.169369686595,0.85,0.4));
#2573 = LINE('',#2574,#2575);
#2574 = CARTESIAN_POINT('',(1.169369686595,0.45,0.4));
#2575 = VECTOR('',#2576,1.);
#2576 = DIRECTION('',(0.,1.,0.));
#2577 = ORIENTED_EDGE('',*,*,#2578,.F.);
#2578 = EDGE_CURVE('',#2509,#2571,#2579,.T.);
#2579 = CIRCLE('',#2580,0.16);
#2580 = AXIS2_PLACEMENT_3D('',#2581,#2582,#2583);
#2581 = CARTESIAN_POINT('',(1.169369686595,0.85,0.24));
#2582 = DIRECTION('',(0.,-1.,0.));
#2583 = DIRECTION('',(1.,0.,0.));
#2584 = ORIENTED_EDGE('',*,*,#2508,.F.);
#2585 = CYLINDRICAL_SURFACE('',#2586,0.16);
#2586 = AXIS2_PLACEMENT_3D('',#2587,#2588,#2589);
#2587 = CARTESIAN_POINT('',(1.169369686595,0.45,0.24));
#2588 = DIRECTION('',(0.,1.,0.));
#2589 = DIRECTION('',(1.,0.,0.));
#2590 = ADVANCED_FACE('',(#2591),#2618,.F.);
#2591 = FACE_BOUND('',#2592,.F.);
#2592 = EDGE_LOOP('',(#2593,#2602,#2610,#2617));
#2593 = ORIENTED_EDGE('',*,*,#2594,.T.);
#2594 = EDGE_CURVE('',#2531,#2595,#2597,.T.);
#2595 = VERTEX_POINT('',#2596);
#2596 = CARTESIAN_POINT('',(1.169369686595,0.85,0.25));
#2597 = CIRCLE('',#2598,1.E-02);
#2598 = AXIS2_PLACEMENT_3D('',#2599,#2600,#2601);
#2599 = CARTESIAN_POINT('',(1.169369686595,0.85,0.24));
#2600 = DIRECTION('',(0.,-1.,0.));
#2601 = DIRECTION('',(1.,0.,0.));
#2602 = ORIENTED_EDGE('',*,*,#2603,.T.);
#2603 = EDGE_CURVE('',#2595,#2604,#2606,.T.);
#2604 = VERTEX_POINT('',#2605);
#2605 = CARTESIAN_POINT('',(1.169369686595,0.45,0.25));
#2606 = LINE('',#2607,#2608);
#2607 = CARTESIAN_POINT('',(1.169369686595,0.85,0.25));
#2608 = VECTOR('',#2609,1.);
#2609 = DIRECTION('',(0.,-1.,0.));
#2610 = ORIENTED_EDGE('',*,*,#2611,.F.);
#2611 = EDGE_CURVE('',#2540,#2604,#2612,.T.);
#2612 = CIRCLE('',#2613,1.E-02);
#2613 = AXIS2_PLACEMENT_3D('',#2614,#2615,#2616);
#2614 = CARTESIAN_POINT('',(1.169369686595,0.45,0.24));
#2615 = DIRECTION('',(0.,-1.,0.));
#2616 = DIRECTION('',(1.,0.,0.));
#2617 = ORIENTED_EDGE('',*,*,#2547,.F.);
#2618 = CYLINDRICAL_SURFACE('',#2619,1.E-02);
#2619 = AXIS2_PLACEMENT_3D('',#2620,#2621,#2622);
#2620 = CARTESIAN_POINT('',(1.169369686595,0.85,0.24));
#2621 = DIRECTION('',(-0.,-1.,-0.));
#2622 = DIRECTION('',(1.,0.,0.));
#2623 = ADVANCED_FACE('',(#2624),#2649,.F.);
#2624 = FACE_BOUND('',#2625,.F.);
#2625 = EDGE_LOOP('',(#2626,#2634,#2642,#2648));
#2626 = ORIENTED_EDGE('',*,*,#2627,.F.);
#2627 = EDGE_CURVE('',#2628,#2562,#2630,.T.);
#2628 = VERTEX_POINT('',#2629);
#2629 = CARTESIAN_POINT('',(1.149621811957,0.45,0.25));
#2630 = LINE('',#2631,#2632);
#2631 = CARTESIAN_POINT('',(1.143039187078,0.45,0.2));
#2632 = VECTOR('',#2633,1.);
#2633 = DIRECTION('',(0.13052619222,2.201449825487E-16,0.991444861374));
#2634 = ORIENTED_EDGE('',*,*,#2635,.F.);
#2635 = EDGE_CURVE('',#2636,#2628,#2638,.T.);
#2636 = VERTEX_POINT('',#2637);
#2637 = CARTESIAN_POINT('',(1.149621811957,0.85,0.25));
#2638 = LINE('',#2639,#2640);
#2639 = CARTESIAN_POINT('',(1.149621811957,0.55,0.25));
#2640 = VECTOR('',#2641,1.);
#2641 = DIRECTION('',(-2.923272681419E-17,-1.,3.245484638169E-33));
#2642 = ORIENTED_EDGE('',*,*,#2643,.F.);
#2643 = EDGE_CURVE('',#2571,#2636,#2644,.T.);
#2644 = LINE('',#2645,#2646);
#2645 = CARTESIAN_POINT('',(1.146072795474,0.85,0.22304254345));
#2646 = VECTOR('',#2647,1.);
#2647 = DIRECTION('',(-0.13052619222,0.,-0.991444861374));
#2648 = ORIENTED_EDGE('',*,*,#2570,.F.);
#2649 = PLANE('',#2650);
#2650 = AXIS2_PLACEMENT_3D('',#2651,#2652,#2653);
#2651 = CARTESIAN_POINT('',(1.143039187078,0.45,0.2));
#2652 = DIRECTION('',(0.991444861374,-2.898263678387E-17,-0.13052619222)
  );
#2653 = DIRECTION('',(0.13052619222,2.201449825487E-16,0.991444861374));
#2654 = ADVANCED_FACE('',(#2655),#2671,.T.);
#2655 = FACE_BOUND('',#2656,.T.);
#2656 = EDGE_LOOP('',(#2657,#2663,#2664,#2670));
#2657 = ORIENTED_EDGE('',*,*,#2658,.T.);
#2658 = EDGE_CURVE('',#2636,#2595,#2659,.T.);
#2659 = LINE('',#2660,#2661);
#2660 = CARTESIAN_POINT('',(1.119369686595,0.85,0.25));
#2661 = VECTOR('',#2662,1.);
#2662 = DIRECTION('',(1.,0.,-1.110223024625E-16));
#2663 = ORIENTED_EDGE('',*,*,#2603,.T.);
#2664 = ORIENTED_EDGE('',*,*,#2665,.T.);
#2665 = EDGE_CURVE('',#2604,#2628,#2666,.T.);
#2666 = LINE('',#2667,#2668);
#2667 = CARTESIAN_POINT('',(1.169369686595,0.45,0.25));
#2668 = VECTOR('',#2669,1.);
#2669 = DIRECTION('',(-1.,0.,1.110223024625E-16));
#2670 = ORIENTED_EDGE('',*,*,#2635,.F.);
#2671 = PLANE('',#2672);
#2672 = AXIS2_PLACEMENT_3D('',#2673,#2674,#2675);
#2673 = CARTESIAN_POINT('',(1.144369686595,0.65,0.25));
#2674 = DIRECTION('',(-1.110223024625E-16,-0.,-1.));
#2675 = DIRECTION('',(1.,0.,-1.110223024625E-16));
#2676 = ADVANCED_FACE('',(#2677),#2690,.T.);
#2677 = FACE_BOUND('',#2678,.T.);
#2678 = EDGE_LOOP('',(#2679,#2680,#2681,#2682,#2683,#2684,#2685,#2686,
    #2687,#2688,#2689));
#2679 = ORIENTED_EDGE('',*,*,#2331,.T.);
#2680 = ORIENTED_EDGE('',*,*,#2419,.F.);
#2681 = ORIENTED_EDGE('',*,*,#2466,.T.);
#2682 = ORIENTED_EDGE('',*,*,#2530,.F.);
#2683 = ORIENTED_EDGE('',*,*,#2594,.T.);
#2684 = ORIENTED_EDGE('',*,*,#2658,.F.);
#2685 = ORIENTED_EDGE('',*,*,#2643,.F.);
#2686 = ORIENTED_EDGE('',*,*,#2578,.F.);
#2687 = ORIENTED_EDGE('',*,*,#2516,.T.);
#2688 = ORIENTED_EDGE('',*,*,#2450,.F.);
#2689 = ORIENTED_EDGE('',*,*,#2388,.T.);
#2690 = PLANE('',#2691);
#2691 = AXIS2_PLACEMENT_3D('',#2692,#2693,#2694);
#2692 = CARTESIAN_POINT('',(1.007328513815,0.85,0.134260617178));
#2693 = DIRECTION('',(0.,1.,0.));
#2694 = DIRECTION('',(0.,0.,1.));
#2695 = ADVANCED_FACE('',(#2696),#2709,.T.);
#2696 = FACE_BOUND('',#2697,.T.);
#2697 = EDGE_LOOP('',(#2698,#2699,#2700,#2701,#2702,#2703,#2704,#2705,
    #2706,#2707,#2708));
#2698 = ORIENTED_EDGE('',*,*,#2349,.F.);
#2699 = ORIENTED_EDGE('',*,*,#2372,.T.);
#2700 = ORIENTED_EDGE('',*,*,#2433,.T.);
#2701 = ORIENTED_EDGE('',*,*,#2500,.T.);
#2702 = ORIENTED_EDGE('',*,*,#2561,.T.);
#2703 = ORIENTED_EDGE('',*,*,#2627,.F.);
#2704 = ORIENTED_EDGE('',*,*,#2665,.F.);
#2705 = ORIENTED_EDGE('',*,*,#2611,.F.);
#2706 = ORIENTED_EDGE('',*,*,#2539,.F.);
#2707 = ORIENTED_EDGE('',*,*,#2483,.F.);
#2708 = ORIENTED_EDGE('',*,*,#2403,.F.);
#2709 = PLANE('',#2710);
#2710 = AXIS2_PLACEMENT_3D('',#2711,#2712,#2713);
#2711 = CARTESIAN_POINT('',(1.007328513815,0.45,0.134260617178));
#2712 = DIRECTION('',(-0.,-1.,-0.));
#2713 = DIRECTION('',(0.,0.,-1.));
#2714 = ( GEOMETRIC_REPRESENTATION_CONTEXT(3) 
GLOBAL_UNCERTAINTY_ASSIGNED_CONTEXT((#2718)) 
GLOBAL_UNIT_ASSIGNED_CONTEXT((#2715,#2716,#2717)) REPRESENTATION_CONTEXT
('Context #1','3D Context with UNIT and UNCERTAINTY') );
#2715 = ( LENGTH_UNIT() NAMED_UNIT(*) SI_UNIT(.MILLI.,.METRE.) );
#2716 = ( NAMED_UNIT(*) PLANE_ANGLE_UNIT() SI_UNIT($,.RADIAN.) );
#2717 = ( NAMED_UNIT(*) SI_UNIT($,.STERADIAN.) SOLID_ANGLE_UNIT() );
#2718 = UNCERTAINTY_MEASURE_WITH_UNIT(LENGTH_MEASURE(1.E-06),#2715,
  'distance_accuracy_value','confusion accuracy');
#2719 = CONTEXT_DEPENDENT_SHAPE_REPRESENTATION(#2720,#2722);
#2720 = ( REPRESENTATION_RELATIONSHIP('','',#1157,#1134) 
REPRESENTATION_RELATIONSHIP_WITH_TRANSFORMATION(#2721) 
SHAPE_REPRESENTATION_RELATIONSHIP() );
#2721 = ITEM_DEFINED_TRANSFORMATION('','',#11,#1135);
#2722 = PRODUCT_DEFINITION_SHAPE('Placement','Placement of an item',
  #2723);
#2723 = NEXT_ASSEMBLY_USAGE_OCCURRENCE('2','Pins001','',#1129,#1152,$);
#2724 = PRODUCT_RELATED_PRODUCT_CATEGORY('part',$,(#1154));
#2725 = MECHANICAL_DESIGN_GEOMETRIC_PRESENTATION_REPRESENTATION('',(
    #2726),#1116);
#2726 = STYLED_ITEM('color',(#2727),#37);
#2727 = PRESENTATION_STYLE_ASSIGNMENT((#2728,#2734));
#2728 = SURFACE_STYLE_USAGE(.BOTH.,#2729);
#2729 = SURFACE_SIDE_STYLE('',(#2730));
#2730 = SURFACE_STYLE_FILL_AREA(#2731);
#2731 = FILL_AREA_STYLE('',(#2732));
#2732 = FILL_AREA_STYLE_COLOUR('',#2733);
#2733 = COLOUR_RGB('',0.898038980893,0.894118013647,0.815685975568);
#2734 = CURVE_STYLE('',#2735,POSITIVE_LENGTH_MEASURE(0.1),#2736);
#2735 = DRAUGHTING_PRE_DEFINED_CURVE_FONT('continuous');
#2736 = COLOUR_RGB('',9.803921802644E-02,9.803921802644E-02,
  9.803921802644E-02);
#2737 = MECHANICAL_DESIGN_GEOMETRIC_PRESENTATION_REPRESENTATION('',(
    #2738,#2748,#2757,#2766),#2714);
#2738 = STYLED_ITEM('color',(#2739),#1158);
#2739 = PRESENTATION_STYLE_ASSIGNMENT((#2740,#2746));
#2740 = SURFACE_STYLE_USAGE(.BOTH.,#2741);
#2741 = SURFACE_SIDE_STYLE('',(#2742));
#2742 = SURFACE_STYLE_FILL_AREA(#2743);
#2743 = FILL_AREA_STYLE('',(#2744));
#2744 = FILL_AREA_STYLE_COLOUR('',#2745);
#2745 = COLOUR_RGB('',0.827450977613,0.823529011197,0.784313985101);
#2746 = CURVE_STYLE('',#2747,POSITIVE_LENGTH_MEASURE(0.1),#2736);
#2747 = DRAUGHTING_PRE_DEFINED_CURVE_FONT('continuous');
#2748 = STYLED_ITEM('color',(#2749),#1547);
#2749 = PRESENTATION_STYLE_ASSIGNMENT((#2750,#2755));
#2750 = SURFACE_STYLE_USAGE(.BOTH.,#2751);
#2751 = SURFACE_SIDE_STYLE('',(#2752));
#2752 = SURFACE_STYLE_FILL_AREA(#2753);
#2753 = FILL_AREA_STYLE('',(#2754));
#2754 = FILL_AREA_STYLE_COLOUR('',#2745);
#2755 = CURVE_STYLE('',#2756,POSITIVE_LENGTH_MEASURE(0.1),#2736);
#2756 = DRAUGHTING_PRE_DEFINED_CURVE_FONT('continuous');
#2757 = STYLED_ITEM('color',(#2758),#1936);
#2758 = PRESENTATION_STYLE_ASSIGNMENT((#2759,#2764));
#2759 = SURFACE_STYLE_USAGE(.BOTH.,#2760);
#2760 = SURFACE_SIDE_STYLE('',(#2761));
#2761 = SURFACE_STYLE_FILL_AREA(#2762);
#2762 = FILL_AREA_STYLE('',(#2763));
#2763 = FILL_AREA_STYLE_COLOUR('',#2745);
#2764 = CURVE_STYLE('',#2765,POSITIVE_LENGTH_MEASURE(0.1),#2736);
#2765 = DRAUGHTING_PRE_DEFINED_CURVE_FONT('continuous');
#2766 = STYLED_ITEM('color',(#2767),#2325);
#2767 = PRESENTATION_STYLE_ASSIGNMENT((#2768,#2773));
#2768 = SURFACE_STYLE_USAGE(.BOTH.,#2769);
#2769 = SURFACE_SIDE_STYLE('',(#2770));
#2770 = SURFACE_STYLE_FILL_AREA(#2771);
#2771 = FILL_AREA_STYLE('',(#2772));
#2772 = FILL_AREA_STYLE_COLOUR('',#2745);
#2773 = CURVE_STYLE('',#2774,POSITIVE_LENGTH_MEASURE(0.1),#2736);
#2774 = DRAUGHTING_PRE_DEFINED_CURVE_FONT('continuous');
ENDSEC;
END-ISO-10303-21;
